"Watershed","date"
"2",2018-07-16
"2",2018-07-16
"2",2018-07-16
"2",2018-07-16
"2",2018-07-16
"2",2018-07-16
"2",2018-07-16
"2",2018-07-16
"2",2018-07-16
"2",2018-07-16
"2",2018-07-16
"2",2018-07-16
"2",2018-07-16
"2",2018-07-16
"2",2018-07-16
"2",2018-07-16
"2",2018-07-16
"2",2018-07-16
"2",2018-07-16
"2",2018-07-16
"2",2018-07-16
"2",2018-07-16
"2",2018-07-16
"2",2018-07-16
"2",2018-07-16
"2",2018-07-16
"2",2018-07-16
"2",2018-07-16
"2",2018-07-16
"2",2018-07-16
"2",2018-07-16
"2",2018-07-16
"2",2018-07-16
"2",2018-07-16
"2",2018-07-16
"2",2018-07-16
"2",2018-07-16
"2",2018-07-16
"2",2018-07-16
"2",2018-07-16
"2",2018-07-16
"2",2018-07-16
"2",2018-07-16
"2",2018-07-16
"2",2018-07-16
"2",2018-07-16
"2",2018-07-16
"2",2018-07-16
"2",2018-07-16
"2",2018-07-16
"2",2018-07-09
"2",2018-07-09
"2",2018-07-09
"2",2018-07-09
"2",2018-07-09
"2",2018-07-09
"2",2018-07-09
"2",2018-07-09
"2",2018-07-09
"2",2018-07-09
"2",2018-07-09
"2",2018-07-09
"2",2018-07-09
"2",2018-07-09
"2",2018-07-09
"2",2018-07-09
"2",2018-07-09
"2",2018-07-09
"2",2018-07-09
"2",2018-07-09
"2",2018-07-09
"2",2018-07-09
"2",2018-07-09
"2",2018-07-09
"2",2018-07-09
"2",2018-07-09
"2",2018-07-09
"2",2018-07-09
"2",2018-07-09
"2",2018-07-09
"2",2018-07-09
"2",2018-07-09
"2",2018-07-09
"2",2018-07-09
"2",2018-07-09
"2",2018-07-09
"2",2018-07-09
"2",2018-07-09
"2",2018-07-09
"2",2018-07-09
"2",2018-07-09
"2",2018-07-09
"2",2018-07-09
"2",2018-07-09
"2",2018-07-09
"2",2018-07-09
"2",2018-07-09
"2",2018-07-09
"2",2018-07-09
"2",2018-07-09
"2",2018-07-09
"2",2018-07-09
"2",2018-07-09
"2",2018-07-09
"2",2018-07-09
"2",2018-07-09
"2",2018-07-09
"2",2018-07-09
"2",2018-07-09
"2",2018-07-09
"2",2018-07-09
"2",2018-07-09
"2",2018-07-09
"2",2018-07-09
"2",2018-07-09
"2",2018-07-09
"2",2018-07-09
"2",2018-07-09
"2",2018-07-09
"2",2018-07-09
"2",2018-07-09
"2",2018-07-09
"2",2018-07-09
"2",2018-07-09
"2",2018-07-09
"2",2018-07-09
"2",2018-07-09
"2",2018-07-09
"2",2018-07-09
"2",2018-07-09
"2",2018-07-09
"2",2018-07-09
"2",2018-07-09
"2",2018-07-09
"2",2018-07-09
"2",2018-07-09
"2",2018-07-09
"2",2018-07-09
"2",2018-07-09
"2",2018-07-09
"2",2018-07-09
"2",2018-07-09
"2",2018-07-09
"2",2018-07-09
"2",2018-07-09
"2",2018-07-09
"2",2018-07-09
"2",2018-07-09
"2",2018-07-09
"2",2018-07-09
"4",2018-11-12
"4",2018-11-12
"4",2018-11-12
"4",2018-11-12
"4",2018-11-12
"4",2018-11-12
"4",2018-11-12
"4",2018-11-12
"4",2018-11-12
"4",2018-11-12
"4",2018-11-12
"4",2018-11-12
"4",2018-11-12
"4",2018-11-12
"4",2018-11-12
"4",2018-11-12
"4",2018-11-12
"4",2018-11-12
"4",2018-11-12
"4",2018-11-12
"4",2018-11-12
"4",2018-11-12
"4",2018-11-12
"4",2018-11-12
"4",2018-11-12
"4",2018-11-12
"4",2018-11-12
"4",2018-11-12
"4",2018-11-12
"4",2018-11-12
"4",2018-11-12
"4",2018-11-12
"4",2018-11-12
"4",2018-11-12
"4",2018-11-12
"4",2018-11-12
"4",2018-11-12
"4",2018-11-12
"4",2018-11-12
"4",2018-11-12
"4",2018-11-12
"4",2018-11-12
"4",2018-11-12
"4",2018-11-12
"4",2018-11-12
"4",2018-11-12
"4",2018-11-12
"4",2018-11-12
"4",2018-11-12
"4",2018-11-12
"4",2018-11-12
"4",2018-11-12
"4",2018-11-12
"4",2018-11-12
"4",2018-11-12
"4",2018-11-12
"4",2018-11-12
"4",2018-11-12
"4",2018-11-12
"4",2018-11-12
"4",2018-11-12
"4",2018-11-12
"4",2018-11-12
"4",2018-11-12
"4",2018-11-12
"4",2018-11-12
"4",2018-11-12
"4",2018-11-12
"4",2018-11-12
"4",2018-11-12
"4",2018-11-12
"4",2018-11-12
"4",2018-11-12
"4",2018-11-12
"4",2018-11-12
"4",2018-11-12
"4",2018-11-12
"4",2018-11-12
"4",2018-11-12
"4",2018-11-12
"4",2018-11-12
"4",2018-11-12
"4",2018-11-12
"4",2018-11-12
"4",2018-11-12
"4",2018-11-12
"4",2018-11-12
"4",2018-11-12
"4",2018-11-12
"4",2018-11-12
"4",2018-11-12
"4",2018-11-12
"4",2018-11-12
"4",2018-11-12
"4",2018-11-12
"4",2018-11-12
"4",2018-11-12
"4",2018-11-12
"4",2018-11-12
"4",2018-11-12
"4",2018-11-05
"4",2018-11-05
"4",2018-11-05
"4",2018-11-05
"4",2018-11-05
"4",2018-11-05
"4",2018-11-05
"4",2018-11-05
"4",2018-11-05
"4",2018-11-05
"4",2018-11-05
"4",2018-11-05
"4",2018-11-05
"4",2018-11-05
"4",2018-11-05
"4",2018-11-05
"4",2018-11-05
"4",2018-11-05
"4",2018-11-05
"4",2018-11-05
"4",2018-11-05
"4",2018-11-05
"4",2018-11-05
"4",2018-11-05
"4",2018-11-05
"4",2018-11-05
"4",2018-11-05
"4",2018-11-05
"4",2018-11-05
"4",2018-11-05
"4",2018-11-05
"4",2018-11-05
"4",2018-11-05
"4",2018-11-05
"4",2018-11-05
"4",2018-11-05
"4",2018-11-05
"4",2018-11-05
"4",2018-11-05
"4",2018-11-05
"4",2018-11-05
"4",2018-11-05
"4",2018-11-05
"4",2018-11-05
"4",2018-11-05
"4",2018-11-05
"4",2018-11-05
"4",2018-11-05
"4",2018-11-05
"4",2018-11-05
"4",2018-11-05
"4",2018-11-05
"4",2018-11-05
"4",2018-11-05
"4",2018-11-05
"4",2018-11-05
"4",2018-11-05
"4",2018-11-05
"4",2018-11-05
"4",2018-11-05
"4",2018-11-05
"4",2018-11-05
"4",2018-11-05
"4",2018-11-05
"4",2018-11-05
"4",2018-11-05
"4",2018-11-05
"4",2018-11-05
"4",2018-11-05
"4",2018-11-05
"4",2018-11-05
"4",2018-11-05
"4",2018-11-05
"4",2018-11-05
"4",2018-11-05
"4",2018-11-05
"4",2018-11-05
"4",2018-11-05
"4",2018-11-05
"4",2018-11-05
"4",2018-11-05
"4",2018-11-05
"4",2018-11-05
"4",2018-11-05
"4",2018-11-05
"4",2018-11-05
"4",2018-11-05
"4",2018-11-05
"4",2018-11-05
"4",2018-11-05
"4",2018-11-05
"4",2018-11-05
"4",2018-11-05
"4",2018-11-05
"4",2018-11-05
"4",2018-11-05
"4",2018-11-05
"4",2018-11-05
"4",2018-11-05
"4",2018-11-05
"4",2018-10-29
"4",2018-10-29
"4",2018-10-29
"4",2018-10-29
"4",2018-10-29
"4",2018-10-29
"4",2018-10-29
"4",2018-10-29
"4",2018-10-29
"4",2018-10-29
"4",2018-10-29
"4",2018-10-29
"4",2018-10-29
"4",2018-10-29
"4",2018-10-29
"4",2018-10-29
"4",2018-10-29
"4",2018-10-29
"4",2018-10-29
"4",2018-10-29
"4",2018-10-29
"4",2018-10-29
"4",2018-10-29
"4",2018-10-29
"4",2018-10-29
"4",2018-10-29
"4",2018-10-29
"4",2018-10-29
"4",2018-10-29
"4",2018-10-29
"4",2018-10-29
"4",2018-10-29
"4",2018-10-29
"4",2018-10-29
"4",2018-10-29
"4",2018-10-29
"4",2018-10-29
"4",2018-10-29
"4",2018-10-29
"4",2018-10-29
"4",2018-10-29
"4",2018-10-29
"4",2018-10-29
"4",2018-10-29
"4",2018-10-29
"4",2018-10-29
"4",2018-10-29
"4",2018-10-29
"4",2018-10-29
"4",2018-10-29
"4",2018-10-29
"4",2018-10-29
"4",2018-10-29
"4",2018-10-29
"4",2018-10-29
"4",2018-10-29
"4",2018-10-29
"4",2018-10-29
"4",2018-10-29
"4",2018-10-29
"4",2018-10-29
"4",2018-10-29
"4",2018-10-29
"4",2018-10-29
"4",2018-10-29
"4",2018-10-29
"4",2018-10-29
"4",2018-10-29
"4",2018-10-29
"4",2018-10-29
"4",2018-10-29
"4",2018-10-29
"4",2018-10-29
"4",2018-10-29
"4",2018-10-29
"4",2018-10-29
"4",2018-10-29
"4",2018-10-29
"4",2018-10-29
"4",2018-10-29
"4",2018-10-29
"4",2018-10-29
"4",2018-10-29
"4",2018-10-29
"4",2018-10-29
"4",2018-10-29
"4",2018-10-29
"4",2018-10-29
"4",2018-10-29
"4",2018-10-29
"4",2018-10-29
"4",2018-10-29
"4",2018-10-29
"4",2018-10-29
"4",2018-10-29
"4",2018-10-29
"4",2018-10-29
"4",2018-10-29
"4",2018-10-29
"4",2018-10-29
"4",2018-10-22
"4",2018-10-22
"4",2018-10-22
"4",2018-10-22
"4",2018-10-22
"4",2018-10-22
"4",2018-10-22
"4",2018-10-22
"4",2018-10-22
"4",2018-10-22
"4",2018-10-22
"4",2018-10-22
"4",2018-10-22
"4",2018-10-22
"4",2018-10-22
"4",2018-10-22
"4",2018-10-22
"4",2018-10-22
"4",2018-10-22
"4",2018-10-22
"4",2018-10-22
"4",2018-10-22
"4",2018-10-22
"4",2018-10-22
"4",2018-10-22
"4",2018-10-22
"4",2018-10-22
"4",2018-10-22
"4",2018-10-22
"4",2018-10-22
"4",2018-10-22
"4",2018-10-22
"4",2018-10-22
"4",2018-10-22
"4",2018-10-22
"4",2018-10-22
"4",2018-10-22
"4",2018-10-22
"4",2018-10-22
"4",2018-10-22
"4",2018-10-22
"4",2018-10-22
"4",2018-10-22
"4",2018-10-22
"4",2018-10-22
"4",2018-10-22
"4",2018-10-22
"4",2018-10-22
"4",2018-10-22
"4",2018-10-22
"4",2018-10-22
"4",2018-10-22
"4",2018-10-22
"4",2018-10-22
"4",2018-10-22
"4",2018-10-22
"4",2018-10-22
"4",2018-10-22
"4",2018-10-22
"4",2018-10-22
"4",2018-10-22
"4",2018-10-22
"4",2018-10-22
"4",2018-10-22
"4",2018-10-22
"4",2018-10-22
"4",2018-10-22
"4",2018-10-22
"4",2018-10-22
"4",2018-10-22
"4",2018-10-22
"4",2018-10-22
"4",2018-10-22
"4",2018-10-22
"4",2018-10-22
"4",2018-10-22
"4",2018-10-22
"4",2018-10-22
"4",2018-10-22
"4",2018-10-22
"4",2018-10-22
"4",2018-10-22
"4",2018-10-22
"4",2018-10-22
"4",2018-10-22
"4",2018-10-22
"4",2018-10-22
"4",2018-10-22
"4",2018-10-22
"4",2018-10-22
"4",2018-10-22
"4",2018-10-22
"4",2018-10-22
"4",2018-10-22
"4",2018-10-22
"4",2018-10-22
"4",2018-10-22
"4",2018-10-22
"4",2018-10-22
"4",2018-10-22
"4",2018-10-15
"4",2018-10-15
"4",2018-10-15
"4",2018-10-15
"4",2018-10-15
"4",2018-10-15
"4",2018-10-15
"4",2018-10-15
"4",2018-10-15
"4",2018-10-15
"4",2018-10-15
"4",2018-10-15
"4",2018-10-15
"4",2018-10-15
"4",2018-10-15
"4",2018-10-15
"4",2018-10-15
"4",2018-10-15
"4",2018-10-15
"4",2018-10-15
"4",2018-10-15
"4",2018-10-15
"4",2018-10-15
"4",2018-10-15
"4",2018-10-15
"4",2018-10-15
"4",2018-10-15
"4",2018-10-15
"4",2018-10-15
"4",2018-10-15
"4",2018-10-15
"4",2018-10-15
"4",2018-10-15
"4",2018-10-15
"4",2018-10-15
"4",2018-10-15
"4",2018-10-15
"4",2018-10-15
"4",2018-10-15
"4",2018-10-15
"4",2018-10-15
"4",2018-10-15
"4",2018-10-15
"4",2018-10-15
"4",2018-10-15
"4",2018-10-15
"4",2018-10-15
"4",2018-10-15
"4",2018-10-15
"4",2018-10-15
"4",2018-10-15
"4",2018-10-15
"4",2018-10-15
"4",2018-10-15
"4",2018-10-15
"4",2018-10-15
"4",2018-10-15
"4",2018-10-15
"4",2018-10-15
"4",2018-10-15
"4",2018-10-15
"4",2018-10-15
"4",2018-10-15
"4",2018-10-15
"4",2018-10-15
"4",2018-10-15
"4",2018-10-15
"4",2018-10-15
"4",2018-10-15
"4",2018-10-15
"4",2018-10-15
"4",2018-10-15
"4",2018-10-15
"4",2018-10-15
"4",2018-10-15
"4",2018-10-15
"4",2018-10-15
"4",2018-10-15
"4",2018-10-15
"4",2018-10-15
"4",2018-10-15
"4",2018-10-15
"4",2018-10-15
"4",2018-10-15
"4",2018-10-15
"4",2018-10-15
"4",2018-10-15
"4",2018-10-15
"4",2018-10-15
"4",2018-10-15
"4",2018-10-15
"4",2018-10-15
"4",2018-10-15
"4",2018-10-15
"4",2018-10-15
"4",2018-10-15
"4",2018-10-15
"4",2018-10-15
"4",2018-10-15
"4",2018-10-15
"4",2018-10-08
"4",2018-10-08
"4",2018-10-08
"4",2018-10-08
"4",2018-10-08
"4",2018-10-08
"4",2018-10-08
"4",2018-10-08
"4",2018-10-08
"4",2018-10-08
"4",2018-10-08
"4",2018-10-08
"4",2018-10-08
"4",2018-10-08
"4",2018-10-08
"4",2018-10-08
"4",2018-10-08
"4",2018-10-08
"4",2018-10-08
"4",2018-10-08
"4",2018-10-08
"4",2018-10-08
"4",2018-10-08
"4",2018-10-08
"4",2018-10-08
"4",2018-10-08
"4",2018-10-08
"4",2018-10-08
"4",2018-10-08
"4",2018-10-08
"4",2018-10-08
"4",2018-10-08
"4",2018-10-08
"4",2018-10-08
"4",2018-10-08
"4",2018-10-08
"4",2018-10-08
"4",2018-10-08
"4",2018-10-08
"4",2018-10-08
"4",2018-10-08
"4",2018-10-08
"4",2018-10-08
"4",2018-10-08
"4",2018-10-08
"4",2018-10-08
"4",2018-10-08
"4",2018-10-08
"4",2018-10-08
"4",2018-10-08
"4",2018-10-08
"4",2018-10-08
"4",2018-10-08
"4",2018-10-08
"4",2018-10-08
"4",2018-10-08
"4",2018-10-08
"4",2018-10-08
"4",2018-10-08
"4",2018-10-08
"4",2018-10-08
"4",2018-10-08
"4",2018-10-08
"4",2018-10-08
"4",2018-10-08
"4",2018-10-08
"4",2018-10-08
"4",2018-10-08
"4",2018-10-08
"4",2018-10-08
"4",2018-10-08
"4",2018-10-08
"4",2018-10-08
"4",2018-10-08
"4",2018-10-08
"4",2018-10-08
"4",2018-10-08
"4",2018-10-08
"4",2018-10-08
"4",2018-10-08
"4",2018-10-08
"4",2018-10-08
"4",2018-10-08
"4",2018-10-08
"4",2018-10-08
"4",2018-10-08
"4",2018-10-08
"4",2018-10-08
"4",2018-10-08
"4",2018-10-08
"4",2018-10-08
"4",2018-10-08
"4",2018-10-08
"4",2018-10-08
"4",2018-10-08
"4",2018-10-08
"4",2018-10-08
"4",2018-10-08
"4",2018-10-08
"4",2018-10-08
"4",2018-10-01
"4",2018-10-01
"4",2018-10-01
"4",2018-10-01
"4",2018-10-01
"4",2018-10-01
"4",2018-10-01
"4",2018-10-01
"4",2018-10-01
"4",2018-10-01
"4",2018-10-01
"4",2018-10-01
"4",2018-10-01
"4",2018-10-01
"4",2018-10-01
"4",2018-10-01
"4",2018-10-01
"4",2018-10-01
"4",2018-10-01
"4",2018-10-01
"4",2018-10-01
"4",2018-10-01
"4",2018-10-01
"4",2018-10-01
"4",2018-10-01
"4",2018-10-01
"4",2018-10-01
"4",2018-10-01
"4",2018-10-01
"4",2018-10-01
"4",2018-10-01
"4",2018-10-01
"4",2018-10-01
"4",2018-10-01
"4",2018-10-01
"4",2018-10-01
"4",2018-10-01
"4",2018-10-01
"4",2018-10-01
"4",2018-10-01
"4",2018-10-01
"4",2018-10-01
"4",2018-10-01
"4",2018-10-01
"4",2018-10-01
"4",2018-10-01
"4",2018-10-01
"4",2018-10-01
"4",2018-10-01
"4",2018-10-01
"4",2018-10-01
"4",2018-10-01
"4",2018-10-01
"4",2018-10-01
"4",2018-10-01
"4",2018-10-01
"4",2018-10-01
"4",2018-10-01
"4",2018-10-01
"4",2018-10-01
"4",2018-10-01
"4",2018-10-01
"4",2018-10-01
"4",2018-10-01
"4",2018-10-01
"4",2018-10-01
"4",2018-10-01
"4",2018-10-01
"4",2018-10-01
"4",2018-10-01
"4",2018-10-01
"4",2018-10-01
"4",2018-10-01
"4",2018-10-01
"4",2018-10-01
"4",2018-10-01
"4",2018-10-01
"4",2018-10-01
"4",2018-10-01
"4",2018-10-01
"4",2018-10-01
"4",2018-10-01
"4",2018-10-01
"4",2018-10-01
"4",2018-10-01
"4",2018-10-01
"4",2018-10-01
"4",2018-10-01
"4",2018-10-01
"4",2018-10-01
"4",2018-10-01
"4",2018-10-01
"4",2018-10-01
"4",2018-10-01
"4",2018-10-01
"4",2018-10-01
"4",2018-10-01
"4",2018-10-01
"4",2018-10-01
"4",2018-10-01
"4",2018-09-24
"4",2018-09-24
"4",2018-09-24
"4",2018-09-24
"4",2018-09-24
"4",2018-09-24
"4",2018-09-24
"4",2018-09-24
"4",2018-09-24
"4",2018-09-24
"4",2018-09-24
"4",2018-09-24
"4",2018-09-24
"4",2018-09-24
"4",2018-09-24
"4",2018-09-24
"4",2018-09-24
"4",2018-09-24
"4",2018-09-24
"4",2018-09-24
"4",2018-09-24
"4",2018-09-24
"4",2018-09-24
"4",2018-09-24
"4",2018-09-24
"4",2018-09-24
"4",2018-09-24
"4",2018-09-24
"4",2018-09-24
"4",2018-09-24
"4",2018-09-24
"4",2018-09-24
"4",2018-09-24
"4",2018-09-24
"4",2018-09-24
"4",2018-09-24
"4",2018-09-24
"4",2018-09-24
"4",2018-09-24
"4",2018-09-24
"4",2018-09-24
"4",2018-09-24
"4",2018-09-24
"4",2018-09-24
"4",2018-09-24
"4",2018-09-24
"4",2018-09-24
"4",2018-09-24
"4",2018-09-24
"4",2018-09-24
"4",2018-09-24
"4",2018-09-24
"4",2018-09-24
"4",2018-09-24
"4",2018-09-24
"4",2018-09-24
"4",2018-09-24
"4",2018-09-24
"4",2018-09-24
"4",2018-09-24
"4",2018-09-24
"4",2018-09-24
"4",2018-09-24
"4",2018-09-24
"4",2018-09-24
"4",2018-09-24
"4",2018-09-24
"4",2018-09-24
"4",2018-09-24
"4",2018-09-24
"4",2018-09-24
"4",2018-09-24
"4",2018-09-24
"4",2018-09-24
"4",2018-09-24
"4",2018-09-24
"4",2018-09-24
"4",2018-09-24
"4",2018-09-24
"4",2018-09-24
"4",2018-09-24
"4",2018-09-24
"4",2018-09-24
"4",2018-09-24
"4",2018-09-24
"4",2018-09-24
"4",2018-09-24
"4",2018-09-24
"4",2018-09-24
"4",2018-09-24
"4",2018-09-24
"4",2018-09-24
"4",2018-09-24
"4",2018-09-24
"4",2018-09-24
"4",2018-09-24
"4",2018-09-24
"4",2018-09-24
"4",2018-09-24
"4",2018-09-24
"4",2018-09-17
"4",2018-09-17
"4",2018-09-17
"4",2018-09-17
"4",2018-09-17
"4",2018-09-17
"4",2018-09-17
"4",2018-09-17
"4",2018-09-17
"4",2018-09-17
"4",2018-09-17
"4",2018-09-17
"4",2018-09-17
"4",2018-09-17
"4",2018-09-17
"4",2018-09-17
"4",2018-09-17
"4",2018-09-17
"4",2018-09-17
"4",2018-09-17
"4",2018-09-17
"4",2018-09-17
"4",2018-09-17
"4",2018-09-17
"4",2018-09-17
"4",2018-09-17
"4",2018-09-17
"4",2018-09-17
"4",2018-09-17
"4",2018-09-17
"4",2018-09-17
"4",2018-09-17
"4",2018-09-17
"4",2018-09-17
"4",2018-09-17
"4",2018-09-17
"4",2018-09-17
"4",2018-09-17
"4",2018-09-17
"4",2018-09-17
"4",2018-09-17
"4",2018-09-17
"4",2018-09-17
"4",2018-09-17
"4",2018-09-17
"4",2018-09-17
"4",2018-09-17
"4",2018-09-17
"4",2018-09-17
"4",2018-09-17
"4",2018-09-17
"4",2018-09-17
"4",2018-09-17
"4",2018-09-17
"4",2018-09-17
"4",2018-09-17
"4",2018-09-17
"4",2018-09-17
"4",2018-09-17
"4",2018-09-17
"4",2018-09-17
"4",2018-09-17
"4",2018-09-17
"4",2018-09-17
"4",2018-09-17
"4",2018-09-17
"4",2018-09-17
"4",2018-09-17
"4",2018-09-17
"4",2018-09-17
"4",2018-09-17
"4",2018-09-17
"4",2018-09-17
"4",2018-09-17
"4",2018-09-17
"4",2018-09-17
"4",2018-09-17
"4",2018-09-17
"4",2018-09-17
"4",2018-09-17
"4",2018-09-17
"4",2018-09-17
"4",2018-09-17
"4",2018-09-17
"4",2018-09-17
"4",2018-09-17
"4",2018-09-17
"4",2018-09-17
"4",2018-09-17
"4",2018-09-17
"4",2018-09-17
"4",2018-09-17
"4",2018-09-17
"4",2018-09-17
"4",2018-09-17
"4",2018-09-17
"4",2018-09-17
"4",2018-09-17
"4",2018-09-17
"4",2018-09-17
"4",2018-09-10
"4",2018-09-10
"4",2018-09-10
"4",2018-09-10
"4",2018-09-10
"4",2018-09-10
"4",2018-09-10
"4",2018-09-10
"4",2018-09-10
"4",2018-09-10
"4",2018-09-10
"4",2018-09-10
"4",2018-09-10
"4",2018-09-10
"4",2018-09-10
"4",2018-09-10
"4",2018-09-10
"4",2018-09-10
"4",2018-09-10
"4",2018-09-10
"4",2018-09-10
"4",2018-09-10
"4",2018-09-10
"4",2018-09-10
"4",2018-09-10
"4",2018-09-10
"4",2018-09-10
"4",2018-09-10
"4",2018-09-10
"4",2018-09-10
"4",2018-09-10
"4",2018-09-10
"4",2018-09-10
"4",2018-09-10
"4",2018-09-10
"4",2018-09-10
"4",2018-09-10
"4",2018-09-10
"4",2018-09-10
"4",2018-09-10
"4",2018-09-10
"4",2018-09-10
"4",2018-09-10
"4",2018-09-10
"4",2018-09-10
"4",2018-09-10
"4",2018-09-10
"4",2018-09-10
"4",2018-09-10
"4",2018-09-10
"4",2018-09-10
"4",2018-09-10
"4",2018-09-10
"4",2018-09-10
"4",2018-09-10
"4",2018-09-10
"4",2018-09-10
"4",2018-09-10
"4",2018-09-10
"4",2018-09-10
"4",2018-09-10
"4",2018-09-10
"4",2018-09-10
"4",2018-09-10
"4",2018-09-10
"4",2018-09-10
"4",2018-09-10
"4",2018-09-10
"4",2018-09-10
"4",2018-09-10
"4",2018-09-10
"4",2018-09-10
"4",2018-09-10
"4",2018-09-10
"4",2018-09-10
"4",2018-09-10
"4",2018-09-10
"4",2018-09-10
"4",2018-09-10
"4",2018-09-10
"4",2018-09-10
"4",2018-09-10
"4",2018-09-10
"4",2018-09-10
"4",2018-09-10
"4",2018-09-10
"4",2018-09-10
"4",2018-09-10
"4",2018-09-10
"4",2018-09-10
"4",2018-09-10
"4",2018-09-10
"4",2018-09-10
"4",2018-09-10
"4",2018-09-10
"4",2018-09-10
"4",2018-09-10
"4",2018-09-10
"4",2018-09-10
"4",2018-09-10
"4",2018-09-04
"4",2018-09-04
"4",2018-09-04
"4",2018-09-04
"4",2018-09-04
"4",2018-09-04
"4",2018-09-04
"4",2018-09-04
"4",2018-09-04
"4",2018-09-04
"4",2018-09-04
"4",2018-09-04
"4",2018-09-04
"4",2018-09-04
"4",2018-09-04
"4",2018-09-04
"4",2018-09-04
"4",2018-09-04
"4",2018-09-04
"4",2018-09-04
"4",2018-09-04
"4",2018-09-04
"4",2018-09-04
"4",2018-09-04
"4",2018-09-04
"4",2018-09-04
"4",2018-09-04
"4",2018-09-04
"4",2018-09-04
"4",2018-09-04
"4",2018-09-04
"4",2018-09-04
"4",2018-09-04
"4",2018-09-04
"4",2018-09-04
"4",2018-09-04
"4",2018-09-04
"4",2018-09-04
"4",2018-09-04
"4",2018-09-04
"4",2018-09-04
"4",2018-09-04
"4",2018-09-04
"4",2018-09-04
"4",2018-09-04
"4",2018-09-04
"4",2018-09-04
"4",2018-09-04
"4",2018-09-04
"4",2018-09-04
"4",2018-09-04
"4",2018-09-04
"4",2018-09-04
"4",2018-09-04
"4",2018-09-04
"4",2018-09-04
"4",2018-09-04
"4",2018-09-04
"4",2018-09-04
"4",2018-09-04
"4",2018-09-04
"4",2018-09-04
"4",2018-09-04
"4",2018-09-04
"4",2018-09-04
"4",2018-09-04
"4",2018-09-04
"4",2018-09-04
"4",2018-09-04
"4",2018-09-04
"4",2018-09-04
"4",2018-09-04
"4",2018-09-04
"4",2018-09-04
"4",2018-09-04
"4",2018-09-04
"4",2018-09-04
"4",2018-09-04
"4",2018-09-04
"4",2018-09-04
"4",2018-09-04
"4",2018-09-04
"4",2018-09-04
"4",2018-09-04
"4",2018-09-04
"4",2018-09-04
"4",2018-09-04
"4",2018-09-04
"4",2018-09-04
"4",2018-09-04
"4",2018-09-04
"4",2018-09-04
"4",2018-09-04
"4",2018-09-04
"4",2018-09-04
"4",2018-09-04
"4",2018-09-04
"4",2018-09-04
"4",2018-09-04
"4",2018-09-04
"4",2018-08-27
"4",2018-08-27
"4",2018-08-27
"4",2018-08-27
"4",2018-08-27
"4",2018-08-27
"4",2018-08-27
"4",2018-08-27
"4",2018-08-27
"4",2018-08-27
"4",2018-08-27
"4",2018-08-27
"4",2018-08-27
"4",2018-08-27
"4",2018-08-27
"4",2018-08-27
"4",2018-08-27
"4",2018-08-27
"4",2018-08-27
"4",2018-08-27
"4",2018-08-27
"4",2018-08-27
"4",2018-08-27
"4",2018-08-27
"4",2018-08-27
"4",2018-08-27
"4",2018-08-27
"4",2018-08-27
"4",2018-08-27
"4",2018-08-27
"4",2018-08-27
"4",2018-08-27
"4",2018-08-27
"4",2018-08-27
"4",2018-08-27
"4",2018-08-27
"4",2018-08-27
"4",2018-08-27
"4",2018-08-27
"4",2018-08-27
"4",2018-08-27
"4",2018-08-27
"4",2018-08-27
"4",2018-08-27
"4",2018-08-27
"4",2018-08-27
"4",2018-08-27
"4",2018-08-27
"4",2018-08-27
"4",2018-08-27
"4",2018-08-27
"4",2018-08-27
"4",2018-08-27
"4",2018-08-27
"4",2018-08-27
"4",2018-08-27
"4",2018-08-27
"4",2018-08-27
"4",2018-08-27
"4",2018-08-27
"4",2018-08-27
"4",2018-08-27
"4",2018-08-27
"4",2018-08-27
"4",2018-08-27
"4",2018-08-27
"4",2018-08-27
"4",2018-08-27
"4",2018-08-27
"4",2018-08-27
"4",2018-08-27
"4",2018-08-27
"4",2018-08-27
"4",2018-08-27
"4",2018-08-27
"4",2018-08-27
"4",2018-08-27
"4",2018-08-27
"4",2018-08-27
"4",2018-08-27
"4",2018-08-27
"4",2018-08-27
"4",2018-08-27
"4",2018-08-27
"4",2018-08-27
"4",2018-08-27
"4",2018-08-27
"4",2018-08-27
"4",2018-08-27
"4",2018-08-27
"4",2018-08-27
"4",2018-08-27
"4",2018-08-27
"4",2018-08-27
"4",2018-08-27
"4",2018-08-27
"4",2018-08-27
"4",2018-08-27
"4",2018-08-27
"4",2018-08-27
"4",2018-08-06
"4",2018-08-06
"4",2018-08-06
"4",2018-08-06
"4",2018-08-06
"4",2018-08-06
"4",2018-08-06
"4",2018-08-06
"4",2018-08-06
"4",2018-08-06
"4",2018-08-06
"4",2018-08-06
"4",2018-08-06
"4",2018-08-06
"4",2018-08-06
"4",2018-08-06
"4",2018-08-06
"4",2018-08-06
"4",2018-08-06
"4",2018-08-06
"4",2018-08-06
"4",2018-08-06
"4",2018-08-06
"4",2018-08-06
"4",2018-08-06
"4",2018-08-06
"4",2018-08-06
"4",2018-08-06
"4",2018-08-06
"4",2018-08-06
"4",2018-08-06
"4",2018-08-06
"4",2018-08-06
"4",2018-08-06
"4",2018-08-06
"4",2018-08-06
"4",2018-08-06
"4",2018-08-06
"4",2018-08-06
"4",2018-08-06
"4",2018-07-30
"4",2018-07-30
"4",2018-07-30
"4",2018-07-30
"4",2018-07-30
"4",2018-07-30
"4",2018-07-30
"4",2018-07-30
"4",2018-07-30
"4",2018-07-30
"4",2018-07-30
"4",2018-07-30
"4",2018-07-30
"4",2018-07-30
"4",2018-07-30
"4",2018-07-30
"4",2018-07-30
"4",2018-07-30
"4",2018-07-30
"4",2018-07-30
"4",2018-07-30
"4",2018-07-30
"4",2018-07-30
"4",2018-07-30
"4",2018-07-30
"4",2018-07-30
"4",2018-07-30
"4",2018-07-30
"4",2018-07-30
"4",2018-07-30
"4",2018-07-30
"4",2018-07-30
"4",2018-07-30
"4",2018-07-30
"4",2018-07-30
"4",2018-07-30
"4",2018-07-30
"4",2018-07-30
"4",2018-07-30
"4",2018-07-30
"4",2018-07-30
"4",2018-07-30
"4",2018-07-30
"4",2018-07-30
"4",2018-07-30
"4",2018-07-30
"4",2018-07-30
"4",2018-07-30
"4",2018-07-30
"4",2018-07-30
"4",2018-07-30
"4",2018-07-30
"4",2018-07-30
"4",2018-07-30
"4",2018-07-30
"4",2018-07-30
"4",2018-07-30
"4",2018-07-30
"4",2018-07-30
"4",2018-07-30
"4",2018-07-30
"4",2018-07-30
"4",2018-07-30
"4",2018-07-30
"4",2018-07-30
"4",2018-07-30
"4",2018-07-30
"4",2018-07-30
"4",2018-07-30
"4",2018-07-30
"4",2018-07-30
"4",2018-07-30
"4",2018-07-30
"4",2018-07-30
"4",2018-07-30
"4",2018-07-30
"4",2018-07-30
"4",2018-07-30
"4",2018-07-30
"4",2018-07-30
"4",2018-07-30
"4",2018-07-30
"4",2018-07-30
"4",2018-07-30
"4",2018-07-30
"4",2018-07-30
"4",2018-07-30
"4",2018-07-30
"4",2018-07-30
"4",2018-07-30
"4",2018-07-30
"4",2018-07-30
"4",2018-07-30
"4",2018-07-30
"4",2018-07-30
"4",2018-07-30
"4",2018-07-30
"4",2018-07-30
"4",2018-07-30
"4",2018-07-30
"4",2018-07-23
"4",2018-07-23
"4",2018-07-23
"4",2018-07-23
"4",2018-07-23
"4",2018-07-23
"4",2018-07-23
"4",2018-07-23
"4",2018-07-23
"4",2018-07-23
"4",2018-07-23
"4",2018-07-23
"4",2018-07-23
"4",2018-07-23
"4",2018-07-23
"4",2018-07-23
"4",2018-07-23
"4",2018-07-23
"4",2018-07-23
"4",2018-07-23
"4",2018-07-23
"4",2018-07-23
"4",2018-07-23
"4",2018-07-23
"4",2018-07-23
"4",2018-07-23
"4",2018-07-23
"4",2018-07-23
"4",2018-07-23
"4",2018-07-23
"4",2018-07-23
"4",2018-07-23
"4",2018-07-23
"4",2018-07-23
"4",2018-07-23
"4",2018-07-23
"4",2018-07-23
"4",2018-07-23
"4",2018-07-23
"4",2018-07-23
"4",2018-07-23
"4",2018-07-23
"4",2018-07-23
"4",2018-07-23
"4",2018-07-23
"4",2018-07-23
"4",2018-07-23
"4",2018-07-23
"4",2018-07-23
"4",2018-07-23
"4",2018-07-23
"4",2018-07-23
"4",2018-07-23
"4",2018-07-23
"4",2018-07-23
"4",2018-07-23
"4",2018-07-23
"4",2018-07-23
"4",2018-07-23
"4",2018-07-23
"4",2018-07-23
"4",2018-07-23
"4",2018-07-23
"4",2018-07-23
"4",2018-07-23
"4",2018-07-23
"4",2018-07-23
"4",2018-07-23
"4",2018-07-23
"4",2018-07-23
"4",2018-07-23
"4",2018-07-23
"4",2018-07-23
"4",2018-07-23
"4",2018-07-23
"4",2018-07-23
"4",2018-07-23
"4",2018-07-23
"4",2018-07-23
"4",2018-07-23
"4",2018-07-23
"4",2018-07-23
"4",2018-07-23
"4",2018-07-23
"4",2018-07-23
"4",2018-07-23
"4",2018-07-23
"4",2018-07-23
"4",2018-07-23
"4",2018-07-23
"4",2018-07-23
"4",2018-07-23
"4",2018-07-23
"4",2018-07-23
"4",2018-07-23
"4",2018-07-23
"4",2018-07-23
"4",2018-07-23
"4",2018-07-23
"4",2018-07-23
"4",2018-07-16
"4",2018-07-16
"4",2018-07-16
"4",2018-07-16
"4",2018-07-16
"4",2018-07-16
"4",2018-07-16
"4",2018-07-16
"4",2018-07-16
"4",2018-07-16
"4",2018-07-16
"4",2018-07-16
"4",2018-07-16
"4",2018-07-16
"4",2018-07-16
"4",2018-07-16
"4",2018-07-16
"4",2018-07-16
"4",2018-07-16
"4",2018-07-16
"4",2018-07-16
"4",2018-07-16
"4",2018-07-16
"4",2018-07-16
"4",2018-07-16
"4",2018-07-16
"4",2018-07-16
"4",2018-07-16
"4",2018-07-16
"4",2018-07-16
"4",2018-07-16
"4",2018-07-16
"4",2018-07-16
"4",2018-07-16
"4",2018-07-16
"4",2018-07-16
"4",2018-07-16
"4",2018-07-16
"4",2018-07-16
"4",2018-07-16
"4",2018-07-16
"4",2018-07-16
"4",2018-07-16
"4",2018-07-16
"4",2018-07-16
"4",2018-07-16
"4",2018-07-16
"4",2018-07-16
"4",2018-07-16
"4",2018-07-16
"4",2018-07-16
"4",2018-07-16
"4",2018-07-16
"4",2018-07-16
"4",2018-07-16
"4",2018-07-16
"4",2018-07-16
"4",2018-07-16
"4",2018-07-16
"4",2018-07-16
"4",2018-07-16
"4",2018-07-16
"4",2018-07-16
"4",2018-07-16
"4",2018-07-16
"4",2018-07-16
"4",2018-07-16
"4",2018-07-16
"4",2018-07-16
"4",2018-07-16
"4",2018-07-16
"4",2018-07-16
"4",2018-07-16
"4",2018-07-16
"4",2018-07-16
"4",2018-07-16
"4",2018-07-16
"4",2018-07-16
"4",2018-07-16
"4",2018-07-16
"4",2018-07-16
"4",2018-07-16
"4",2018-07-16
"4",2018-07-16
"4",2018-07-16
"4",2018-07-16
"4",2018-07-16
"4",2018-07-16
"4",2018-07-16
"4",2018-07-16
"4",2018-07-16
"4",2018-07-16
"4",2018-07-16
"4",2018-07-16
"4",2018-07-16
"4",2018-07-16
"4",2018-07-16
"4",2018-07-16
"4",2018-07-16
"4",2018-07-16
"4",2018-07-09
"4",2018-07-09
"4",2018-07-09
"4",2018-07-09
"4",2018-07-09
"4",2018-07-09
"4",2018-07-09
"4",2018-07-09
"4",2018-07-09
"4",2018-07-09
"4",2018-07-09
"4",2018-07-09
"4",2018-07-09
"4",2018-07-09
"4",2018-07-09
"4",2018-07-09
"4",2018-07-09
"4",2018-07-09
"4",2018-07-09
"4",2018-07-09
"4",2018-07-09
"4",2018-07-09
"4",2018-07-09
"4",2018-07-09
"4",2018-07-09
"4",2018-07-09
"4",2018-07-09
"4",2018-07-09
"4",2018-07-09
"4",2018-07-09
"4",2018-07-09
"4",2018-07-09
"4",2018-07-09
"4",2018-07-09
"4",2018-07-09
"4",2018-07-09
"4",2018-07-09
"4",2018-07-09
"4",2018-07-09
"4",2018-07-09
"4",2018-07-09
"4",2018-07-09
"4",2018-07-09
"4",2018-07-09
"4",2018-07-09
"4",2018-07-09
"4",2018-07-09
"4",2018-07-09
"4",2018-07-09
"4",2018-07-09
"4",2018-07-09
"4",2018-07-09
"4",2018-07-09
"4",2018-07-09
"4",2018-07-09
"4",2018-07-09
"4",2018-07-09
"4",2018-07-09
"4",2018-07-09
"4",2018-07-09
"4",2018-07-09
"4",2018-07-09
"4",2018-07-09
"4",2018-07-09
"4",2018-07-09
"4",2018-07-09
"4",2018-07-09
"4",2018-07-09
"4",2018-07-09
"4",2018-07-09
"4",2018-07-09
"4",2018-07-09
"4",2018-07-09
"4",2018-07-09
"4",2018-07-09
"4",2018-07-09
"4",2018-07-09
"4",2018-07-09
"4",2018-07-09
"4",2018-07-09
"4",2018-07-09
"4",2018-07-09
"4",2018-07-09
"4",2018-07-09
"4",2018-07-09
"4",2018-07-09
"4",2018-07-09
"4",2018-07-09
"4",2018-07-09
"4",2018-07-09
"4",2018-07-09
"4",2018-07-09
"4",2018-07-09
"4",2018-07-09
"4",2018-07-09
"4",2018-07-09
"4",2018-07-09
"4",2018-07-09
"4",2018-07-09
"4",2018-07-09
"4",2018-07-02
"4",2018-07-02
"4",2018-07-02
"4",2018-07-02
"4",2018-07-02
"4",2018-07-02
"4",2018-07-02
"4",2018-07-02
"4",2018-07-02
"4",2018-07-02
"4",2018-07-02
"4",2018-07-02
"4",2018-07-02
"4",2018-07-02
"4",2018-07-02
"4",2018-07-02
"4",2018-07-02
"4",2018-07-02
"4",2018-07-02
"4",2018-07-02
"4",2018-07-02
"4",2018-07-02
"4",2018-07-02
"4",2018-07-02
"4",2018-07-02
"4",2018-07-02
"4",2018-07-02
"4",2018-07-02
"4",2018-07-02
"4",2018-07-02
"4",2018-07-02
"4",2018-07-02
"4",2018-07-02
"4",2018-07-02
"4",2018-07-02
"4",2018-07-02
"4",2018-07-02
"4",2018-07-02
"4",2018-07-02
"4",2018-07-02
"4",2018-07-02
"4",2018-07-02
"4",2018-07-02
"4",2018-07-02
"4",2018-07-02
"4",2018-07-02
"4",2018-07-02
"4",2018-07-02
"4",2018-07-02
"4",2018-07-02
"4",2018-07-02
"4",2018-07-02
"4",2018-07-02
"4",2018-07-02
"4",2018-07-02
"4",2018-07-02
"4",2018-07-02
"4",2018-07-02
"4",2018-07-02
"4",2018-07-02
"4",2018-07-02
"4",2018-07-02
"4",2018-07-02
"4",2018-07-02
"4",2018-07-02
"4",2018-07-02
"4",2018-07-02
"4",2018-07-02
"4",2018-07-02
"4",2018-07-02
"4",2018-07-02
"4",2018-07-02
"4",2018-07-02
"4",2018-07-02
"4",2018-07-02
"4",2018-07-02
"4",2018-07-02
"4",2018-07-02
"4",2018-07-02
"4",2018-07-02
"4",2018-07-02
"4",2018-07-02
"4",2018-07-02
"4",2018-07-02
"4",2018-07-02
"4",2018-07-02
"4",2018-07-02
"4",2018-07-02
"4",2018-07-02
"4",2018-07-02
"4",2018-07-02
"4",2018-07-02
"4",2018-07-02
"4",2018-07-02
"4",2018-07-02
"4",2018-07-02
"4",2018-07-02
"4",2018-07-02
"4",2018-07-02
"4",2018-07-02
"4",2018-05-29
"4",2018-05-29
"4",2018-05-29
"4",2018-05-29
"4",2018-05-29
"4",2018-05-29
"4",2018-05-29
"4",2018-05-29
"4",2018-05-29
"4",2018-05-29
"4",2018-05-29
"4",2018-05-29
"4",2018-05-29
"4",2018-05-29
"4",2018-05-29
"4",2018-05-29
"4",2018-05-29
"4",2018-05-29
"4",2018-05-29
"4",2018-05-29
"4",2018-05-29
"4",2018-05-29
"4",2018-05-29
"4",2018-05-29
"4",2018-05-29
"4",2018-05-29
"4",2018-05-29
"4",2018-05-29
"4",2018-05-29
"4",2018-05-29
"4",2018-05-29
"4",2018-05-29
"4",2018-05-29
"4",2018-05-29
"4",2018-05-29
"4",2018-05-29
"4",2018-05-29
"4",2018-05-29
"4",2018-05-29
"4",2018-05-29
"4",2018-05-29
"4",2018-05-29
"4",2018-05-29
"4",2018-05-29
"4",2018-05-29
"4",2018-05-29
"4",2018-05-29
"4",2018-05-29
"4",2018-05-29
"4",2018-05-29
"4",2018-05-29
"4",2018-05-29
"4",2018-05-29
"4",2018-05-29
"4",2018-05-29
"4",2018-05-29
"4",2018-05-29
"4",2018-05-29
"4",2018-05-29
"4",2018-05-29
"4",2018-05-29
"4",2018-05-29
"4",2018-05-29
"4",2018-05-29
"4",2018-05-29
"4",2018-05-29
"4",2018-05-29
"4",2018-05-29
"4",2018-05-29
"4",2018-05-29
"4",2018-05-29
"4",2018-05-29
"4",2018-05-29
"4",2018-05-29
"4",2018-05-29
"4",2018-05-29
"4",2018-05-29
"4",2018-05-29
"4",2018-05-29
"4",2018-05-29
"4",2018-05-29
"4",2018-05-29
"4",2018-05-29
"4",2018-05-29
"4",2018-05-29
"4",2018-05-29
"4",2018-05-29
"4",2018-05-29
"4",2018-05-29
"4",2018-05-29
"4",2018-05-29
"4",2018-05-29
"4",2018-05-29
"4",2018-05-29
"4",2018-05-29
"4",2018-05-29
"4",2018-05-29
"4",2018-05-29
"4",2018-05-29
"4",2018-05-29
"4",2018-05-21
"4",2018-05-21
"4",2018-05-21
"4",2018-05-21
"4",2018-05-21
"4",2018-05-21
"4",2018-05-21
"4",2018-05-21
"4",2018-05-21
"4",2018-05-21
"4",2018-05-21
"4",2018-05-21
"4",2018-05-21
"4",2018-05-21
"4",2018-05-21
"4",2018-05-21
"4",2018-05-21
"4",2018-05-21
"4",2018-05-21
"4",2018-05-21
"4",2018-05-21
"4",2018-05-21
"4",2018-05-21
"4",2018-05-21
"4",2018-05-21
"4",2018-05-21
"4",2018-05-21
"4",2018-05-21
"4",2018-05-21
"4",2018-05-21
"4",2018-05-21
"4",2018-05-21
"4",2018-05-21
"4",2018-05-21
"4",2018-05-21
"4",2018-05-21
"4",2018-05-21
"4",2018-05-21
"4",2018-05-21
"4",2018-05-21
"4",2018-05-21
"4",2018-05-21
"4",2018-05-21
"4",2018-05-21
"4",2018-05-21
"4",2018-05-21
"4",2018-05-21
"4",2018-05-21
"4",2018-05-21
"4",2018-05-21
"4",2018-05-21
"4",2018-05-21
"4",2018-05-21
"4",2018-05-21
"4",2018-05-21
"4",2018-05-21
"4",2018-05-21
"4",2018-05-21
"4",2018-05-21
"4",2018-05-21
"4",2018-05-21
"4",2018-05-21
"4",2018-05-21
"4",2018-05-21
"4",2018-05-21
"4",2018-05-21
"4",2018-05-21
"4",2018-05-21
"4",2018-05-21
"4",2018-05-21
"4",2018-05-21
"4",2018-05-21
"4",2018-05-21
"4",2018-05-21
"4",2018-05-21
"4",2018-05-21
"4",2018-05-21
"4",2018-05-21
"4",2018-05-21
"4",2018-05-21
"4",2018-05-21
"4",2018-05-21
"4",2018-05-21
"4",2018-05-21
"4",2018-05-21
"4",2018-05-21
"4",2018-05-21
"4",2018-05-21
"4",2018-05-21
"4",2018-05-21
"4",2018-05-21
"4",2018-05-21
"4",2018-05-21
"4",2018-05-21
"4",2018-05-21
"4",2018-05-21
"4",2018-05-21
"4",2018-05-21
"4",2018-05-21
"4",2018-05-21
"4",2018-05-14
"4",2018-05-14
"4",2018-05-14
"4",2018-05-14
"4",2018-05-14
"4",2018-05-14
"4",2018-05-14
"4",2018-05-14
"4",2018-05-14
"4",2018-05-14
"4",2018-05-14
"4",2018-05-14
"4",2018-05-14
"4",2018-05-14
"4",2018-05-14
"4",2018-05-14
"4",2018-05-14
"4",2018-05-14
"4",2018-05-14
"4",2018-05-14
"4",2018-05-14
"4",2018-05-14
"4",2018-05-14
"4",2018-05-14
"4",2018-05-14
"4",2018-05-14
"4",2018-05-14
"4",2018-05-14
"4",2018-05-14
"4",2018-05-14
"4",2018-05-14
"4",2018-05-14
"4",2018-05-14
"4",2018-05-14
"4",2018-05-14
"4",2018-05-14
"4",2018-05-14
"4",2018-05-14
"4",2018-05-14
"4",2018-05-14
"4",2018-05-14
"4",2018-05-14
"4",2018-05-14
"4",2018-05-14
"4",2018-05-14
"4",2018-05-14
"4",2018-05-14
"4",2018-05-14
"4",2018-05-14
"4",2018-05-14
"4",2018-05-14
"4",2018-05-14
"4",2018-05-14
"4",2018-05-14
"4",2018-05-14
"4",2018-05-14
"4",2018-05-14
"4",2018-05-14
"4",2018-05-14
"4",2018-05-14
"4",2018-05-14
"4",2018-05-14
"4",2018-05-14
"4",2018-05-14
"4",2018-05-14
"4",2018-05-14
"4",2018-05-14
"4",2018-05-14
"4",2018-05-14
"4",2018-05-14
"4",2018-05-14
"4",2018-05-14
"4",2018-05-14
"4",2018-05-14
"4",2018-05-14
"4",2018-05-14
"4",2018-05-14
"4",2018-05-14
"4",2018-05-14
"4",2018-05-14
"4",2018-05-14
"4",2018-05-14
"4",2018-05-14
"4",2018-05-14
"4",2018-05-14
"4",2018-05-14
"4",2018-05-14
"4",2018-05-14
"4",2018-05-14
"4",2018-05-14
"4",2018-05-14
"4",2018-05-14
"4",2018-05-14
"4",2018-05-14
"4",2018-05-14
"4",2018-05-14
"4",2018-05-14
"4",2018-05-14
"4",2018-05-14
"4",2018-05-14
"HBK",2018-11-12
"HBK",2018-11-12
"HBK",2018-11-12
"HBK",2018-11-12
"HBK",2018-11-12
"HBK",2018-11-12
"HBK",2018-11-12
"HBK",2018-11-12
"HBK",2018-11-12
"HBK",2018-11-12
"HBK",2018-11-12
"HBK",2018-11-12
"HBK",2018-11-12
"HBK",2018-11-12
"HBK",2018-11-12
"HBK",2018-11-12
"HBK",2018-11-12
"HBK",2018-11-12
"HBK",2018-11-12
"HBK",2018-11-12
"HBK",2018-11-12
"HBK",2018-11-12
"HBK",2018-11-12
"HBK",2018-11-12
"HBK",2018-11-12
"HBK",2018-11-12
"HBK",2018-11-12
"HBK",2018-11-12
"HBK",2018-11-12
"HBK",2018-11-12
"HBK",2018-11-12
"HBK",2018-11-12
"HBK",2018-11-12
"HBK",2018-11-12
"HBK",2018-11-12
"HBK",2018-11-12
"HBK",2018-11-12
"HBK",2018-11-12
"HBK",2018-11-12
"HBK",2018-11-12
"HBK",2018-11-12
"HBK",2018-11-12
"HBK",2018-11-12
"HBK",2018-11-12
"HBK",2018-11-12
"HBK",2018-11-12
"HBK",2018-11-12
"HBK",2018-11-12
"HBK",2018-11-12
"HBK",2018-11-12
"HBK",2018-11-12
"HBK",2018-11-12
"HBK",2018-11-12
"HBK",2018-11-12
"HBK",2018-11-12
"HBK",2018-11-12
"HBK",2018-11-12
"HBK",2018-11-12
"HBK",2018-11-12
"HBK",2018-11-12
"HBK",2018-11-12
"HBK",2018-11-12
"HBK",2018-11-12
"HBK",2018-11-12
"HBK",2018-11-12
"HBK",2018-11-12
"HBK",2018-11-12
"HBK",2018-11-12
"HBK",2018-11-12
"HBK",2018-11-12
"HBK",2018-11-12
"HBK",2018-11-12
"HBK",2018-11-12
"HBK",2018-11-12
"HBK",2018-11-12
"HBK",2018-11-12
"HBK",2018-11-12
"HBK",2018-11-12
"HBK",2018-11-12
"HBK",2018-11-12
"HBK",2018-11-12
"HBK",2018-11-12
"HBK",2018-11-12
"HBK",2018-11-12
"HBK",2018-11-12
"HBK",2018-11-12
"HBK",2018-11-12
"HBK",2018-11-12
"HBK",2018-11-12
"HBK",2018-11-12
"HBK",2018-11-12
"HBK",2018-11-12
"HBK",2018-11-12
"HBK",2018-11-12
"HBK",2018-11-12
"HBK",2018-11-12
"HBK",2018-11-12
"HBK",2018-11-12
"HBK",2018-11-12
"HBK",2018-11-12
"HBK",2018-11-05
"HBK",2018-11-05
"HBK",2018-11-05
"HBK",2018-11-05
"HBK",2018-11-05
"HBK",2018-11-05
"HBK",2018-11-05
"HBK",2018-11-05
"HBK",2018-11-05
"HBK",2018-11-05
"HBK",2018-11-05
"HBK",2018-11-05
"HBK",2018-11-05
"HBK",2018-11-05
"HBK",2018-11-05
"HBK",2018-11-05
"HBK",2018-11-05
"HBK",2018-11-05
"HBK",2018-11-05
"HBK",2018-11-05
"HBK",2018-11-05
"HBK",2018-11-05
"HBK",2018-11-05
"HBK",2018-11-05
"HBK",2018-11-05
"HBK",2018-11-05
"HBK",2018-11-05
"HBK",2018-11-05
"HBK",2018-11-05
"HBK",2018-11-05
"HBK",2018-11-05
"HBK",2018-11-05
"HBK",2018-11-05
"HBK",2018-11-05
"HBK",2018-11-05
"HBK",2018-11-05
"HBK",2018-11-05
"HBK",2018-11-05
"HBK",2018-11-05
"HBK",2018-11-05
"HBK",2018-11-05
"HBK",2018-11-05
"HBK",2018-11-05
"HBK",2018-11-05
"HBK",2018-11-05
"HBK",2018-11-05
"HBK",2018-11-05
"HBK",2018-11-05
"HBK",2018-11-05
"HBK",2018-11-05
"HBK",2018-11-05
"HBK",2018-11-05
"HBK",2018-11-05
"HBK",2018-11-05
"HBK",2018-11-05
"HBK",2018-11-05
"HBK",2018-11-05
"HBK",2018-11-05
"HBK",2018-11-05
"HBK",2018-11-05
"HBK",2018-11-05
"HBK",2018-11-05
"HBK",2018-11-05
"HBK",2018-11-05
"HBK",2018-11-05
"HBK",2018-11-05
"HBK",2018-11-05
"HBK",2018-11-05
"HBK",2018-11-05
"HBK",2018-11-05
"HBK",2018-11-05
"HBK",2018-11-05
"HBK",2018-11-05
"HBK",2018-11-05
"HBK",2018-11-05
"HBK",2018-11-05
"HBK",2018-11-05
"HBK",2018-11-05
"HBK",2018-11-05
"HBK",2018-11-05
"HBK",2018-11-05
"HBK",2018-11-05
"HBK",2018-11-05
"HBK",2018-11-05
"HBK",2018-11-05
"HBK",2018-11-05
"HBK",2018-11-05
"HBK",2018-11-05
"HBK",2018-11-05
"HBK",2018-11-05
"HBK",2018-11-05
"HBK",2018-11-05
"HBK",2018-11-05
"HBK",2018-11-05
"HBK",2018-11-05
"HBK",2018-11-05
"HBK",2018-11-05
"HBK",2018-11-05
"HBK",2018-11-05
"HBK",2018-11-05
"HBK",2018-10-29
"HBK",2018-10-29
"HBK",2018-10-29
"HBK",2018-10-29
"HBK",2018-10-29
"HBK",2018-10-29
"HBK",2018-10-29
"HBK",2018-10-29
"HBK",2018-10-29
"HBK",2018-10-29
"HBK",2018-10-29
"HBK",2018-10-29
"HBK",2018-10-29
"HBK",2018-10-29
"HBK",2018-10-29
"HBK",2018-10-29
"HBK",2018-10-29
"HBK",2018-10-29
"HBK",2018-10-29
"HBK",2018-10-29
"HBK",2018-10-29
"HBK",2018-10-29
"HBK",2018-10-29
"HBK",2018-10-29
"HBK",2018-10-29
"HBK",2018-10-29
"HBK",2018-10-29
"HBK",2018-10-29
"HBK",2018-10-29
"HBK",2018-10-29
"HBK",2018-10-29
"HBK",2018-10-29
"HBK",2018-10-29
"HBK",2018-10-29
"HBK",2018-10-29
"HBK",2018-10-29
"HBK",2018-10-29
"HBK",2018-10-29
"HBK",2018-10-29
"HBK",2018-10-29
"HBK",2018-10-29
"HBK",2018-10-29
"HBK",2018-10-29
"HBK",2018-10-29
"HBK",2018-10-29
"HBK",2018-10-29
"HBK",2018-10-29
"HBK",2018-10-29
"HBK",2018-10-29
"HBK",2018-10-29
"HBK",2018-10-29
"HBK",2018-10-29
"HBK",2018-10-29
"HBK",2018-10-29
"HBK",2018-10-29
"HBK",2018-10-29
"HBK",2018-10-29
"HBK",2018-10-29
"HBK",2018-10-29
"HBK",2018-10-29
"HBK",2018-10-29
"HBK",2018-10-29
"HBK",2018-10-29
"HBK",2018-10-29
"HBK",2018-10-29
"HBK",2018-10-29
"HBK",2018-10-29
"HBK",2018-10-29
"HBK",2018-10-29
"HBK",2018-10-29
"HBK",2018-10-29
"HBK",2018-10-29
"HBK",2018-10-29
"HBK",2018-10-29
"HBK",2018-10-29
"HBK",2018-10-29
"HBK",2018-10-29
"HBK",2018-10-29
"HBK",2018-10-29
"HBK",2018-10-29
"HBK",2018-10-29
"HBK",2018-10-29
"HBK",2018-10-29
"HBK",2018-10-29
"HBK",2018-10-29
"HBK",2018-10-29
"HBK",2018-10-29
"HBK",2018-10-29
"HBK",2018-10-29
"HBK",2018-10-29
"HBK",2018-10-29
"HBK",2018-10-29
"HBK",2018-10-29
"HBK",2018-10-29
"HBK",2018-10-29
"HBK",2018-10-29
"HBK",2018-10-29
"HBK",2018-10-29
"HBK",2018-10-29
"HBK",2018-10-29
"HBK",2018-10-22
"HBK",2018-10-22
"HBK",2018-10-22
"HBK",2018-10-22
"HBK",2018-10-22
"HBK",2018-10-22
"HBK",2018-10-22
"HBK",2018-10-22
"HBK",2018-10-22
"HBK",2018-10-22
"HBK",2018-10-22
"HBK",2018-10-22
"HBK",2018-10-22
"HBK",2018-10-22
"HBK",2018-10-22
"HBK",2018-10-22
"HBK",2018-10-22
"HBK",2018-10-22
"HBK",2018-10-22
"HBK",2018-10-22
"HBK",2018-10-22
"HBK",2018-10-22
"HBK",2018-10-22
"HBK",2018-10-22
"HBK",2018-10-22
"HBK",2018-10-22
"HBK",2018-10-22
"HBK",2018-10-22
"HBK",2018-10-22
"HBK",2018-10-22
"HBK",2018-10-22
"HBK",2018-10-22
"HBK",2018-10-22
"HBK",2018-10-22
"HBK",2018-10-22
"HBK",2018-10-22
"HBK",2018-10-22
"HBK",2018-10-22
"HBK",2018-10-22
"HBK",2018-10-22
"HBK",2018-10-22
"HBK",2018-10-22
"HBK",2018-10-22
"HBK",2018-10-22
"HBK",2018-10-22
"HBK",2018-10-22
"HBK",2018-10-22
"HBK",2018-10-22
"HBK",2018-10-22
"HBK",2018-10-22
"HBK",2018-10-22
"HBK",2018-10-22
"HBK",2018-10-22
"HBK",2018-10-22
"HBK",2018-10-22
"HBK",2018-10-22
"HBK",2018-10-22
"HBK",2018-10-22
"HBK",2018-10-22
"HBK",2018-10-22
"HBK",2018-10-22
"HBK",2018-10-22
"HBK",2018-10-22
"HBK",2018-10-22
"HBK",2018-10-22
"HBK",2018-10-22
"HBK",2018-10-22
"HBK",2018-10-22
"HBK",2018-10-22
"HBK",2018-10-22
"HBK",2018-10-22
"HBK",2018-10-22
"HBK",2018-10-22
"HBK",2018-10-22
"HBK",2018-10-22
"HBK",2018-10-22
"HBK",2018-10-22
"HBK",2018-10-22
"HBK",2018-10-22
"HBK",2018-10-22
"HBK",2018-10-22
"HBK",2018-10-22
"HBK",2018-10-22
"HBK",2018-10-22
"HBK",2018-10-22
"HBK",2018-10-22
"HBK",2018-10-22
"HBK",2018-10-22
"HBK",2018-10-22
"HBK",2018-10-22
"HBK",2018-10-22
"HBK",2018-10-22
"HBK",2018-10-22
"HBK",2018-10-22
"HBK",2018-10-22
"HBK",2018-10-22
"HBK",2018-10-22
"HBK",2018-10-22
"HBK",2018-10-22
"HBK",2018-10-22
"HBK",2018-10-15
"HBK",2018-10-15
"HBK",2018-10-15
"HBK",2018-10-15
"HBK",2018-10-15
"HBK",2018-10-15
"HBK",2018-10-15
"HBK",2018-10-15
"HBK",2018-10-15
"HBK",2018-10-15
"HBK",2018-10-15
"HBK",2018-10-15
"HBK",2018-10-15
"HBK",2018-10-15
"HBK",2018-10-15
"HBK",2018-10-15
"HBK",2018-10-15
"HBK",2018-10-15
"HBK",2018-10-15
"HBK",2018-10-15
"HBK",2018-10-15
"HBK",2018-10-15
"HBK",2018-10-15
"HBK",2018-10-15
"HBK",2018-10-15
"HBK",2018-10-15
"HBK",2018-10-15
"HBK",2018-10-15
"HBK",2018-10-15
"HBK",2018-10-15
"HBK",2018-10-15
"HBK",2018-10-15
"HBK",2018-10-15
"HBK",2018-10-15
"HBK",2018-10-15
"HBK",2018-10-15
"HBK",2018-10-15
"HBK",2018-10-15
"HBK",2018-10-15
"HBK",2018-10-15
"HBK",2018-10-15
"HBK",2018-10-15
"HBK",2018-10-15
"HBK",2018-10-15
"HBK",2018-10-15
"HBK",2018-10-15
"HBK",2018-10-15
"HBK",2018-10-15
"HBK",2018-10-15
"HBK",2018-10-15
"HBK",2018-10-15
"HBK",2018-10-15
"HBK",2018-10-15
"HBK",2018-10-15
"HBK",2018-10-15
"HBK",2018-10-15
"HBK",2018-10-15
"HBK",2018-10-15
"HBK",2018-10-15
"HBK",2018-10-15
"HBK",2018-10-15
"HBK",2018-10-15
"HBK",2018-10-15
"HBK",2018-10-15
"HBK",2018-10-15
"HBK",2018-10-15
"HBK",2018-10-15
"HBK",2018-10-15
"HBK",2018-10-15
"HBK",2018-10-15
"HBK",2018-10-15
"HBK",2018-10-15
"HBK",2018-10-15
"HBK",2018-10-15
"HBK",2018-10-15
"HBK",2018-10-15
"HBK",2018-10-15
"HBK",2018-10-15
"HBK",2018-10-15
"HBK",2018-10-15
"HBK",2018-10-15
"HBK",2018-10-15
"HBK",2018-10-15
"HBK",2018-10-15
"HBK",2018-10-15
"HBK",2018-10-15
"HBK",2018-10-15
"HBK",2018-10-15
"HBK",2018-10-15
"HBK",2018-10-15
"HBK",2018-10-15
"HBK",2018-10-15
"HBK",2018-10-15
"HBK",2018-10-15
"HBK",2018-10-15
"HBK",2018-10-15
"HBK",2018-10-15
"HBK",2018-10-15
"HBK",2018-10-15
"HBK",2018-10-15
"HBK",2018-10-08
"HBK",2018-10-08
"HBK",2018-10-08
"HBK",2018-10-08
"HBK",2018-10-08
"HBK",2018-10-08
"HBK",2018-10-08
"HBK",2018-10-08
"HBK",2018-10-08
"HBK",2018-10-08
"HBK",2018-10-08
"HBK",2018-10-08
"HBK",2018-10-08
"HBK",2018-10-08
"HBK",2018-10-08
"HBK",2018-10-08
"HBK",2018-10-08
"HBK",2018-10-08
"HBK",2018-10-08
"HBK",2018-10-08
"HBK",2018-10-08
"HBK",2018-10-08
"HBK",2018-10-08
"HBK",2018-10-08
"HBK",2018-10-08
"HBK",2018-10-08
"HBK",2018-10-08
"HBK",2018-10-08
"HBK",2018-10-08
"HBK",2018-10-08
"HBK",2018-10-08
"HBK",2018-10-08
"HBK",2018-10-08
"HBK",2018-10-08
"HBK",2018-10-08
"HBK",2018-10-08
"HBK",2018-10-08
"HBK",2018-10-08
"HBK",2018-10-08
"HBK",2018-10-08
"HBK",2018-10-08
"HBK",2018-10-08
"HBK",2018-10-08
"HBK",2018-10-08
"HBK",2018-10-08
"HBK",2018-10-08
"HBK",2018-10-08
"HBK",2018-10-08
"HBK",2018-10-08
"HBK",2018-10-08
"HBK",2018-10-08
"HBK",2018-10-08
"HBK",2018-10-08
"HBK",2018-10-08
"HBK",2018-10-08
"HBK",2018-10-08
"HBK",2018-10-08
"HBK",2018-10-08
"HBK",2018-10-08
"HBK",2018-10-08
"HBK",2018-10-08
"HBK",2018-10-08
"HBK",2018-10-08
"HBK",2018-10-08
"HBK",2018-10-08
"HBK",2018-10-08
"HBK",2018-10-08
"HBK",2018-10-08
"HBK",2018-10-08
"HBK",2018-10-08
"HBK",2018-10-08
"HBK",2018-10-08
"HBK",2018-10-08
"HBK",2018-10-08
"HBK",2018-10-08
"HBK",2018-10-08
"HBK",2018-10-08
"HBK",2018-10-08
"HBK",2018-10-08
"HBK",2018-10-08
"HBK",2018-10-08
"HBK",2018-10-08
"HBK",2018-10-08
"HBK",2018-10-08
"HBK",2018-10-08
"HBK",2018-10-08
"HBK",2018-10-08
"HBK",2018-10-08
"HBK",2018-10-08
"HBK",2018-10-08
"HBK",2018-10-08
"HBK",2018-10-08
"HBK",2018-10-08
"HBK",2018-10-08
"HBK",2018-10-08
"HBK",2018-10-08
"HBK",2018-10-08
"HBK",2018-10-08
"HBK",2018-10-08
"HBK",2018-10-08
"HBK",2018-10-01
"HBK",2018-10-01
"HBK",2018-10-01
"HBK",2018-10-01
"HBK",2018-10-01
"HBK",2018-10-01
"HBK",2018-10-01
"HBK",2018-10-01
"HBK",2018-10-01
"HBK",2018-10-01
"HBK",2018-10-01
"HBK",2018-10-01
"HBK",2018-10-01
"HBK",2018-10-01
"HBK",2018-10-01
"HBK",2018-10-01
"HBK",2018-10-01
"HBK",2018-10-01
"HBK",2018-10-01
"HBK",2018-10-01
"HBK",2018-10-01
"HBK",2018-10-01
"HBK",2018-10-01
"HBK",2018-10-01
"HBK",2018-10-01
"HBK",2018-10-01
"HBK",2018-10-01
"HBK",2018-10-01
"HBK",2018-10-01
"HBK",2018-10-01
"HBK",2018-10-01
"HBK",2018-10-01
"HBK",2018-10-01
"HBK",2018-10-01
"HBK",2018-10-01
"HBK",2018-10-01
"HBK",2018-10-01
"HBK",2018-10-01
"HBK",2018-10-01
"HBK",2018-10-01
"HBK",2018-10-01
"HBK",2018-10-01
"HBK",2018-10-01
"HBK",2018-10-01
"HBK",2018-10-01
"HBK",2018-10-01
"HBK",2018-10-01
"HBK",2018-10-01
"HBK",2018-10-01
"HBK",2018-10-01
"HBK",2018-10-01
"HBK",2018-10-01
"HBK",2018-10-01
"HBK",2018-10-01
"HBK",2018-10-01
"HBK",2018-10-01
"HBK",2018-10-01
"HBK",2018-10-01
"HBK",2018-10-01
"HBK",2018-10-01
"HBK",2018-10-01
"HBK",2018-10-01
"HBK",2018-10-01
"HBK",2018-10-01
"HBK",2018-10-01
"HBK",2018-10-01
"HBK",2018-10-01
"HBK",2018-10-01
"HBK",2018-10-01
"HBK",2018-10-01
"HBK",2018-10-01
"HBK",2018-10-01
"HBK",2018-10-01
"HBK",2018-10-01
"HBK",2018-10-01
"HBK",2018-10-01
"HBK",2018-10-01
"HBK",2018-10-01
"HBK",2018-10-01
"HBK",2018-10-01
"HBK",2018-10-01
"HBK",2018-10-01
"HBK",2018-10-01
"HBK",2018-10-01
"HBK",2018-10-01
"HBK",2018-10-01
"HBK",2018-10-01
"HBK",2018-10-01
"HBK",2018-10-01
"HBK",2018-10-01
"HBK",2018-10-01
"HBK",2018-10-01
"HBK",2018-10-01
"HBK",2018-10-01
"HBK",2018-10-01
"HBK",2018-10-01
"HBK",2018-10-01
"HBK",2018-10-01
"HBK",2018-10-01
"HBK",2018-10-01
"HBK",2018-09-24
"HBK",2018-09-24
"HBK",2018-09-24
"HBK",2018-09-24
"HBK",2018-09-24
"HBK",2018-09-24
"HBK",2018-09-24
"HBK",2018-09-24
"HBK",2018-09-24
"HBK",2018-09-24
"HBK",2018-09-24
"HBK",2018-09-24
"HBK",2018-09-24
"HBK",2018-09-24
"HBK",2018-09-24
"HBK",2018-09-24
"HBK",2018-09-24
"HBK",2018-09-24
"HBK",2018-09-24
"HBK",2018-09-24
"HBK",2018-09-24
"HBK",2018-09-24
"HBK",2018-09-24
"HBK",2018-09-24
"HBK",2018-09-24
"HBK",2018-09-24
"HBK",2018-09-24
"HBK",2018-09-24
"HBK",2018-09-24
"HBK",2018-09-24
"HBK",2018-09-24
"HBK",2018-09-24
"HBK",2018-09-24
"HBK",2018-09-24
"HBK",2018-09-24
"HBK",2018-09-24
"HBK",2018-09-24
"HBK",2018-09-24
"HBK",2018-09-24
"HBK",2018-09-24
"HBK",2018-09-24
"HBK",2018-09-24
"HBK",2018-09-24
"HBK",2018-09-24
"HBK",2018-09-24
"HBK",2018-09-24
"HBK",2018-09-24
"HBK",2018-09-24
"HBK",2018-09-24
"HBK",2018-09-24
"HBK",2018-09-24
"HBK",2018-09-24
"HBK",2018-09-24
"HBK",2018-09-24
"HBK",2018-09-24
"HBK",2018-09-24
"HBK",2018-09-24
"HBK",2018-09-24
"HBK",2018-09-24
"HBK",2018-09-24
"HBK",2018-09-24
"HBK",2018-09-24
"HBK",2018-09-24
"HBK",2018-09-24
"HBK",2018-09-24
"HBK",2018-09-24
"HBK",2018-09-24
"HBK",2018-09-24
"HBK",2018-09-24
"HBK",2018-09-24
"HBK",2018-09-24
"HBK",2018-09-24
"HBK",2018-09-24
"HBK",2018-09-24
"HBK",2018-09-24
"HBK",2018-09-24
"HBK",2018-09-24
"HBK",2018-09-24
"HBK",2018-09-24
"HBK",2018-09-24
"HBK",2018-09-24
"HBK",2018-09-24
"HBK",2018-09-24
"HBK",2018-09-24
"HBK",2018-09-24
"HBK",2018-09-24
"HBK",2018-09-24
"HBK",2018-09-24
"HBK",2018-09-24
"HBK",2018-09-24
"HBK",2018-09-24
"HBK",2018-09-24
"HBK",2018-09-24
"HBK",2018-09-24
"HBK",2018-09-24
"HBK",2018-09-24
"HBK",2018-09-24
"HBK",2018-09-24
"HBK",2018-09-24
"HBK",2018-09-24
"HBK",2018-09-17
"HBK",2018-09-17
"HBK",2018-09-17
"HBK",2018-09-17
"HBK",2018-09-17
"HBK",2018-09-17
"HBK",2018-09-17
"HBK",2018-09-17
"HBK",2018-09-17
"HBK",2018-09-17
"HBK",2018-09-17
"HBK",2018-09-17
"HBK",2018-09-17
"HBK",2018-09-17
"HBK",2018-09-17
"HBK",2018-09-17
"HBK",2018-09-17
"HBK",2018-09-17
"HBK",2018-09-17
"HBK",2018-09-17
"HBK",2018-09-17
"HBK",2018-09-17
"HBK",2018-09-17
"HBK",2018-09-17
"HBK",2018-09-17
"HBK",2018-09-17
"HBK",2018-09-17
"HBK",2018-09-17
"HBK",2018-09-17
"HBK",2018-09-17
"HBK",2018-09-17
"HBK",2018-09-17
"HBK",2018-09-17
"HBK",2018-09-17
"HBK",2018-09-17
"HBK",2018-09-17
"HBK",2018-09-17
"HBK",2018-09-17
"HBK",2018-09-17
"HBK",2018-09-17
"HBK",2018-09-17
"HBK",2018-09-17
"HBK",2018-09-17
"HBK",2018-09-17
"HBK",2018-09-17
"HBK",2018-09-17
"HBK",2018-09-17
"HBK",2018-09-17
"HBK",2018-09-17
"HBK",2018-09-17
"HBK",2018-09-17
"HBK",2018-09-17
"HBK",2018-09-17
"HBK",2018-09-17
"HBK",2018-09-17
"HBK",2018-09-17
"HBK",2018-09-17
"HBK",2018-09-17
"HBK",2018-09-17
"HBK",2018-09-17
"HBK",2018-09-17
"HBK",2018-09-17
"HBK",2018-09-17
"HBK",2018-09-17
"HBK",2018-09-17
"HBK",2018-09-17
"HBK",2018-09-17
"HBK",2018-09-17
"HBK",2018-09-17
"HBK",2018-09-17
"HBK",2018-09-17
"HBK",2018-09-17
"HBK",2018-09-17
"HBK",2018-09-17
"HBK",2018-09-17
"HBK",2018-09-17
"HBK",2018-09-17
"HBK",2018-09-17
"HBK",2018-09-17
"HBK",2018-09-17
"HBK",2018-09-17
"HBK",2018-09-17
"HBK",2018-09-17
"HBK",2018-09-17
"HBK",2018-09-17
"HBK",2018-09-17
"HBK",2018-09-17
"HBK",2018-09-17
"HBK",2018-09-17
"HBK",2018-09-17
"HBK",2018-09-17
"HBK",2018-09-17
"HBK",2018-09-17
"HBK",2018-09-17
"HBK",2018-09-17
"HBK",2018-09-17
"HBK",2018-09-17
"HBK",2018-09-17
"HBK",2018-09-17
"HBK",2018-09-17
"HBK",2018-09-10
"HBK",2018-09-10
"HBK",2018-09-10
"HBK",2018-09-10
"HBK",2018-09-10
"HBK",2018-09-10
"HBK",2018-09-10
"HBK",2018-09-10
"HBK",2018-09-10
"HBK",2018-09-10
"HBK",2018-09-10
"HBK",2018-09-10
"HBK",2018-09-10
"HBK",2018-09-10
"HBK",2018-09-10
"HBK",2018-09-10
"HBK",2018-09-10
"HBK",2018-09-10
"HBK",2018-09-10
"HBK",2018-09-10
"HBK",2018-09-10
"HBK",2018-09-10
"HBK",2018-09-10
"HBK",2018-09-10
"HBK",2018-09-10
"HBK",2018-09-10
"HBK",2018-09-10
"HBK",2018-09-10
"HBK",2018-09-10
"HBK",2018-09-10
"HBK",2018-09-10
"HBK",2018-09-10
"HBK",2018-09-10
"HBK",2018-09-10
"HBK",2018-09-10
"HBK",2018-09-10
"HBK",2018-09-10
"HBK",2018-09-10
"HBK",2018-09-10
"HBK",2018-09-10
"HBK",2018-09-10
"HBK",2018-09-10
"HBK",2018-09-10
"HBK",2018-09-10
"HBK",2018-09-10
"HBK",2018-09-10
"HBK",2018-09-10
"HBK",2018-09-10
"HBK",2018-09-10
"HBK",2018-09-10
"HBK",2018-09-10
"HBK",2018-09-10
"HBK",2018-09-10
"HBK",2018-09-10
"HBK",2018-09-10
"HBK",2018-09-10
"HBK",2018-09-10
"HBK",2018-09-10
"HBK",2018-09-10
"HBK",2018-09-10
"HBK",2018-09-10
"HBK",2018-09-10
"HBK",2018-09-10
"HBK",2018-09-10
"HBK",2018-09-10
"HBK",2018-09-10
"HBK",2018-09-10
"HBK",2018-09-10
"HBK",2018-09-10
"HBK",2018-09-10
"HBK",2018-09-10
"HBK",2018-09-10
"HBK",2018-09-10
"HBK",2018-09-10
"HBK",2018-09-10
"HBK",2018-09-10
"HBK",2018-09-10
"HBK",2018-09-10
"HBK",2018-09-10
"HBK",2018-09-10
"HBK",2018-09-10
"HBK",2018-09-10
"HBK",2018-09-10
"HBK",2018-09-10
"HBK",2018-09-10
"HBK",2018-09-10
"HBK",2018-09-10
"HBK",2018-09-10
"HBK",2018-09-10
"HBK",2018-09-10
"HBK",2018-09-10
"HBK",2018-09-10
"HBK",2018-09-10
"HBK",2018-09-10
"HBK",2018-09-10
"HBK",2018-09-10
"HBK",2018-09-10
"HBK",2018-09-10
"HBK",2018-09-10
"HBK",2018-09-10
"HBK",2018-09-04
"HBK",2018-09-04
"HBK",2018-09-04
"HBK",2018-09-04
"HBK",2018-09-04
"HBK",2018-09-04
"HBK",2018-09-04
"HBK",2018-09-04
"HBK",2018-09-04
"HBK",2018-09-04
"HBK",2018-09-04
"HBK",2018-09-04
"HBK",2018-09-04
"HBK",2018-09-04
"HBK",2018-09-04
"HBK",2018-09-04
"HBK",2018-09-04
"HBK",2018-09-04
"HBK",2018-09-04
"HBK",2018-09-04
"HBK",2018-09-04
"HBK",2018-09-04
"HBK",2018-09-04
"HBK",2018-09-04
"HBK",2018-09-04
"HBK",2018-09-04
"HBK",2018-09-04
"HBK",2018-09-04
"HBK",2018-09-04
"HBK",2018-09-04
"HBK",2018-09-04
"HBK",2018-09-04
"HBK",2018-09-04
"HBK",2018-09-04
"HBK",2018-09-04
"HBK",2018-09-04
"HBK",2018-09-04
"HBK",2018-09-04
"HBK",2018-09-04
"HBK",2018-09-04
"HBK",2018-09-04
"HBK",2018-09-04
"HBK",2018-09-04
"HBK",2018-09-04
"HBK",2018-09-04
"HBK",2018-09-04
"HBK",2018-09-04
"HBK",2018-09-04
"HBK",2018-09-04
"HBK",2018-09-04
"HBK",2018-09-04
"HBK",2018-09-04
"HBK",2018-09-04
"HBK",2018-09-04
"HBK",2018-09-04
"HBK",2018-09-04
"HBK",2018-09-04
"HBK",2018-09-04
"HBK",2018-09-04
"HBK",2018-09-04
"HBK",2018-09-04
"HBK",2018-09-04
"HBK",2018-09-04
"HBK",2018-09-04
"HBK",2018-09-04
"HBK",2018-09-04
"HBK",2018-09-04
"HBK",2018-09-04
"HBK",2018-09-04
"HBK",2018-09-04
"HBK",2018-09-04
"HBK",2018-09-04
"HBK",2018-09-04
"HBK",2018-09-04
"HBK",2018-09-04
"HBK",2018-09-04
"HBK",2018-09-04
"HBK",2018-09-04
"HBK",2018-09-04
"HBK",2018-09-04
"HBK",2018-09-04
"HBK",2018-09-04
"HBK",2018-09-04
"HBK",2018-09-04
"HBK",2018-09-04
"HBK",2018-09-04
"HBK",2018-09-04
"HBK",2018-09-04
"HBK",2018-09-04
"HBK",2018-09-04
"HBK",2018-09-04
"HBK",2018-09-04
"HBK",2018-09-04
"HBK",2018-09-04
"HBK",2018-09-04
"HBK",2018-09-04
"HBK",2018-09-04
"HBK",2018-09-04
"HBK",2018-09-04
"HBK",2018-09-04
"HBK",2018-08-27
"HBK",2018-08-27
"HBK",2018-08-27
"HBK",2018-08-27
"HBK",2018-08-27
"HBK",2018-08-27
"HBK",2018-08-27
"HBK",2018-08-27
"HBK",2018-08-27
"HBK",2018-08-27
"HBK",2018-08-27
"HBK",2018-08-27
"HBK",2018-08-27
"HBK",2018-08-27
"HBK",2018-08-27
"HBK",2018-08-27
"HBK",2018-08-27
"HBK",2018-08-27
"HBK",2018-08-27
"HBK",2018-08-27
"HBK",2018-08-27
"HBK",2018-08-27
"HBK",2018-08-27
"HBK",2018-08-27
"HBK",2018-08-27
"HBK",2018-08-27
"HBK",2018-08-27
"HBK",2018-08-27
"HBK",2018-08-27
"HBK",2018-08-27
"HBK",2018-08-27
"HBK",2018-08-27
"HBK",2018-08-27
"HBK",2018-08-27
"HBK",2018-08-27
"HBK",2018-08-27
"HBK",2018-08-27
"HBK",2018-08-27
"HBK",2018-08-27
"HBK",2018-08-27
"HBK",2018-08-27
"HBK",2018-08-27
"HBK",2018-08-27
"HBK",2018-08-27
"HBK",2018-08-27
"HBK",2018-08-27
"HBK",2018-08-27
"HBK",2018-08-27
"HBK",2018-08-27
"HBK",2018-08-27
"HBK",2018-08-27
"HBK",2018-08-27
"HBK",2018-08-27
"HBK",2018-08-27
"HBK",2018-08-27
"HBK",2018-08-27
"HBK",2018-08-27
"HBK",2018-08-27
"HBK",2018-08-27
"HBK",2018-08-27
"HBK",2018-08-27
"HBK",2018-08-27
"HBK",2018-08-27
"HBK",2018-08-27
"HBK",2018-08-27
"HBK",2018-08-27
"HBK",2018-08-27
"HBK",2018-08-27
"HBK",2018-08-27
"HBK",2018-08-27
"HBK",2018-08-27
"HBK",2018-08-27
"HBK",2018-08-27
"HBK",2018-08-27
"HBK",2018-08-27
"HBK",2018-08-27
"HBK",2018-08-27
"HBK",2018-08-27
"HBK",2018-08-27
"HBK",2018-08-27
"HBK",2018-08-27
"HBK",2018-08-27
"HBK",2018-08-27
"HBK",2018-08-27
"HBK",2018-08-27
"HBK",2018-08-27
"HBK",2018-08-27
"HBK",2018-08-27
"HBK",2018-08-27
"HBK",2018-08-27
"HBK",2018-08-27
"HBK",2018-08-27
"HBK",2018-08-27
"HBK",2018-08-27
"HBK",2018-08-27
"HBK",2018-08-27
"HBK",2018-08-27
"HBK",2018-08-27
"HBK",2018-08-27
"HBK",2018-08-27
"HBK",2018-08-20
"HBK",2018-08-20
"HBK",2018-08-20
"HBK",2018-08-20
"HBK",2018-08-20
"HBK",2018-08-20
"HBK",2018-08-20
"HBK",2018-08-20
"HBK",2018-08-20
"HBK",2018-08-20
"HBK",2018-08-20
"HBK",2018-08-20
"HBK",2018-08-20
"HBK",2018-08-20
"HBK",2018-08-20
"HBK",2018-08-20
"HBK",2018-08-20
"HBK",2018-08-20
"HBK",2018-08-20
"HBK",2018-08-20
"HBK",2018-08-20
"HBK",2018-08-20
"HBK",2018-08-20
"HBK",2018-08-20
"HBK",2018-08-20
"HBK",2018-08-20
"HBK",2018-08-20
"HBK",2018-08-20
"HBK",2018-08-20
"HBK",2018-08-20
"HBK",2018-08-20
"HBK",2018-08-20
"HBK",2018-08-20
"HBK",2018-08-20
"HBK",2018-08-20
"HBK",2018-08-20
"HBK",2018-08-20
"HBK",2018-08-20
"HBK",2018-08-20
"HBK",2018-08-20
"HBK",2018-08-20
"HBK",2018-08-20
"HBK",2018-08-20
"HBK",2018-08-20
"HBK",2018-08-20
"HBK",2018-08-20
"HBK",2018-08-20
"HBK",2018-08-20
"HBK",2018-08-20
"HBK",2018-08-20
"HBK",2018-08-20
"HBK",2018-08-20
"HBK",2018-08-20
"HBK",2018-08-20
"HBK",2018-08-20
"HBK",2018-08-20
"HBK",2018-08-20
"HBK",2018-08-20
"HBK",2018-08-20
"HBK",2018-08-20
"HBK",2018-08-20
"HBK",2018-08-20
"HBK",2018-08-20
"HBK",2018-08-20
"HBK",2018-08-20
"HBK",2018-08-20
"HBK",2018-08-20
"HBK",2018-08-20
"HBK",2018-08-20
"HBK",2018-08-20
"HBK",2018-08-20
"HBK",2018-08-20
"HBK",2018-08-20
"HBK",2018-08-20
"HBK",2018-08-20
"HBK",2018-08-20
"HBK",2018-08-20
"HBK",2018-08-20
"HBK",2018-08-20
"HBK",2018-08-20
"HBK",2018-08-20
"HBK",2018-08-20
"HBK",2018-08-20
"HBK",2018-08-20
"HBK",2018-08-20
"HBK",2018-08-20
"HBK",2018-08-20
"HBK",2018-08-20
"HBK",2018-08-20
"HBK",2018-08-20
"HBK",2018-08-20
"HBK",2018-08-20
"HBK",2018-08-20
"HBK",2018-08-20
"HBK",2018-08-20
"HBK",2018-08-20
"HBK",2018-08-20
"HBK",2018-08-20
"HBK",2018-08-20
"HBK",2018-08-20
"HBK",2018-08-13
"HBK",2018-08-13
"HBK",2018-08-13
"HBK",2018-08-13
"HBK",2018-08-13
"HBK",2018-08-13
"HBK",2018-08-13
"HBK",2018-08-13
"HBK",2018-08-13
"HBK",2018-08-13
"HBK",2018-08-13
"HBK",2018-08-13
"HBK",2018-08-13
"HBK",2018-08-13
"HBK",2018-08-13
"HBK",2018-08-13
"HBK",2018-08-13
"HBK",2018-08-13
"HBK",2018-08-13
"HBK",2018-08-13
"HBK",2018-08-13
"HBK",2018-08-13
"HBK",2018-08-13
"HBK",2018-08-13
"HBK",2018-08-13
"HBK",2018-08-13
"HBK",2018-08-13
"HBK",2018-08-13
"HBK",2018-08-13
"HBK",2018-08-13
"HBK",2018-08-13
"HBK",2018-08-13
"HBK",2018-08-13
"HBK",2018-08-13
"HBK",2018-08-13
"HBK",2018-08-13
"HBK",2018-08-13
"HBK",2018-08-13
"HBK",2018-08-13
"HBK",2018-08-13
"HBK",2018-08-13
"HBK",2018-08-13
"HBK",2018-08-13
"HBK",2018-08-13
"HBK",2018-08-13
"HBK",2018-08-13
"HBK",2018-08-13
"HBK",2018-08-13
"HBK",2018-08-13
"HBK",2018-08-13
"HBK",2018-08-13
"HBK",2018-08-13
"HBK",2018-08-13
"HBK",2018-08-13
"HBK",2018-08-13
"HBK",2018-08-13
"HBK",2018-08-13
"HBK",2018-08-13
"HBK",2018-08-13
"HBK",2018-08-13
"HBK",2018-08-13
"HBK",2018-08-13
"HBK",2018-08-13
"HBK",2018-08-13
"HBK",2018-08-13
"HBK",2018-08-13
"HBK",2018-08-13
"HBK",2018-08-13
"HBK",2018-08-13
"HBK",2018-08-13
"HBK",2018-08-13
"HBK",2018-08-13
"HBK",2018-08-13
"HBK",2018-08-13
"HBK",2018-08-13
"HBK",2018-08-13
"HBK",2018-08-13
"HBK",2018-08-13
"HBK",2018-08-13
"HBK",2018-08-13
"HBK",2018-08-13
"HBK",2018-08-13
"HBK",2018-08-13
"HBK",2018-08-13
"HBK",2018-08-13
"HBK",2018-08-13
"HBK",2018-08-13
"HBK",2018-08-13
"HBK",2018-08-13
"HBK",2018-08-13
"HBK",2018-08-13
"HBK",2018-08-13
"HBK",2018-08-13
"HBK",2018-08-13
"HBK",2018-08-13
"HBK",2018-08-13
"HBK",2018-08-13
"HBK",2018-08-13
"HBK",2018-08-13
"HBK",2018-08-13
"HBK",2018-08-06
"HBK",2018-08-06
"HBK",2018-08-06
"HBK",2018-08-06
"HBK",2018-08-06
"HBK",2018-08-06
"HBK",2018-08-06
"HBK",2018-08-06
"HBK",2018-08-06
"HBK",2018-08-06
"HBK",2018-08-06
"HBK",2018-08-06
"HBK",2018-08-06
"HBK",2018-08-06
"HBK",2018-08-06
"HBK",2018-08-06
"HBK",2018-08-06
"HBK",2018-08-06
"HBK",2018-08-06
"HBK",2018-08-06
"HBK",2018-08-06
"HBK",2018-08-06
"HBK",2018-08-06
"HBK",2018-08-06
"HBK",2018-08-06
"HBK",2018-08-06
"HBK",2018-08-06
"HBK",2018-08-06
"HBK",2018-08-06
"HBK",2018-08-06
"HBK",2018-08-06
"HBK",2018-08-06
"HBK",2018-08-06
"HBK",2018-08-06
"HBK",2018-08-06
"HBK",2018-08-06
"HBK",2018-08-06
"HBK",2018-08-06
"HBK",2018-08-06
"HBK",2018-08-06
"HBK",2018-08-06
"HBK",2018-08-06
"HBK",2018-08-06
"HBK",2018-08-06
"HBK",2018-08-06
"HBK",2018-08-06
"HBK",2018-08-06
"HBK",2018-08-06
"HBK",2018-08-06
"HBK",2018-08-06
"HBK",2018-08-06
"HBK",2018-08-06
"HBK",2018-08-06
"HBK",2018-08-06
"HBK",2018-08-06
"HBK",2018-08-06
"HBK",2018-08-06
"HBK",2018-08-06
"HBK",2018-08-06
"HBK",2018-08-06
"HBK",2018-08-06
"HBK",2018-08-06
"HBK",2018-08-06
"HBK",2018-08-06
"HBK",2018-08-06
"HBK",2018-08-06
"HBK",2018-08-06
"HBK",2018-08-06
"HBK",2018-08-06
"HBK",2018-08-06
"HBK",2018-08-06
"HBK",2018-08-06
"HBK",2018-08-06
"HBK",2018-08-06
"HBK",2018-08-06
"HBK",2018-08-06
"HBK",2018-08-06
"HBK",2018-08-06
"HBK",2018-08-06
"HBK",2018-08-06
"HBK",2018-08-06
"HBK",2018-08-06
"HBK",2018-08-06
"HBK",2018-08-06
"HBK",2018-08-06
"HBK",2018-08-06
"HBK",2018-08-06
"HBK",2018-08-06
"HBK",2018-08-06
"HBK",2018-08-06
"HBK",2018-08-06
"HBK",2018-08-06
"HBK",2018-08-06
"HBK",2018-08-06
"HBK",2018-08-06
"HBK",2018-08-06
"HBK",2018-08-06
"HBK",2018-08-06
"HBK",2018-08-06
"HBK",2018-08-06
"HBK",2018-07-30
"HBK",2018-07-30
"HBK",2018-07-30
"HBK",2018-07-30
"HBK",2018-07-30
"HBK",2018-07-30
"HBK",2018-07-30
"HBK",2018-07-30
"HBK",2018-07-30
"HBK",2018-07-30
"HBK",2018-07-30
"HBK",2018-07-30
"HBK",2018-07-30
"HBK",2018-07-30
"HBK",2018-07-30
"HBK",2018-07-30
"HBK",2018-07-30
"HBK",2018-07-30
"HBK",2018-07-30
"HBK",2018-07-30
"HBK",2018-07-30
"HBK",2018-07-30
"HBK",2018-07-30
"HBK",2018-07-30
"HBK",2018-07-30
"HBK",2018-07-30
"HBK",2018-07-30
"HBK",2018-07-30
"HBK",2018-07-30
"HBK",2018-07-30
"HBK",2018-07-30
"HBK",2018-07-30
"HBK",2018-07-30
"HBK",2018-07-30
"HBK",2018-07-30
"HBK",2018-07-30
"HBK",2018-07-30
"HBK",2018-07-30
"HBK",2018-07-30
"HBK",2018-07-30
"HBK",2018-07-30
"HBK",2018-07-30
"HBK",2018-07-30
"HBK",2018-07-30
"HBK",2018-07-30
"HBK",2018-07-30
"HBK",2018-07-30
"HBK",2018-07-30
"HBK",2018-07-30
"HBK",2018-07-30
"HBK",2018-07-30
"HBK",2018-07-30
"HBK",2018-07-30
"HBK",2018-07-30
"HBK",2018-07-30
"HBK",2018-07-30
"HBK",2018-07-30
"HBK",2018-07-30
"HBK",2018-07-30
"HBK",2018-07-30
"HBK",2018-07-30
"HBK",2018-07-30
"HBK",2018-07-30
"HBK",2018-07-30
"HBK",2018-07-30
"HBK",2018-07-30
"HBK",2018-07-30
"HBK",2018-07-30
"HBK",2018-07-30
"HBK",2018-07-30
"HBK",2018-07-30
"HBK",2018-07-30
"HBK",2018-07-30
"HBK",2018-07-30
"HBK",2018-07-30
"HBK",2018-07-30
"HBK",2018-07-30
"HBK",2018-07-30
"HBK",2018-07-30
"HBK",2018-07-30
"HBK",2018-07-30
"HBK",2018-07-30
"HBK",2018-07-30
"HBK",2018-07-30
"HBK",2018-07-30
"HBK",2018-07-30
"HBK",2018-07-30
"HBK",2018-07-30
"HBK",2018-07-30
"HBK",2018-07-30
"HBK",2018-07-30
"HBK",2018-07-30
"HBK",2018-07-30
"HBK",2018-07-30
"HBK",2018-07-30
"HBK",2018-07-30
"HBK",2018-07-30
"HBK",2018-07-30
"HBK",2018-07-30
"HBK",2018-07-30
"HBK",2018-07-23
"HBK",2018-07-23
"HBK",2018-07-23
"HBK",2018-07-23
"HBK",2018-07-23
"HBK",2018-07-23
"HBK",2018-07-23
"HBK",2018-07-23
"HBK",2018-07-23
"HBK",2018-07-23
"HBK",2018-07-23
"HBK",2018-07-23
"HBK",2018-07-23
"HBK",2018-07-23
"HBK",2018-07-23
"HBK",2018-07-23
"HBK",2018-07-23
"HBK",2018-07-23
"HBK",2018-07-23
"HBK",2018-07-23
"HBK",2018-07-23
"HBK",2018-07-23
"HBK",2018-07-23
"HBK",2018-07-23
"HBK",2018-07-23
"HBK",2018-07-23
"HBK",2018-07-23
"HBK",2018-07-23
"HBK",2018-07-23
"HBK",2018-07-23
"HBK",2018-07-23
"HBK",2018-07-23
"HBK",2018-07-23
"HBK",2018-07-23
"HBK",2018-07-23
"HBK",2018-07-23
"HBK",2018-07-23
"HBK",2018-07-23
"HBK",2018-07-23
"HBK",2018-07-23
"HBK",2018-07-23
"HBK",2018-07-23
"HBK",2018-07-23
"HBK",2018-07-23
"HBK",2018-07-23
"HBK",2018-07-23
"HBK",2018-07-23
"HBK",2018-07-23
"HBK",2018-07-23
"HBK",2018-07-23
"HBK",2018-07-23
"HBK",2018-07-23
"HBK",2018-07-23
"HBK",2018-07-23
"HBK",2018-07-23
"HBK",2018-07-23
"HBK",2018-07-23
"HBK",2018-07-23
"HBK",2018-07-23
"HBK",2018-07-23
"HBK",2018-07-23
"HBK",2018-07-23
"HBK",2018-07-23
"HBK",2018-07-23
"HBK",2018-07-23
"HBK",2018-07-23
"HBK",2018-07-23
"HBK",2018-07-23
"HBK",2018-07-23
"HBK",2018-07-23
"HBK",2018-07-23
"HBK",2018-07-23
"HBK",2018-07-23
"HBK",2018-07-23
"HBK",2018-07-23
"HBK",2018-07-23
"HBK",2018-07-23
"HBK",2018-07-23
"HBK",2018-07-23
"HBK",2018-07-23
"HBK",2018-07-23
"HBK",2018-07-23
"HBK",2018-07-23
"HBK",2018-07-23
"HBK",2018-07-23
"HBK",2018-07-23
"HBK",2018-07-23
"HBK",2018-07-23
"HBK",2018-07-23
"HBK",2018-07-23
"HBK",2018-07-23
"HBK",2018-07-23
"HBK",2018-07-23
"HBK",2018-07-23
"HBK",2018-07-23
"HBK",2018-07-23
"HBK",2018-07-23
"HBK",2018-07-23
"HBK",2018-07-23
"HBK",2018-07-23
"HBK",2018-07-16
"HBK",2018-07-16
"HBK",2018-07-16
"HBK",2018-07-16
"HBK",2018-07-16
"HBK",2018-07-16
"HBK",2018-07-16
"HBK",2018-07-16
"HBK",2018-07-16
"HBK",2018-07-16
"HBK",2018-07-16
"HBK",2018-07-16
"HBK",2018-07-16
"HBK",2018-07-16
"HBK",2018-07-16
"HBK",2018-07-16
"HBK",2018-07-16
"HBK",2018-07-16
"HBK",2018-07-16
"HBK",2018-07-16
"HBK",2018-07-16
"HBK",2018-07-16
"HBK",2018-07-16
"HBK",2018-07-16
"HBK",2018-07-16
"HBK",2018-07-16
"HBK",2018-07-16
"HBK",2018-07-16
"HBK",2018-07-16
"HBK",2018-07-16
"HBK",2018-07-16
"HBK",2018-07-16
"HBK",2018-07-16
"HBK",2018-07-16
"HBK",2018-07-16
"HBK",2018-07-16
"HBK",2018-07-16
"HBK",2018-07-16
"HBK",2018-07-16
"HBK",2018-07-16
"HBK",2018-07-16
"HBK",2018-07-16
"HBK",2018-07-16
"HBK",2018-07-16
"HBK",2018-07-16
"HBK",2018-07-16
"HBK",2018-07-16
"HBK",2018-07-16
"HBK",2018-07-16
"HBK",2018-07-16
"HBK",2018-07-16
"HBK",2018-07-16
"HBK",2018-07-16
"HBK",2018-07-16
"HBK",2018-07-16
"HBK",2018-07-16
"HBK",2018-07-16
"HBK",2018-07-16
"HBK",2018-07-16
"HBK",2018-07-16
"HBK",2018-07-16
"HBK",2018-07-16
"HBK",2018-07-16
"HBK",2018-07-16
"HBK",2018-07-16
"HBK",2018-07-16
"HBK",2018-07-16
"HBK",2018-07-16
"HBK",2018-07-16
"HBK",2018-07-16
"HBK",2018-07-16
"HBK",2018-07-16
"HBK",2018-07-16
"HBK",2018-07-16
"HBK",2018-07-16
"HBK",2018-07-16
"HBK",2018-07-16
"HBK",2018-07-16
"HBK",2018-07-16
"HBK",2018-07-16
"HBK",2018-07-16
"HBK",2018-07-16
"HBK",2018-07-16
"HBK",2018-07-16
"HBK",2018-07-16
"HBK",2018-07-16
"HBK",2018-07-16
"HBK",2018-07-16
"HBK",2018-07-16
"HBK",2018-07-16
"HBK",2018-07-16
"HBK",2018-07-16
"HBK",2018-07-16
"HBK",2018-07-16
"HBK",2018-07-16
"HBK",2018-07-16
"HBK",2018-07-16
"HBK",2018-07-16
"HBK",2018-07-16
"HBK",2018-07-16
"HBK",2018-07-09
"HBK",2018-07-09
"HBK",2018-07-09
"HBK",2018-07-09
"HBK",2018-07-09
"HBK",2018-07-09
"HBK",2018-07-09
"HBK",2018-07-09
"HBK",2018-07-09
"HBK",2018-07-09
"HBK",2018-07-09
"HBK",2018-07-09
"HBK",2018-07-09
"HBK",2018-07-09
"HBK",2018-07-09
"HBK",2018-07-09
"HBK",2018-07-09
"HBK",2018-07-09
"HBK",2018-07-09
"HBK",2018-07-09
"HBK",2018-07-09
"HBK",2018-07-09
"HBK",2018-07-09
"HBK",2018-07-09
"HBK",2018-07-09
"HBK",2018-07-09
"HBK",2018-07-09
"HBK",2018-07-09
"HBK",2018-07-09
"HBK",2018-07-09
"HBK",2018-07-09
"HBK",2018-07-09
"HBK",2018-07-09
"HBK",2018-07-09
"HBK",2018-07-09
"HBK",2018-07-09
"HBK",2018-07-09
"HBK",2018-07-09
"HBK",2018-07-09
"HBK",2018-07-09
"HBK",2018-07-09
"HBK",2018-07-09
"HBK",2018-07-09
"HBK",2018-07-09
"HBK",2018-07-09
"HBK",2018-07-09
"HBK",2018-07-09
"HBK",2018-07-09
"HBK",2018-07-09
"HBK",2018-07-09
"HBK",2018-07-09
"HBK",2018-07-09
"HBK",2018-07-09
"HBK",2018-07-09
"HBK",2018-07-09
"HBK",2018-07-09
"HBK",2018-07-09
"HBK",2018-07-09
"HBK",2018-07-09
"HBK",2018-07-09
"HBK",2018-07-09
"HBK",2018-07-09
"HBK",2018-07-09
"HBK",2018-07-09
"HBK",2018-07-09
"HBK",2018-07-09
"HBK",2018-07-09
"HBK",2018-07-09
"HBK",2018-07-09
"HBK",2018-07-09
"HBK",2018-07-09
"HBK",2018-07-09
"HBK",2018-07-09
"HBK",2018-07-09
"HBK",2018-07-09
"HBK",2018-07-09
"HBK",2018-07-09
"HBK",2018-07-09
"HBK",2018-07-09
"HBK",2018-07-09
"HBK",2018-07-09
"HBK",2018-07-09
"HBK",2018-07-09
"HBK",2018-07-09
"HBK",2018-07-09
"HBK",2018-07-09
"HBK",2018-07-09
"HBK",2018-07-09
"HBK",2018-07-09
"HBK",2018-07-09
"HBK",2018-07-09
"HBK",2018-07-09
"HBK",2018-07-09
"HBK",2018-07-09
"HBK",2018-07-09
"HBK",2018-07-09
"HBK",2018-07-09
"HBK",2018-07-09
"HBK",2018-07-09
"HBK",2018-07-09
