Watershed,Date,Dipteran_Large,Terrestrial_Large,Caddisfly_Large,Mayfly_Large,Stonefly_Large,Other_Large,Dipteran_Small,Terrestrial_Small,Caddisfly_Small,Other_Small
1,12/3/2019,1,,,,,,,,,
1,12/3/2019,1,,,,,,,,,
1,11/25/2019,1,,,,,,2,,,
1,11/25/2019,,,,,,,3,,,
1,11/18/2019,,,,,,,2,,,
1,11/18/2019,,,,,,,,,,
1,11/11/2019,,,,,,,7,,,
1,11/11/2019,,,,,,,3,,,1
1,11/11/2019,,,,,,,7,1,,
1,11/11/2019,1,,,,,,5,,,
1,11/11/2019,,,,,,,10,,,
1,11/11/2019,,,,,,1,6,,,
1,11/11/2019,,,,,,,6,,,
1,11/11/2019,,,,,,,1,,,
1,11/11/2019,,,,,,,4,,,
1,11/11/2019,1,,,,,,7,,,
1,11/4/2019,4,1,,,,,40,6,,
1,11/4/2019,1,2,,,,,12,3,,
1,11/4/2019,,,,,,,16,,,2
1,11/4/2019,2,1,,,,1,23,,,
1,11/4/2019,3,,,,,,21,3,,
1,11/4/2019,4,,,,,,12,4,,
1,11/4/2019,5,,,,,,29,4,,1
1,11/4/2019,1,,,,,,13,2,,1
1,11/4/2019,2,,,,,,5,2,,
1,11/4/2019,,,,,,1,11,,,1
1,10/28/2019,3,1,,,,1,28,5,,1
1,10/28/2019,5,,,,,,10,4,,
1,10/28/2019,12,,,,,,30,1,,
1,10/28/2019,3,6,,,,,24,6,,
1,10/28/2019,14,1,,,1,,37,12,,1
1,10/28/2019,11,1,,,,,46,10,,3
1,10/28/2019,8,,,,1,1,31,9,,2
1,10/28/2019,5,,,,,1,27,2,,
1,10/28/2019,3,1,,,,1,14,2,,
1,10/28/2019,14,,,,,,30,9,,1
1,10/21/2019,24,,,,,,25,5,,
1,10/21/2019,5,1,,,,,7,,,
1,10/21/2019,4,1,,,,,7,,,
1,10/21/2019,3,,,,,,7,2,,
1,10/21/2019,5,,,,,,8,1,,
1,10/21/2019,17,,,,,,30,1,,
1,10/21/2019,13,2,1,,,,11,3,,
1,10/21/2019,4,,,,,,8,2,,2
1,10/21/2019,6,,,,,,5,6,,
1,10/21/2019,16,1,,,,,15,3,,
1,10/15/2019,1,,,,,1,11,3,,
1,10/15/2019,1,,,,,,6,4,,
1,10/15/2019,2,,,,,1,14,3,,
1,10/15/2019,,1,,,,4,17,3,,
1,10/15/2019,2,3,,,,,9,2,,
1,10/15/2019,,,,,,1,13,6,,3
1,10/15/2019,,,,,,,9,8,,
1,10/15/2019,4,1,,,,,10,7,,1
1,10/15/2019,1,2,,,,,12,4,,
1,10/15/2019,,2,,,,3,6,1,,
1,10/7/2019,1,1,,,,1,13,3,,
1,10/7/2019,,,,,,,1,1,,2
1,10/7/2019,4,2,,,,,6,,,
1,10/7/2019,2,1,,,,,13,1,,1
1,10/7/2019,3,,,,,,3,2,,1
1,10/7/2019,1,2,,,,1,4,,,
1,10/7/2019,5,3,,,,,12,2,,
1,10/7/2019,1,1,,,,,8,,,
1,10/7/2019,1,,,,,,9,3,,
1,10/7/2019,2,,,,1,,11,2,,
1,9/30/2019,,,,,,,7,1,,
1,9/30/2019,1,,,,,,6,1,,
1,9/30/2019,1,,,,,,3,,,
1,9/30/2019,,,,,,,3,,,
1,9/30/2019,2,,,,,,7,,,
1,9/30/2019,,,,,,,7,1,,
1,9/30/2019,,,,,,,4,1,,
1,9/30/2019,,1,,,,,3,2,,
1,9/30/2019,,,,,,1,3,2,,3
1,9/30/2019,1,1,,,,1,12,2,,
1,9/23/2019,1,1,,,,2,6,,,1
1,9/23/2019,3,,,,,,5,,,1
1,9/23/2019,1,2,,,,,4,,,
1,9/23/2019,,2,,,,,9,1,,
1,9/23/2019,,,,,,,7,1,,2
1,9/23/2019,,1,,,,1,7,1,,
1,9/23/2019,4,,1,,,1,4,5,,
1,9/23/2019,,,,,,1,8,2,,1
1,9/23/2019,,2,,,,,7,1,,
1,9/23/2019,,1,,,,,7,1,,
1,9/16/2019,,,,,,1,6,1,,1
1,9/16/2019,2,1,,,,,2,1,,
1,9/16/2019,1,,,,1,,7,2,,
1,9/16/2019,2,1,,,,,9,,,
1,9/16/2019,1,1,,,,,4,1,,
1,9/16/2019,,,,,,1,5,4,,
1,9/16/2019,,1,,,1,1,8,7,,2
1,9/16/2019,,,1,,,2,6,3,,
1,9/16/2019,,,,,,1,11,1,,
1,9/16/2019,1,,1,,,,6,2,,
1,9/9/2019,,1,,,,,5,1,,
1,9/9/2019,,,,,,1,8,,,
1,9/9/2019,,1,,,,,3,1,,
1,9/9/2019,,,,,,,4,1,,
1,9/9/2019,,,,,,,10,,,
1,9/9/2019,1,1,,,,,6,3,,
1,9/9/2019,,,,,,,17,1,1,
1,9/9/2019,,1,,,,1,4,3,,
1,9/9/2019,,1,1,,,,6,,,
1,9/9/2019,,,1,,,,12,1,,
1,9/3/2019,1,2,,,,,10,1,,
1,9/3/2019,,4,,,,,8,3,,
1,9/3/2019,,2,,,,,8,2,,
1,9/3/2019,2,4,,,,1,4,2,,1
1,9/3/2019,,3,,,1,1,16,1,,
1,9/3/2019,,4,,,,1,6,1,,
1,9/3/2019,,4,,,,1,5,5,,
1,9/3/2019,,1,,,,1,7,3,,1
1,9/3/2019,,,,,,1,10,4,,
1,9/3/2019,,,,,,1,9,4,,
1,8/26/2019,,2,,,,1,4,1,1,2
1,8/26/2019,,2,,,,,2,2,,
1,8/26/2019,,4,,,,,5,1,,1
1,8/26/2019,,3,,,,,7,6,,
1,8/26/2019,,5,2,,1,,7,2,,
1,8/26/2019,,1,1,,1,,5,1,,
1,8/26/2019,,2,,,,,5,2,,1
1,8/26/2019,1,4,,,,1,4,,,
1,8/26/2019,,7,2,,2,2,7,3,,
1,8/26/2019,,4,,,4,1,11,3,,
1,8/19/2019,1,3,,,,,11,4,,
1,8/19/2019,,2,,,,1,10,,,
1,8/19/2019,,3,,,1,,8,1,,
1,8/19/2019,1,4,,,,,6,,,
1,8/19/2019,1,9,1,,,,9,,,
1,8/19/2019,,,,,1,1,6,2,,
1,8/19/2019,,5,,,1,,6,2,,2
1,8/19/2019,1,14,,,,,3,2,,
1,8/19/2019,,3,,,,,10,3,,
1,8/19/2019,1,4,,,,1,12,4,,
1,8/12/2019,,1,,,1,,14,1,,2
1,8/12/2019,,17,,,1,1,5,5,,2
1,8/12/2019,,3,,,,1,8,3,,
1,8/12/2019,1,5,,,,,15,4,,1
1,8/12/2019,,2,1,,,1,5,,,
1,8/12/2019,,4,,,1,,8,4,,1
1,8/12/2019,,8,1,,,2,5,,,2
1,8/12/2019,,2,,,,2,9,,,1
1,8/12/2019,,3,,,,2,14,2,,2
1,8/12/2019,2,2,,,,1,10,3,,1
1,8/5/2019,,1,,,,,11,2,,1
1,8/5/2019,,5,,,,1,14,,,
1,8/5/2019,,,,,,1,7,1,,
1,8/5/2019,,4,1,,,1,7,3,,2
1,8/5/2019,,3,,,,,9,2,,1
1,8/5/2019,,2,,,1,2,7,1,,1
1,8/5/2019,,2,,,,,9,2,,
1,8/5/2019,1,1,,,,2,9,3,,3
1,8/5/2019,,,,,1,1,8,2,,
1,8/5/2019,2,16,,,4,,4,3,,
1,7/29/2019,,,,,,,6,2,,
1,7/29/2019,1,,,,1,1,12,3,1,
1,7/29/2019,3,1,,,,,8,1,1,2
1,7/29/2019,2,,,,,1,10,3,,2
1,7/29/2019,2,2,1,,,1,8,1,,
1,7/29/2019,3,1,,,,,19,1,,
1,7/29/2019,3,,,,,1,10,,,
1,7/29/2019,1,,,,,1,11,5,,1
1,7/29/2019,3,,,,2,,10,2,,3
1,7/29/2019,5,7,,,1,,13,5,,1
1,7/22/2019,2,4,1,,2,3,8,1,,2
1,7/22/2019,,1,,,,1,12,3,,5
1,7/22/2019,2,1,1,,,,13,1,,4
1,7/22/2019,3,,,,,,9,,,3
1,7/22/2019,,1,,,,,11,2,,3
1,7/22/2019,,,,,,,17,2,1,2
1,7/22/2019,,,,,,1,9,2,,2
1,7/22/2019,1,1,,,,3,7,,,2
1,7/22/2019,,,1,,,6,16,1,,
1,7/22/2019,1,,,,,2,10,1,,
1,7/15/2019,4,,1,,,3,22,4,,7
1,7/15/2019,,2,,,,1,12,1,,2
1,7/15/2019,4,3,,,1,,29,2,,6
1,7/15/2019,,,,,,1,15,1,,5
1,7/15/2019,1,1,,,,1,13,2,,3
1,7/15/2019,6,,1,,,,9,3,,4
1,7/15/2019,1,1,,,,3,18,,,6
1,7/15/2019,4,1,2,,1,1,23,1,,6
1,7/15/2019,2,,,,,3,15,,,8
1,7/15/2019,4,1,,,,,13,2,,11
1,7/8/2019,2,1,,,2,2,35,1,,1
1,7/8/2019,1,,1,,1,1,38,4,,7
1,7/8/2019,1,,1,,1,,22,1,,6
1,7/8/2019,1,,,,,2,22,1,,8
1,7/8/2019,,1,,,1,2,20,2,,3
1,7/8/2019,3,2,1,,,1,45,2,1,6
1,7/8/2019,,2,,,,1,18,1,2,2
1,7/8/2019,1,1,,,,1,19,3,,4
1,7/8/2019,,2,1,,1,2,30,3,,7
1,7/8/2019,1,2,,,,2,26,,,5
1,7/1/2019,1,,1,,,1,17,,,
1,7/1/2019,,2,,,,2,26,1,,
1,7/1/2019,2,,2,,,2,25,2,,
1,7/1/2019,1,,1,,,1,47,1,,2
1,7/1/2019,,1,,,1,1,35,2,,1
1,7/1/2019,,1,2,,,1,31,1,,
1,7/1/2019,,4,2,,2,1,22,6,,3
1,7/1/2019,4,5,,,2,2,40,13,,1
1,7/1/2019,,2,1,,1,1,28,,,
1,7/1/2019,1,,,,,3,56,1,,2
1,6/24/2019,,2,,,,1,25,3,,
1,6/24/2019,,2,1,,2,,17,,1,1
1,6/24/2019,1,,,,3,2,47,1,,3
1,6/24/2019,,1,,,1,5,27,1,,
1,6/24/2019,,1,,,1,1,57,2,,
1,6/24/2019,1,,1,,,3,27,1,,
1,6/24/2019,,3,,,3,3,33,2,,
1,6/24/2019,,2,,,1,,17,,,
1,6/24/2019,2,,3,,,1,56,,,
1,6/24/2019,2,,,,,3,44,,,
1,6/17/2019,,,1,,2,1,21,2,,
1,6/17/2019,1,,,,1,,20,2,,
1,6/17/2019,,,,,1,,,,,
1,6/17/2019,,,,,,,,,,
1,6/17/2019,1,,,,1,,19,,,
1,6/17/2019,,,,,3,,23,2,,1
1,6/17/2019,,,1,,1,,25,1,,
1,6/17/2019,,1,,,1,2,18,1,,
1,6/17/2019,1,2,,,1,,28,5,,
1,6/17/2019,,,,,1,,19,,,
1,6/10/2019,,4,,,1,1,80,,,1
1,6/10/2019,2,5,,,1,1,46,,,1
1,6/10/2019,6,,,,2,1,53,,,4
1,6/10/2019,9,,,,2,2,35,,,5
1,6/10/2019,1,1,,,,,52,,,3
1,6/10/2019,3,,,,5,,40,,,2
1,6/10/2019,4,2,,,,2,46,,,4
1,6/10/2019,3,,,,,1,63,1,,2
1,6/10/2019,4,,,,,1,92,,,7
1,6/10/2019,,,,,1,2,89,,,1
1,6/2/2019,1,,,,1,,34,,,1
1,6/2/2019,1,,1,,1,,38,,,1
1,6/2/2019,,,,,3,,33,,,3
1,6/2/2019,1,,,,,1,41,,,6
1,6/2/2019,1,,,,,,27,,,
1,6/2/2019,2,,,,,,24,,,1
1,6/2/2019,6,,,,,,52,,,
1,6/2/2019,1,,,,,,31,,,1
1,6/2/2019,2,1,,,,,26,,,
1,6/2/2019,,1,,,,,39,,,1
1,5/28/2019,5,,,,,1,27,,,3
1,5/28/2019,1,,,,,1,142,,,5
1,5/28/2019,6,,,,,2,174,,,11
1,5/28/2019,4,,,,,4,165,,,8
1,5/28/2019,1,,,,2,2,211,,,8
1,5/28/2019,7,,,,2,1,219,,,3
1,5/28/2019,4,3,,,1,1,268,,,2
1,5/28/2019,5,,,,,,66,,,
1,5/28/2019,7,,,,3,,280,,,7
1,5/28/2019,12,,,,,,145,,,8
1,5/20/2019,3,,,,,1,108,,,8
1,5/20/2019,,,,,,1,78,,,4
1,5/20/2019,,,,,,,,,,
1,5/20/2019,,,,,,,,,,
1,5/20/2019,6,,,,,3,67,,,2
1,5/20/2019,3,,,,,,100,,,5
1,5/20/2019,1,,,,,1,156,,,14
1,5/20/2019,3,,,,,1,188,,,10
1,5/20/2019,1,,,,,1,169,,,3
1,5/20/2019,3,,,,,1,78,,,1
1,5/13/2019,,,,,,,23,,,
1,5/13/2019,,,,,,,38,,,2
1,5/13/2019,,,,,,,94,,,4
1,5/13/2019,10,,,,,1,159,,,4
1,5/13/2019,,1,,,,1,55,,,1
1,5/13/2019,,,,,,2,67,,,1
1,5/13/2019,1,,,,,1,47,,,2
1,5/13/2019,3,,,,,2,32,,,2
1,5/13/2019,4,1,,,1,1,94,,,1
1,5/13/2019,8,,,,,,59,,,2
1,5/6/2019,6,1,,,,,12,,,1
1,5/6/2019,3,,,,,,10,,,
1,5/6/2019,3,,,,,,8,,,1
1,5/6/2019,5,1,,,,,16,,,
1,5/6/2019,3,2,,,,,25,,,
1,5/6/2019,2,,,,,,33,,,1
1,5/6/2019,,,,,,,11,,,2
1,5/6/2019,2,,,,,1,6,,,
1,5/6/2019,4,,,,,,14,,,1
1,5/6/2019,2,,,,,2,15,,,1
1,4/29/2019,4,,,,,,4,,,5
1,4/29/2019,2,,,,,1,2,1,,1
1,4/29/2019,,,,,,,6,,,4
1,4/29/2019,1,,,,,,11,,,
1,4/29/2019,2,,,,,,7,,,1
1,4/29/2019,3,,,,,,7,,,
1,4/29/2019,2,,,,1,,6,,,3
1,4/29/2019,,,,,,,3,,,5
1,4/29/2019,,,,,,1,2,,,
1,4/29/2019,1,,,,,,,,,
1,4/22/2019,,2,,,,,,,,
1,4/22/2019,,,,,,,1,,,
1,4/15/2019,1,,,,,,,,,
1,4/15/2019,2,,,,,,,,,
1,4/8/2019,1,,,,,,1,,,
1,4/8/2019,1,,,,,,,,,1
1,4/1/2019,,3,,,,,1,,,
1,4/1/2019,,,,,,,1,,,
1,10/22/2020,1,1,,,,,,,,
1,10/22/2020,14,1,,,,,,,,
1,10/22/2020,3,,,,,,6,1,,
1,10/22/2020,6,2,,,,,6,,,
1,10/22/2020,3,,,,,,,,,
1,10/22/2020,3,4,,,,,5,3,,
1,10/22/2020,7,6,,,,,,,,
1,10/22/2020,11,,,,,,5,,,
1,10/22/2020,8,,,,,,,,,
1,10/22/2020,11,2,,,,,,,,
1,10/15/2018,6,1,,,,,,,,
1,10/15/2018,2,,,,,,,,,
1,10/15/2018,5,3,,,,,7,,,
1,10/15/2018,5,2,,,,,,,,
1,10/15/2018,15,2,,,,,,,,
1,10/15/2018,2,,,,,,4,1,,
1,10/15/2018,,2,,,,,,,,
1,10/15/2018,3,1,,,,,8,,,
1,10/15/2018,5,3,,,,,6,,,
1,10/15/2018,1,1,,,,,,,,
1,10/8/2018,1,,,,,,,,,
1,10/8/2020,,1,,,,,,,,
1,10/8/2020,3,,,,,,,,,
1,10/8/2020,1,4,,,,,3,2,,
1,10/8/2020,1,,,,,,6,,,
1,10/8/2020,4,4,,,,,,,,
1,10/8/2020,7,3,,,,,,,,
1,10/8/2020,15,1,,,,,8,,,
1,10/8/2020,5,1,,,,,2,1,,
1,10/8/2020,6,,,,,,,,,
1,10/1/2018,2,7,,,,,,,,
1,10/1/2018,3,2,,,,,,,,
1,10/1/2018,5,,,,,,6,,1,
1,10/1/2018,4,1,,,,,,,,
1,10/1/2018,4,4,,,,,5,,,
1,10/1/2018,1,2,1,,,,,,,
1,10/1/2018,3,1,,,,,3,,1,
1,10/1/2018,6,,,,,,,,,
1,10/1/2018,6,,,,,,8,2,,
1,10/1/2018,6,,,,,,,,,
1,9/24/2018,5,3,,,,,5,,,
1,9/24/2018,1,,,,,,7,,,
1,9/24/2018,1,1,,,,,7,,,
1,9/24/2018,,,,,,,,,,
1,9/24/2018,1,,1,,,,,,,
1,9/24/2018,1,1,,,,,,,,
1,9/24/2018,,,,,,,,,,
1,9/24/2018,2,,,,,,,,,
1,9/24/2018,4,1,,,,,,,,
1,9/24/2018,,,,,,,,,,
1,9/17/2018,,,,,,,2,,,
1,9/17/2018,2,,,,,,,,,
1,9/17/2018,2,4,,,,,,,,
1,9/17/2018,2,,,,,,,,,
1,9/17/2018,,,,,,,2,,,
1,9/17/2018,,1,,,,,,,,
1,9/17/2018,,,,,,,5,5,,
1,9/17/2018,,,,,,,,,,
1,9/17/2018,,,,,,,5,2,,
1,9/17/2018,1,2,,,,,,,,
1,9/10/2018,,2,,,,,,,,
1,9/10/2018,1,1,,,,,2,,,
1,9/10/2018,1,1,,,,,,,,
1,9/10/2018,,,,,,,,,,
1,9/10/2018,2,,,,1,,3,,,
1,9/10/2018,,1,,,,,,,,
1,9/10/2018,,,,,,,4,1,,
1,9/10/2018,1,1,,,1,,,,,
1,9/10/2018,1,2,,,,,,,,
1,9/10/2018,,1,,,,,1,,,
1,9/4/2018,2,2,,,1,,,,,
1,9/4/2018,1,4,,,,,,,,
1,9/4/2018,1,3,,,,,8,2,,
1,9/4/2018,1,,,,,,,,,
1,9/4/2018,,7,,,,,,,,
1,9/4/2018,1,4,,,,,9,,,
1,9/4/2018,,9,,,,,11,,,
1,9/4/2018,1,3,,,,,,,,
1,9/4/2018,,,,,,,6,,,
1,8/20/2018,,5,,,,,10,2,,
1,8/20/2018,,2,,,,,6,,,
1,8/20/2018,,2,,,,,10,2,,
1,8/20/2018,,2,,,,,2,,,
1,8/20/2018,,,,,,,,,,
1,8/20/2018,,3,,,,,,,,
1,8/20/2018,,2,,,,,,,,
1,8/20/2018,1,4,,,,,,,,
1,8/20/2018,,5,,,1,,,,,
1,8/20/2018,2,1,,,,,,,,
1,8/13/2018,1,11,,,,,8,,,
1,8/13/2018,1,7,,,,,3,,,
1,8/13/2018,1,5,,,,,7,,,
1,8/13/2018,,6,,,,,3,,,
1,8/13/2018,1,3,,,1,,,,,
1,8/13/2018,,1,,,,,,,,
1,8/13/2018,1,4,,,,,,,,
1,8/13/2018,2,3,,,,,,,,
1,8/13/2018,3,1,,,,,,,,
1,8/13/2018,1,2,,,,,,,,
1,8/6/2018,,,,,,,2,,,
1,8/6/2018,1,5,,,,,10,1,,
1,8/6/2018,,4,,,,,3,1,,
1,8/6/2018,,,,,,,8,,,
1,8/6/2018,,2,,,,,,,,
1,8/6/2018,2,1,,,,,,,,
1,8/6/2018,,2,,,,,,,,
1,8/6/2018,2,3,,,,,,,,
1,8/6/2018,,11,,,4,,,,,
1,8/6/2018,,5,,,,,,,,
1,7/23/2018,1,25,,,,,,,,
1,7/23/2018,1,10,,,,,8,2,,
1,7/23/2018,1,12,,,,,4,6,,
1,7/23/2018,,5,,,1,,,,,
1,7/23/2018,1,2,,,,,,,,
1,7/23/2018,1,15,,,,,,,,
1,7/23/2018,1,14,,,,,,,,
1,7/23/2018,1,17,,,1,,,,,
1,7/23/2018,2,13,,,,,12,3,,
1,7/23/2018,,5,,,,,14,10,,
1,7/16/2018,3,8,1,,,,18,,,
1,7/16/2018,,7,,,,,7,4,,
1,7/16/2018,2,5,,,,,,,,
1,7/16/2018,4,10,,,2,,,,,
1,7/16/2018,1,19,2,,,,6,20,,
1,7/16/2018,3,19,3,,,,,,,
1,7/16/2018,1,6,,,,,,,,
1,7/16/2018,,3,,,,,,,,
1,7/16/2018,3,25,,,1,,,,,
1,7/16/2018,1,2,,,,,8,1,,
1,6/25/2020,,4,3,,,,8,15,,
1,6/25/2020,1,9,2,,4,,,,,
1,6/25/2020,3,7,1,,1,,,,,
1,6/25/2020,,2,1,,,,12,12,,
1,6/25/2020,2,8,,,1,,49,10,,
1,6/25/2020,2,7,3,,3,,,,,
1,6/25/2020,2,7,,,,,43,10,,
1,6/25/2020,,2,,,2,,47,8,,
1,6/25/2020,,4,,,,,,,,
1,6/25/2020,,3,,,,,,,,
1,6/18/2018,,4,,,1,,,,,
1,6/18/2018,1,14,,,1,,41,15,1,
1,6/18/2018,2,10,1,,1,,,,,
1,6/18/2018,2,5,,,1,,24,17,,
1,6/18/2018,2,9,1,,2,,,,,
1,6/18/2018,3,6,,,2,,,,,
1,6/18/2018,,9,,,1,,,,,
1,6/18/2018,1,8,,,,,,,,
1,6/18/2018,1,5,,,2,,8,8,,
1,6/18/2018,1,3,,,1,,19,9,,
1,6/11/2018,,1,,,1,,,,,
1,6/11/2018,1,1,,,1,,,,,
1,6/11/2018,,,,,,,21,9,,
1,6/11/2018,2,3,,,,,,,,
1,6/11/2018,2,1,,,,,28,3,,
1,6/11/2018,3,4,,,,,43,11,,
1,6/11/2018,4,1,1,,,,28,8,,
1,6/11/2018,6,3,,,,,,,,
1,6/11/2018,2,3,,,,,,,,
1,6/11/2018,2,,,,,,,,,
1,6/4/2018,1,1,,,,,,,,
1,6/4/2018,1,1,,,2,,14,5,,
1,6/4/2018,1,2,,,2,,,,,
1,6/4/2018,7,7,2,,,,37,6,,
1,6/4/2018,3,3,,,,,,,,
1,6/4/2018,,3,1,,1,,25,4,,
1,6/4/2018,1,2,,,2,,,,,
1,6/4/2018,2,2,,,1,,36,,,
1,6/4/2018,,2,3,,1,,,,,
1,6/4/2018,2,3,,,,,,,,
1,6/4/2018,,,,,,,,,,
1,5/29/2018,4,6,1,,1,,,,,
1,5/29/2018,,1,2,,2,,,,,
1,5/29/2018,4,5,,,2,,,,,
1,5/29/2018,2,,,,2,,25,2,,
1,5/29/2018,3,3,1,,,,70,3,,
1,5/29/2018,1,2,,,4,,44,5,,
1,5/29/2018,2,7,,,1,,,,,
1,5/29/2018,1,3,4,,1,,,,,
1,5/29/2018,,6,,,1,,41,5,,
1,5/29/2018,1,4,,,,,,,,
1,5/21/2018,2,1,1,,,,85,4,,
1,5/21/2018,1,,1,,,,,,,
1,5/21/2018,,1,,,,,57,6,,
1,5/21/2018,3,,,,,,,,,
1,5/21/2018,2,3,,,,,,,,
1,5/21/2018,1,1,,,,,,,,
1,5/21/2018,1,4,,,2,,,,,
1,5/21/2018,1,6,,,,,,,,
1,5/21/2018,4,1,,,,,30,4,,
1,5/21/2018,2,3,,,,,34,10,,
1,5/14/2018,,4,,,,,,,,
1,5/14/2018,,7,,,,,48,28,,
1,5/14/2018,,1,,,,,,,,
1,5/14/2018,,3,,,,,45,15,,
1,5/14/2018,1,3,,,,,,,,
1,5/14/2018,1,3,,,1,,,,,
1,5/14/2018,,2,,,,,54,34,,
1,5/14/2018,4,3,,,,,,,,
1,5/14/2018,2,3,1,,,,,,,
1,5/14/2018,,,,,,,47,15,,
2,8/26/2019,1,1,,,,2,13,4,1,
2,8/26/2019,,3,,,,,10,2,,
2,8/26/2019,,1,,,2,,16,4,,
2,8/26/2019,2,1,,,,2,22,4,,
2,8/26/2019,,1,,,,1,6,4,,
2,8/26/2019,,1,,,,,29,2,,
2,8/26/2019,,4,,,,,8,3,,
2,8/26/2019,,2,,,,1,15,,,
2,8/26/2019,,,1,,,2,20,1,,
2,8/26/2019,,3,1,,,,12,1,,1
2,8/19/2019,,,,,,1,31,5,1,1
2,8/19/2019,1,4,,,,,7,8,,
2,8/19/2019,,4,,,,,17,3,,
2,8/19/2019,,3,1,,,,13,3,,
2,8/19/2019,1,5,1,,1,1,13,6,,2
2,8/19/2019,,1,,,,,7,,,
2,8/19/2019,,,,,,1,13,1,,2
2,8/19/2019,1,5,,,,3,19,1,,1
2,8/19/2019,,2,4,,,,24,5,,1
2,8/19/2019,1,3,3,,,,6,2,,1
2,8/12/2019,,,,,2,,16,1,,1
2,8/12/2019,1,5,,,3,1,16,14,,1
2,8/12/2019,,5,1,,,1,16,2,,
2,8/12/2019,,3,2,,,2,6,2,,1
2,8/12/2019,,,1,,,,17,1,,1
2,8/12/2019,3,3,,,,5,15,,,2
2,8/12/2019,4,2,,,,2,25,3,,2
2,8/12/2019,,4,1,,1,1,15,3,,2
2,8/12/2019,1,1,,,,2,17,3,,1
2,8/12/2019,,3,,,,,21,14,,2
2,8/5/2019,,2,,,,1,12,8,,
2,8/5/2019,6,,,,,,25,7,,1
2,8/5/2019,,,1,,1,,12,5,,2
2,8/5/2019,,2,,,,1,13,3,,4
2,8/5/2019,2,,,,2,1,13,4,,
2,8/5/2019,2,1,,,1,1,5,48,,
2,8/5/2019,3,4,,,,,17,6,,
2,8/5/2019,,2,,,,1,21,3,,1
2,8/5/2019,,3,,,,1,30,6,,1
2,8/5/2019,,,,,,3,22,2,,1
2,7/29/2019,5,1,,,,1,15,20,,1
2,7/29/2019,7,,1,,,,17,14,1,2
2,7/29/2019,2,,,,,,23,5,,2
2,7/29/2019,5,1,,,,1,40,5,,
2,7/29/2019,6,2,1,,,,10,4,,4
2,7/29/2019,4,1,,,,1,21,10,,
2,7/29/2019,3,2,,,,1,5,5,,5
2,7/29/2019,5,2,,,1,,21,10,,
2,7/29/2019,1,,,,,,9,2,1,1
2,7/29/2019,1,,,,,,10,5,,
2,7/22/2019,4,1,,,,2,9,3,1,3
2,7/22/2019,7,,1,,1,2,26,15,1,7
2,7/22/2019,2,,,,,3,16,12,1,3
2,7/22/2019,1,,,,,2,30,1,,5
2,7/22/2019,6,2,,,,2,19,8,,4
2,7/22/2019,1,,,,2,3,17,4,,11
2,7/22/2019,3,,,,1,,13,4,1,13
2,7/22/2019,5,,,,,4,32,3,1,11
2,7/22/2019,5,1,,,,1,7,7,,2
2,7/22/2019,,3,1,,1,1,24,7,,6
2,7/15/2019,1,1,1,,,,35,8,,44
2,7/15/2019,,1,1,,1,4,16,4,,31
2,7/15/2019,12,1,,,,,30,9,,18
2,7/15/2019,3,,,,,1,23,8,,10
2,7/15/2019,1,1,1,,,2,15,,1,5
2,7/15/2019,12,,1,,,1,28,7,,18
2,7/15/2019,,,,,,1,34,7,,7
2,7/15/2019,5,,,,,3,35,6,,12
2,7/15/2019,3,,,,2,,33,9,1,17
2,7/15/2019,1,2,,,4,6,16,10,,28
2,7/8/2019,,,,,,,23,1,,1
2,7/8/2019,4,,,,1,1,51,7,,4
2,7/8/2019,,,,,1,1,44,3,,10
2,7/8/2019,,1,,,,2,61,7,,11
2,7/8/2019,3,1,1,,,1,51,24,,17
2,7/8/2019,,,,,,1,25,6,,7
2,7/8/2019,1,2,2,,,8,56,7,1,20
2,7/8/2019,,3,,,3,,50,1,,16
2,7/8/2019,1,,1,,3,3,22,1,,17
2,7/8/2019,2,4,,,,5,51,3,,18
2,7/1/2019,,2,,,3,5,70,,,1
2,7/1/2019,,3,,,2,3,53,6,,4
2,7/1/2019,,,1,,,1,90,9,,
2,7/1/2019,1,4,,,,2,37,1,,1
2,7/1/2019,1,,,,,,18,1,,3
2,7/1/2019,4,4,,,,2,43,3,,
2,7/1/2019,3,1,,,1,5,77,10,,
2,7/1/2019,3,,,,1,6,64,7,,
2,7/1/2019,,2,,,3,4,58,9,,3
2,7/1/2019,,,2,,1,2,27,5,,1
2,6/24/2019,1,2,,1,,1,94,9,,
2,6/24/2019,1,,,,,,14,1,,1
2,6/24/2019,5,1,1,,,3,69,1,,
2,6/24/2019,1,1,1,,1,,39,5,,1
2,6/24/2019,1,,4,,,4,94,7,,
2,6/24/2019,2,,2,,1,1,71,6,,
2,6/24/2019,4,1,,,,4,75,4,,
2,6/24/2019,,,4,,,1,109,,,
2,6/24/2019,5,,1,,1,2,55,8,,1
2,6/24/2019,1,1,2,,,1,43,5,,
2,6/17/2019,5,4,,,1,,31,2,,
2,6/17/2019,,,,,2,,35,5,,1
2,6/17/2019,2,,,,1,1,29,5,,1
2,6/17/2019,5,1,,,,1,36,1,,1
2,6/17/2019,2,,,,,,40,4,,1
2,6/17/2019,5,2,,,1,1,46,1,,2
2,6/17/2019,,,,,,,35,6,,1
2,6/17/2019,6,4,,,,1,35,7,,
2,6/17/2019,2,,,,,1,42,5,,
2,6/17/2019,3,3,,,,1,44,4,,
2,6/10/2019,,13,,,2,1,101,,,5
2,6/10/2019,3,7,2,,2,2,161,1,,3
2,6/10/2019,5,7,1,,2,3,89,1,,1
2,6/10/2019,3,1,,,,1,62,,,5
2,6/10/2019,,1,1,,,2,45,,,1
2,6/10/2019,,5,2,,5,2,141,,,
2,6/10/2019,1,4,1,1,1,1,175,,,4
2,6/10/2019,4,3,,,,3,97,,,3
2,6/10/2019,3,11,,,1,1,91,2,,4
2,6/10/2019,5,5,1,,1,1,132,,,3
2,6/10/2019,15,15,5,1,2,5,178,2,,14
2,6/10/2019,15,14,1,,1,9,105,,,1
2,6/10/2019,18,8,1,,1,21,213,,,5
2,6/10/2019,7,11,,,2,17,242,,,4
2,6/10/2019,10,10,3,,1,6,298,,,9
2,6/10/2019,10,18,5,,5,7,139,,,9
2,6/10/2019,8,19,2,,1,9,230,,,5
2,6/10/2019,5,9,2,,1,7,216,,,21
2,6/10/2019,1,8,2,,1,5,239,,,10
2,6/10/2019,3,14,3,,1,6,204,,,
2,6/2/2019,5,2,,,,,50,1,,
2,6/2/2019,1,2,,,1,2,96,,,5
2,6/2/2019,8,,,,1,,87,,,4
2,6/2/2019,1,1,,,,,61,,,1
2,6/2/2019,1,2,,,,,54,,,
2,6/2/2019,2,,,,2,,60,,,2
2,6/2/2019,,,,,2,2,58,,,2
2,6/2/2019,3,,,,5,,82,,,
2,6/2/2019,4,1,,,2,1,75,1,,1
2,6/2/2019,3,,,,,,77,,,1
2,6/2/2019,6,1,,,1,2,71,,,5
2,6/2/2019,,,,,,2,64,,,4
2,6/2/2019,12,4,,,,3,82,1,,2
2,6/2/2019,7,4,,,,,55,,,1
2,6/2/2019,3,1,,,,,65,,,4
2,6/2/2019,4,4,,,,1,91,,,1
2,6/2/2019,4,,1,,,,72,,,
2,6/2/2019,6,1,,,,,61,,,
2,6/2/2019,16,2,,,,,59,,,4
2,6/2/2019,18,,,,,,78,,,1
2,5/28/2019,3,4,,,3,2,138,,,12
2,5/28/2019,6,,,,2,2,172,,,8
2,5/28/2019,8,1,,,1,,181,,,14
2,5/28/2019,11,,,,2,1,165,,,11
2,5/28/2019,47,,,,,1,63,,,
2,5/28/2019,,,,,,,32,,,2
2,5/28/2019,4,,,,,1,151,,,9
2,5/28/2019,12,,,,3,1,129,,,9
2,5/28/2019,4,,,,,2,60,,,4
2,5/28/2019,12,2,,,,2,180,,,15
2,5/20/2019,1,1,,,,,57,,,3
2,5/20/2019,1,,,,,,155,2,,7
2,5/20/2019,3,2,,,,,77,,,4
2,5/20/2019,7,1,,,,2,99,,,4
2,5/20/2019,3,1,,,1,2,162,,,6
2,5/20/2019,3,1,,,1,2,145,,,4
2,5/20/2019,2,,1,,1,1,127,,,4
2,5/20/2019,3,,,,2,,116,,,5
2,5/20/2019,15,1,,,,1,153,,,11
2,5/20/2019,5,2,,,,,132,1,,9
2,5/20/2019,4,1,,,,1,158,,,7
2,5/20/2019,5,,,,,1,162,,,6
2,5/20/2019,1,1,,,,3,119,,,11
2,5/20/2019,2,,,,1,,90,3,,7
2,5/20/2019,7,,,,,1,110,8,,5
2,5/20/2019,12,,,,,3,219,11,,13
2,5/20/2019,2,1,,,,1,143,4,,10
2,5/20/2019,4,2,,,,2,92,5,,8
2,5/20/2019,6,1,,,,2,116,3,,11
2,5/20/2019,12,1,,,,4,158,7,,4
2,5/20/2019,2,,,,1,3,134,13,,8
2,5/20/2019,7,2,,,1,,194,5,,11
2,5/20/2019,2,1,,1,,2,293,11,,13
2,5/20/2019,4,1,,,2,2,76,,,2
2,5/20/2019,5,,1,,,1,329,,,11
2,5/20/2019,12,,,,,6,221,5,,9
2,5/20/2019,19,4,,,,4,263,11,,4
2,5/20/2019,10,7,,,,,149,2,,5
2,5/20/2019,5,,,,1,1,192,12,,
2,5/20/2019,13,1,,,,7,186,9,,7
2,5/13/2019,2,,,,,,74,,,1
2,5/13/2019,3,,,,1,,31,,,2
2,5/13/2019,3,,,,,,53,,,4
2,5/13/2019,2,,,,,,12,,,2
2,5/13/2019,3,,,,,1,40,1,,2
2,5/13/2019,1,1,,,,,26,,,2
2,5/13/2019,4,,,,,,47,,,
2,5/13/2019,3,1,,,,,56,,,1
2,5/13/2019,,,,,,1,20,,,2
2,5/13/2019,1,,,,,,66,,,3
2,5/13/2019,5,,,,,1,83,,,1
2,5/13/2019,1,,,,,,52,1,,1
2,5/13/2019,6,,1,,,,65,,,4
2,5/13/2019,4,3,,,,,67,1,,2
2,5/13/2019,5,1,1,,,,41,1,,
2,5/13/2019,3,1,,,,,28,,,1
2,5/13/2019,2,2,,,,,63,3,,2
2,5/13/2019,,,,,,,24,,,3
2,5/13/2019,4,,,,,,25,1,,2
2,5/13/2019,4,,,,,,58,,,5
2,5/6/2019,1,,,,,1,9,,,
2,5/6/2019,7,4,,,,,13,,,4
2,5/6/2019,14,,,,,,17,,,3
2,5/6/2019,15,,,,,,25,1,,
2,5/6/2019,1,2,,,,1,5,1,,3
2,5/6/2019,2,3,,,,,14,,,1
2,5/6/2019,6,,,,,,13,,,1
2,5/6/2019,1,1,,,,,12,,,
2,5/6/2019,2,,,,,,6,,,1
2,5/6/2019,4,1,,,1,,15,,,3
2,5/6/2019,2,1,,,,,11,,,2
2,5/6/2019,10,,,,,,15,,,2
2,5/6/2019,7,,,,,,12,1,,1
2,5/6/2019,6,1,,,,,18,,,3
2,5/6/2019,7,,,,,,10,1,,1
2,5/6/2019,8,,,,,,25,,,1
2,5/6/2019,19,1,,,1,,27,,,3
2,5/6/2019,4,1,,,,,13,,,
2,5/6/2019,4,1,,,,,6,1,,1
2,5/6/2019,10,1,,,,,10,,,5
2,4/29/2019,2,2,,,,,13,1,,1
2,4/29/2019,1,2,,,,,6,,,2
2,4/29/2019,,3,,,,,4,3,,3
2,4/29/2019,2,,,,,,9,2,,1
2,4/29/2019,,,,,,,2,1,,
2,4/29/2019,3,,,,,3,10,,,5
2,4/29/2019,1,4,,,,1,1,,,
2,4/29/2019,2,2,,,,,5,,,1
2,4/29/2019,2,,,,,1,,,,2
2,4/29/2019,2,3,,,,,2,,,1
2,4/29/2019,5,1,,,,,3,,,3
2,4/29/2019,1,,,,,,1,,,
2,4/29/2019,8,1,,,,1,7,,,2
2,4/29/2019,9,,,,1,1,6,,,2
2,4/29/2019,2,1,,,,,3,,,2
2,4/29/2019,1,,,,,,5,,,2
2,4/29/2019,4,,1,,,,4,1,,1
2,4/29/2019,2,2,,,1,,4,,,2
2,4/29/2019,2,,,,,,4,,,5
2,4/29/2019,3,,,,,,4,,,4
2,4/29/2019,5,,,,1,1,5,,,2
2,4/29/2019,3,5,,,,,11,,,5
2,4/22/2019,1,,,,,,,,,
2,4/22/2019,0,,,,,,,,,
2,4/22/2019,0,,,,,,,,,
2,4/22/2019,2,,,,,,,,,
2,4/15/2019,2,1,,,,,,,,
2,4/15/2019,,,,,,,1,,,
2,4/15/2019,1,,,,,,,,,
2,4/15/2019,0,,,,,,,,,
2,4/15/2019,1,,,,,,,,,
2,4/15/2019,1,,,,,,,,,
2,4/8/2019,1,,,,,,,,,
2,4/8/2019,3,1,,,,,,,,
2,4/8/2019,2,,,,,,,,,
2,4/8/2019,2,,,,,,,,,
2,4/8/2019,1,2,,,,,,,,
2,4/8/2019,2,1,,,,,,,,
2,4/1/2019,1,,,,,,,,,
2,4/1/2019,1,,,,,,,,,
2,4/1/2019,,1,,,,,,,,
2,4/1/2019,,,,,,1,,,,
2,3/25/2019,1,,,,,,,,,
2,3/25/2019,0,,,,,,,,,
2,11/12/2018,19,,,,,,10,2,,
2,11/12/2018,23,,,,,,27,,,2
2,11/12/2018,9,,,,,,8,,,
2,11/12/2018,3,,,,,,5,,,1
2,11/12/2018,2,1,,,,,11,,,1
2,11/12/2018,3,1,,,,,9,,,1
2,11/12/2018,4,,,,,,8,,,1
2,11/12/2018,1,1,,,,,4,,,1
2,11/12/2018,2,,,,,,2,,,1
2,11/12/2018,2,,,,,,5,,,
2,11/5/2018,2,,,,,,12,1,,2
2,11/5/2018,2,,,,,,9,,,
2,11/5/2018,,,,,,,6,,,
2,11/5/2018,,,,,,,8,2,,
2,11/5/2018,2,,,,1,,7,,,
2,11/5/2018,4,,,,,,19,,,
2,11/5/2018,4,,,,,,10,,,
2,11/5/2018,4,,,,,,15,,,
2,11/5/2018,4,,,,,,7,,,1
2,11/5/2018,2,,,,,,6,,,
2,10/29/2018,1,,,,,,1,1,,1
2,10/29/2018,2,,,,,,1,1,,
2,10/29/2018,1,,,,,,2,,,
2,10/29/2018,8,,,,,,4,,,
2,10/29/2018,2,,,,,,2,,,
2,10/22/2018,2,,,,,,5,,,1
2,10/22/2018,2,,,,,1,4,,,2
2,10/22/2018,1,,,,,,19,,,4
2,10/22/2018,1,,,,1?,,18,,,3
2,10/22/2018,4,,,,1,1,7,,,1
2,10/22/2018,,,,,,,6,,,1
2,10/22/2018,2,1,,,,,9,1,,
2,10/22/2018,3,,,,,1,2,,,5
2,10/22/2018,2,,,,,,4,,,2
2,10/22/2018,1,,,,,,8,,,
2,10/15/2018,7,1,,,,1,17,,,9
2,10/15/2018,2,,,,,,10,1,,9
2,10/15/2018,1,1,,,,,11,6,,8
2,10/15/2018,3,,,,,,16,5,,9
2,10/15/2018,5,,,,,,13,,,5
2,10/15/2018,10,,,,,,15,,,4
2,10/15/2018,6,,,,,,16,1,,5
2,10/15/2018,6,,,,,,11,,,12
2,10/15/2018,5,,,,,,11,2,,18
2,10/15/2018,2,,,,,,10,,,3
2,10/8/2018,2,,,,,1,2,,,3
2,10/8/2018,1,,,,,,4,3,,4
2,10/8/2018,3,,,,,,4,1,,2
2,10/8/2018,2,,,,,,3,1,,5
2,10/8/2018,4,,,,,2,12,,,6
2,10/8/2018,3,1,,,,1,19,,,11
2,10/8/2018,3,,,,,,17,1,,6
2,10/8/2018,5,,,,,1,10,,,3
2,10/8/2018,,,,,,,11,,,5
2,10/8/2018,3,,,,,,8,,,11
2,10/1/2018,6,2,,,,,4,,,1
2,10/1/2018,4,,,,,,11,3,,5
2,10/1/2018,4,,,,,,10,2,,5
2,10/1/2018,3,1,,,,,9,2,,4
2,10/1/2018,,,,,,,3,4,,5
2,10/1/2018,1,1,,,,,4,2,,4
2,10/1/2018,3,,,,,,9,2,,1
2,10/1/2018,,,,,,,5,2,,7
2,10/1/2018,6,1,,,,1,9,,,4
2,10/1/2018,4,,,,,,7,2,,9
2,9/24/2018,,,,,,,3,,,
2,9/24/2018,5,1,,,,,4,5,,6
2,9/24/2018,4,,,,,,15,7,,13
2,9/24/2018,1,1,,,,,15,1,,4
2,9/24/2018,,,,,,1,12,1,,4
2,9/24/2018,,,,,,,5,2,,2
2,9/24/2018,3,,,,,,5,2,,3
2,9/24/2018,1,,,,,1,3,1,,3
2,9/24/2018,1,,,,,,14,2,,3
2,9/24/2018,5,,,,,1,8,4,,
2,9/17/2018,,2,,,,1,,1,,3
2,9/17/2018,2,,,,,,,,,
2,9/17/2018,1,,,,,,4,1,,
2,9/17/2018,2,,,,,,,2,,
2,9/17/2018,3,,,,,,4,6,,
2,9/17/2018,4,,,,,1,10,1,,4
2,9/17/2018,1,,,,,,2,1,,4
2,9/17/2018,2,,,,,,6,2,,3
2,9/17/2018,1,,,,,1,18,3,,1
2,9/17/2018,5,,,,,,7,5,,1
2,9/10/2018,,1,,,,,4,,,9
2,9/10/2018,,,,,,,3,1,,
2,9/10/2018,,,,,,,9,,,5
2,9/10/2018,1,,,,,,2,,,
2,9/10/2018,,1,,,1,,,,,
2,9/10/2018,1,1,,,,,7,,,3
2,9/10/2018,1,,,,,,14,1,,
2,9/10/2018,1,,,,1,2,6,2,,
2,9/10/2018,1,,,,,,6,1,,6
2,9/10/2018,,1,,,,,4,2,,7
2,9/4/2018,2,1,,,,3,2,3,,5
2,9/4/2018,2,3,,,,3,6,1,,3
2,9/4/2018,5,3,,,,,16,1,,10
2,9/4/2018,2,2,,,1,1,10,2,,4
2,9/4/2018,,,,,,1,4,3,,
2,9/4/2018,2,1,,,,1,8,6,,4
2,9/4/2018,,,,,,,2,5,,
2,9/4/2018,2,,,,,1,3,,,
2,9/4/2018,2,,,,,,6,4,,6
2,9/4/2018,1,2,,,,1,9,3,,
2,8/20/2018,3,1,,,,1,16,,,4
2,8/20/2018,,2,,,4,1,18,4,,7
2,8/20/2018,1,1,1,,4,2,18,2,,3
2,8/20/2018,1,,,,4,1,16,,,8
2,8/20/2018,2,1,,,2,,23,2,,2
2,8/20/2018,1,,,,1,1,18,1,,6
2,8/20/2018,,,,,,,12,3,,
2,8/20/2018,2,,,,2,2,14,1,,4
2,8/20/2018,1,,,,2,,10,1,,9
2,8/20/2018,2,1,,,,2,18,3,,4
2,8/13/2018,2,1,,,2,2,21,,,7
2,8/13/2018,4,,,,,2,32,,,19
2,8/13/2018,1,2,,,2,2,5,2,,10
2,8/13/2018,,,,,4,1,19,1,,
2,8/13/2018,4,,,,4,9,20,,,5
2,8/13/2018,,,,,4,3,21,,,8
2,8/13/2018,,,,,,3,12,,,4
2,8/13/2018,1,,,,3,5,28,,,4
2,8/13/2018,,,,,,1,14,,,7
2,8/13/2018,4,3,,,,4,26,,,5
2,8/6/2018,1,,,,,,2,,,
2,8/6/2018,1,2,,,,,5,4,,9
2,8/6/2018,,1,,,1,,5,2,,4
2,8/6/2018,3,,,,2,3,13,,,10
2,8/6/2018,1,,,,2,1,7,3,,5
2,8/6/2018,3,1,,,5,1,11,,,3
2,8/6/2018,,,,,,,,,,
2,8/6/2018,,,,,,,,,,
2,8/6/2018,,,,,,,,,,
2,8/6/2018,,,,,,,,,,
2,8/6/2018,,,,,,,,,,
2,8/6/2018,,,,,,,,,,
2,8/6/2018,3,1,,,2,2,11,1,,5
2,8/6/2018,1,,,,3,9,24,,,9
2,8/6/2018,4,,,,,3,27,,,15
2,8/6/2018,1,,,,,1,20,,,4
2,7/16/2018,,,,,,,,,,
2,7/16/2018,,1,,,,,3,,,4
2,7/16/2018,1,,,,,1,1,,,5
2,7/16/2018,3,,,,,,3,,,3
2,7/16/2018,4,,,,,4,18,,,11
2,7/9/2018,,,,,1,3,32,,,2
2,7/9/2018,,,,,,2,18,,,
2,7/9/2018,1,,,,1,1,8,,,
2,7/9/2018,9,1,,,,3,13,,,1
2,7/9/2018,,,,,,4,13,,,1
2,7/9/2018,1,,,,1,,8,,,2
2,7/9/2018,6,,,,,,38,1,,2
2,7/9/2018,3,,1,,,2,16,1,,
2,7/9/2018,2,,,,,2,5,,,4
2,7/9/2018,3,,,,1,1,24,,,2
2,6/25/2018,1,,,,,,36,,,18
2,6/25/2018,3,1,,,,,50,,,14
2,6/25/2018,2,1,,,1,2,37,,,5
2,6/25/2018,,,,,1,3,57,1,,7
2,6/25/2018,2,2,,,,2,50,,,6
2,6/25/2018,1,,,,1,,37,,,2
2,6/25/2018,1,,,,1,2,26,,,13
2,6/25/2018,1,,,,,3,73,,,27
2,6/25/2018,3,,,,,1,59,,,6
2,6/25/2018,2,,,,,1,51,,,6
2,6/18/2018,,,,,,6,25,,,10
2,6/18/2018,4,,,,,5,36,,,11
2,6/18/2018,,2,3,,,3,48,,,15
2,6/18/2018,3,,,,,3,79,,,20
2,6/18/2018,3,1,,,,3,23,1,,20
2,6/18/2018,1,,1,,,,30,,,8
2,6/18/2018,3,,1,,2,4,41,2,,15
2,6/18/2018,3,,,,,5,50,5,,25
2,6/18/2018,2,,,,,5,28,,,9
2,6/18/2018,2,,1,,,11,34,,,24
2,6/11/2018,2,1,,,,1,41,,,9
2,6/11/2018,3,2,,,,2,43,1,,14
2,6/11/2018,,1,,,,1,35,,,12
2,6/11/2018,1,1,,,,1,33,1,,9
2,6/11/2018,2,,,,,3,15,,,9
2,6/11/2018,2,1,,,1,2,35,,,
2,6/11/2018,,,,,,3,43,,,5
2,6/11/2018,4,,1,,,3,35,,,2
2,6/11/2018,1,,,,,1,23,,,4
2,6/11/2018,2,,,,1,,48,,,9
2,6/4/2018,2,1,,,3,3,26,,,1
2,6/4/2018,1,1,,,5,1,67,,,12
2,6/4/2018,1,1,1,,2,4,94,,,4
2,6/4/2018,1,3,,,1,4,86,,,2
2,6/4/2018,,,,,,,30,1,,2
2,6/4/2018,,,,,1,4,38,,,4
2,6/4/2018,,,,,3,1,42,1,,2
2,6/4/2018,,1,,,3,3,36,,,3
2,6/4/2018,,,,,2,1,30,,,4
2,6/4/2018,,,,,1,2,25,,,2
2,5/29/2018,,3,,,1,,112,,,1
2,5/29/2018,,1,1,,2,4,143,,,
2,5/29/2018,,,,,1,4,107,1,,
2,5/29/2018,1,,,,2,1,83,,,3
2,5/29/2018,,4,,,1,2,36,,,6
2,5/29/2018,1,,,,1,1,49,,,
2,5/29/2018,,2,,,,3,83,1,,4
2,5/29/2018,,,,,,7,112,,,6
2,5/29/2018,,,,,,7,101,,,
2,5/29/2018,,,,,1,2,,4,,4
2,5/21/2018,1,,,,,2,79,,,1
2,5/21/2018,,,,,,2,124,,,8
2,5/21/2018,,,,,,1,69,,,6
2,5/21/2018,2,,,,,2,29,,,4
2,5/21/2018,,,,,2,,42,,,3
2,5/21/2018,,1,,,,1,54,1,,5
2,5/21/2018,2,,,,,3,86,,,4
2,5/21/2018,,,,,,1,32,,,1
2,5/21/2018,,1,,,,2,74,,,1
2,5/21/2018,13,,,,,,45,,,7
2,5/14/2018,,,,,,3,64,,,10
2,5/14/2018,,,,,,4,23,,,
2,5/14/2018,,,,,,,39,,,
2,5/14/2018,1,,,,,2,48,,,5
2,5/14/2018,,,,,,,79,,,11
2,5/14/2018,,,,,,,42,,,10
2,5/14/2018,,,,,,,43,,,
2,5/14/2018,,,,,,2,36,,,6
2,5/14/2018,1,,,,,1,16,,,2
2,5/14/2018,1,,,,,2,15,,,3
3,6/10/2019,15,15,5,1,2,5,178,2,,14
3,6/10/2019,15,14,1,,1,9,105,,,1
3,6/10/2019,18,8,1,,1,21,213,,,5
3,6/10/2019,7,11,,,2,17,242,,,4
3,6/10/2019,10,10,3,,1,6,298,,,9
3,6/10/2019,10,18,5,,5,7,139,,,9
3,6/10/2019,8,19,2,,1,9,230,,,5
3,6/10/2019,5,9,2,,1,7,216,,,21
3,6/10/2019,1,8,2,,1,5,239,,,10
3,6/10/2019,3,14,3,,1,6,204,,,
3,6/2/2019,6,1,,,1,2,71,,,5
3,6/2/2019,,,,,,2,64,,,4
3,6/2/2019,12,4,,,,3,82,1,,2
3,6/2/2019,7,4,,,,,55,,,1
3,6/2/2019,3,1,,,,,65,,,4
3,6/2/2019,4,4,,,,1,91,,,1
3,6/2/2019,4,,1,,,,72,,,
3,6/2/2019,6,1,,,,,61,,,
3,6/2/2019,16,2,,,,,59,,,4
3,6/2/2019,18,,,,,,78,,,1
3,5/28/2019,2,,,,1,3,134,13,,8
3,5/28/2019,7,2,,,1,,194,5,,11
3,5/28/2019,2,1,,1,,2,293,11,,13
3,5/28/2019,4,1,,,2,2,76,,,2
3,5/28/2019,5,,1,,,1,329,,,11
3,5/28/2019,12,,,,,6,221,5,,9
3,5/28/2019,19,4,,,,4,263,11,,4
3,5/28/2019,10,7,,,,,149,2,,5
3,5/28/2019,5,,,,1,1,192,12,,
3,5/28/2019,13,1,,,,7,186,9,,7
3,5/20/2019,4,1,,,,1,158,,,7
3,5/20/2019,5,,,,,1,162,,,6
3,5/20/2019,1,1,,,,3,119,,,11
3,5/20/2019,2,,,,1,,90,3,,7
3,5/20/2019,7,,,,,1,110,8,,5
3,5/20/2019,12,,,,,3,219,11,,13
3,5/20/2019,2,1,,,,1,143,4,,10
3,5/20/2019,4,2,,,,2,92,5,,8
3,5/20/2019,6,1,,,,2,116,3,,11
3,5/20/2019,12,1,,,,4,158,7,,4
3,5/13/2019,5,,,,,1,83,,,1
3,5/13/2019,1,,,,,,52,1,,1
3,5/13/2019,6,,1,,,,65,,,4
3,5/13/2019,4,3,,,,,67,1,,2
3,5/13/2019,5,1,1,,,,41,1,,
3,5/13/2019,3,1,,,,,28,,,1
3,5/13/2019,2,2,,,,,63,3,,2
3,5/13/2019,,,,,,,24,,,3
3,5/13/2019,4,,,,,,25,1,,2
3,5/13/2019,4,,,,,,58,,,5
3,5/6/2019,2,1,,,,,11,,,2
3,5/6/2019,10,,,,,,15,,,2
3,5/6/2019,7,,,,,,12,1,,1
3,5/6/2019,6,1,,,,,18,,,3
3,5/6/2019,7,,,,,,10,1,,1
3,5/6/2019,8,,,,,,25,,,1
3,5/6/2019,19,1,,,1,,27,,,3
3,5/6/2019,4,1,,,,,13,,,
3,5/6/2019,4,1,,,,,6,1,,1
3,5/6/2019,10,1,,,,,10,,,5
3,4/29/2019,5,1,,,,,3,,,3
3,4/29/2019,1,,,,,,1,,,
3,4/29/2019,,,,,,,,,,
3,4/29/2019,,,,,,,,,,
3,4/29/2019,,,,,,,,,,
3,4/29/2019,,,,,,,,,,
3,4/29/2019,,,,,,,,,,
3,4/29/2019,,,,,,,,,,
3,4/29/2019,,,,,,,,,,
3,4/29/2019,,,,,,,,,,
3,4/29/2019,8,1,,,,1,7,,,2
3,4/29/2019,9,,,,1,1,6,,,2
3,4/29/2019,2,1,,,,,3,,,2
3,4/29/2019,1,,,,,,5,,,2
3,4/29/2019,4,,1,,,,4,1,,1
3,4/29/2019,2,2,,,1,,4,,,2
3,4/29/2019,2,,,,,,4,,,5
3,4/29/2019,3,,,,,,4,,,4
3,4/29/2019,5,,,,1,1,5,,,2
3,4/29/2019,3,5,,,,,11,,,5
3,4/22/2019,0,,,,,,,,,
3,4/22/2019,2,,,,,,,,,
3,4/15/2019,1,,,,,,,,,
3,4/15/2019,0,,,,,,,,,
3,4/15/2019,1,,,,,,,,,
3,4/15/2019,1,,,,,,,,,
3,4/8/2019,2,,,,,,,,,
3,4/8/2019,2,,,,,,,,,
3,4/8/2019,1,2,,,,,,,,
3,4/8/2019,2,1,,,,,,,,
3,4/1/2019,,1,,,,,,,,
3,4/1/2019,,,,,,1,,,,
3,3/25/2019,1,,,,,,,,,
3,3/25/2019,0,,,,,,,,,
4,8/26/2019,2,8,,,,1,42,1,,
4,8/26/2019,,3,,,2,,25,,,2
4,8/26/2019,,9,,,,,42,,,
4,8/26/2019,,4,,,,,24,1,,
4,8/26/2019,,3,1,,2,2,17,2,,1
4,8/26/2019,,3,,,6,,25,1,,
4,8/26/2019,,,,1,,,15,1,,
4,8/26/2019,,6,,,3,,25,,,1
4,8/26/2019,2,,3,,3,,19,2,,
4,8/26/2019,,1,2,,1,,20,1,,
4,8/19/2019,,1,,,2,1,18,2,,
4,8/19/2019,1,3,1,,,,15,,,
4,8/19/2019,1,2,1,,5,1,15,,,1
4,8/19/2019,,,2,,7,1,10,10,,
4,8/19/2019,2,1,,,1,,14,,,1
4,8/19/2019,,2,1,,,,14,6,,1
4,8/19/2019,1,2,,,1,,13,1,,1
4,8/19/2019,,3,2,,2,1,25,,,
4,8/19/2019,2,3,1,,,1,13,3,,1
4,8/19/2019,1,1,,,,1,23,2,,2
4,8/12/2019,,4,1,,5,2,55,1,,
4,8/12/2019,1,3,,,3,,14,5,,1
4,8/12/2019,,1,,,1,1,22,6,,1
4,8/12/2019,,2,,,5,1,31,5,,3
4,8/12/2019,,3,1,,1,2,40,15,,2
4,8/12/2019,,6,1,,2,2,38,4,,3
4,8/12/2019,4,5,1,,6,5,22,1,,4
4,8/12/2019,,1,2,,2,2,26,8,,1
4,8/12/2019,,9,4,,2,1,18,7,,5
4,8/12/2019,,,,,1,2,30,2,,1
4,8/5/2019,,4,,,2,,30,2,,3
4,8/5/2019,1,,1,,2,,41,6,,
4,8/5/2019,1,1,1,,1,2,30,3,,2
4,8/5/2019,,,,,,,10,2,,1
4,8/5/2019,,2,3,,2,5,20,4,,1
4,8/5/2019,,,4,,2,,35,7,,1
4,8/5/2019,3,3,1,,3,3,17,14,,1
4,8/5/2019,3,1,,,2,1,48,8,,4
4,8/5/2019,,6,3,,1,1,80,12,,4
4,8/5/2019,1,2,5,,1,1,29,1,,
4,7/29/2019,5,1,,,,2,6,4,,1
4,7/29/2019,11,3,1,,,2,32,5,,2
4,7/29/2019,14,1,,,,4,18,5,,1
4,7/29/2019,5,,2,,,,16,8,,3
4,7/29/2019,2,,1,,1,3,55,9,,
4,7/29/2019,5,,,,1,,24,6,,2
4,7/29/2019,8,,,,1,,25,8,,4
4,7/29/2019,,,,,,1,32,,,1
4,7/29/2019,,,2,,3,,20,6,,2
4,7/29/2019,2,2,1,,,4,13,11,,4
4,7/22/2019,1,,1,,5,2,23,7,1,4
4,7/22/2019,2,1,3,,8,5,27,10,2,7
4,7/22/2019,4,,2,,4,5,48,6,,11
4,7/22/2019,5,,1,,3,5,28,7,1,2
4,7/22/2019,3,1,,,1,1,27,11,,6
4,7/22/2019,,3,2,,1,4,25,13,,13
4,7/22/2019,2,,3,,1,6,54,15,,10
4,7/22/2019,1,2,,,,5,21,12,,9
4,7/22/2019,3,,,,,1,12,6,,3
4,7/22/2019,4,,,,1,3,24,12,,11
4,7/15/2019,2,2,3,,1,1,21,7,1,7
4,7/15/2019,2,,2,,4,1,45,9,,11
4,7/15/2019,3,2,1,,1,,35,4,,22
4,7/15/2019,2,2,,,1,1,43,9,1,30
4,7/15/2019,3,,,,1,,22,4,,14
4,7/15/2019,10,1,1,,,3,39,10,1,34
4,7/15/2019,1,2,1,,,1,95,9,2,6
4,7/15/2019,6,1,,,2,1,56,13,1,17
4,7/15/2019,1,2,3,,1,2,35,12,2,12
4,7/15/2019,2,1,1,,3,3,37,10,,4
4,7/8/2019,2,,1,,2,4,54,5,,3
4,7/8/2019,2,2,6,,4,1,62,11,,18
4,7/8/2019,,3,1,,6,2,152,8,,11
4,7/8/2019,2,,2,,6,1,77,9,,1
4,7/8/2019,2,1,4,,2,3,71,7,1,37
4,7/8/2019,2,2,1,,4,5,24,4,,14
4,7/8/2019,1,2,12,,1,,46,5,,11
4,7/8/2019,1,1,3,,,1,70,7,,4
4,7/8/2019,1,1,,,,1,31,5,,17
4,7/8/2019,1,1,,,2,3,46,7,,21
4,7/1/2019,3,,,,1,,28,3,,1
4,7/1/2019,4,3,2,,,,74,6,,1
4,7/1/2019,1,1,1,,2,2,32,10,,7
4,7/1/2019,,,,,1,3,41,17,,4
4,7/1/2019,,3,3,,,1,43,12,,6
4,7/1/2019,3,3,6,,1,2,64,7,,2
4,7/1/2019,4, ,1,,1,6,49,5,,1
4,7/1/2019,1,3,,2,3,,65,4,,2
4,7/1/2019,8,5,1,,3,1,148,24,,2
4,7/1/2019,5,,1,,3,3,52,13,,1
4,6/24/2019,1,2,1,,2,4,108,1,,
4,6/24/2019,2,,2,,,6,81,10,,2
4,6/24/2019,,,,,1,1,50,12,,1
4,6/24/2019,2,1,,,,3,73,7,,1
4,6/24/2019,3,1,,,1,2,49,7,1,3
4,6/24/2019,,3,,,,2,101,11,,2
4,6/24/2019,1,,,,3,4,42,3,,3
4,6/24/2019,2,1,,,,1,76,7,,
4,6/24/2019,1,1,,,,4,39,3,,1
4,6/24/2019,5,3,,,,1,81,7,,3
4,6/17/2019,4,,,,3,1,86,3,,
4,6/17/2019,3,3,,,2,4,74,1,,4
4,6/17/2019,5,4,,,1,,82,11,,1
4,6/17/2019,4,1,,,1,1,88,4,,4
4,6/17/2019,1,2,1,,1,2,71,3,,14
4,6/17/2019,2,2,1,,,1,87,7,,2
4,6/17/2019,1,1,,,1,2,66,9,,3
4,6/17/2019,1,1,,,,2,88,6,,2
4,6/17/2019,2,4,1,,,3,41,1,,4
4,6/17/2019,,3,,,,4,80,10,,3
4,6/17/2019,,4,,1,,,22,8,,3
4,6/17/2019,2,8,,,,1,22,7,,3
4,6/17/2019,3,2,,,1,3,33,,,
4,6/10/2019,12,14,,,,3,77,,,4
4,6/10/2019,6,8,1,,,1,35,,,
4,6/10/2019,5,34,,,,6,36,,,4
4,6/10/2019,9,23,3,,,9,60,3,,5
4,6/10/2019,5,7,,,,2,59,,,4
4,6/10/2019,6,8,,,,5,95,,,3
4,6/10/2019,5,12,,,1,,54,,,6
4,6/10/2019,2,4,,,2,2,31,1,,2
4,6/10/2019,8,14,,,,,96,,,3
4,6/10/2019,6,16,1,,,,65,3,,2
4,6/2/2019,7,,1,,,,17,,,3
4,6/2/2019,6,4,,,,,25,,,
4,6/2/2019,5,1,1,,,,21,,,1
4,6/2/2019,,3,,,,,28,,,3
4,6/2/2019,8,,,,,,37,,,5
4,6/2/2019,4,2,,,,,25,,,2
4,6/2/2019,3,,,,,,17,,,1
4,6/2/2019,5,,,,1,,32,,,2
4,6/2/2019,20,1,,,,3,40,,,
4,6/2/2019,5,1,,,1,,21,,,2
4,5/28/2019,7,,,,,1,107,3,,2
4,5/28/2019,4,2,,,,1,97,5,,2
4,5/28/2019,2,,,,,1,109,3,,6
4,5/28/2019,6,1,,,,2,100,15,,5
4,5/28/2019,6,6,,,,1,148,5,,7
4,5/28/2019,1,2,,,,,136,,,6
4,5/28/2019,14,,,,,2,159,9,,6
4,5/28/2019,20,5,,,,1,99,,,4
4,5/28/2019,4,,,,1,,195,5,,6
4,5/28/2019,7,1,,,,,117,6,,9
4,5/20/2019,3,3,,,,,88,3,,5
4,5/20/2019,6,4,,,,,76,13,,3
4,5/20/2019,5,2,,,,,102,8,,10
4,5/20/2019,5,,,,,,64,5,,7
4,5/20/2019,12,,,,,,88,8,,9
4,5/20/2019,22,,,,,,174,11,,8
4,5/20/2019,2,,,,,,65,,,
4,5/20/2019,1,,,,,1,77,2,,5
4,5/20/2019,8,,,,,,98,11,,2
4,5/20/2019,6,,,,,2,70,4,,3
4,5/13/2019,,,,,,,25,,,3
4,5/13/2019,1,,,,,1,74,,,2
4,5/13/2019,4,,,,,3,35,2,,4
4,5/13/2019,10,1,,,,,196,3,,7
4,5/13/2019,2,,,,,,23,2,,2
4,5/13/2019,6,2,,,,,45,13,,2
4,5/13/2019,,,,,,,22,1,,2
4,5/13/2019,,,,,,,29,1,,
4,5/13/2019,6,,,,,1,45,7,,2
4,5/13/2019,3,,,,,,24,5,,4
4,5/6/2019,2,4,,,,2,15,1,,3
4,5/6/2019,1,,,,,1,5,1,,2
4,5/6/2019,4,,,,,1,9,1,,2
4,5/6/2019,9,2,,,,,22,4,,2
4,5/6/2019,23,,,,,1,31,3,,2
4,5/6/2019,6,1,,,,,11,2,,1
4,5/6/2019,2,1,,,,,8,1,,4
4,5/6/2019,3,,,,,1,9,,,1
4,5/6/2019,2,1,,,,,12,2,,3
4,5/6/2019,3,,,,,2,10,3,,1
4,4/15/2019,1,,,,,,,,,
4,4/15/2019,0,,,,,,,,,
4,11/12/2018,2,,,,,,5,1,,
4,11/12/2018,1,,,,,,6,,,1
4,11/12/2018,2,,,,,,13,1,,
4,11/12/2018,,,,,,,17,2,,
4,11/12/2018,2,,,,,,1,,,1
4,11/12/2018,2,1,,,,,3,,,
4,11/12/2018,5,,,,,,26,,,
4,11/12/2018,1,,,,,,7,,,
4,11/12/2018,1,,,,,,2,,,
4,11/12/2018,,,,,,,2,,,1
4,11/5/2018,2,,,,,,9,,,
4,11/5/2018,,,,,,,2,,,1
4,11/5/2018,,,,,,,3,,,
4,11/5/2018,2,,,,,,3,1,,
4,11/5/2018,2,,,,,,6,,,
4,11/5/2018,2,,,,,,6,1,,1
4,11/5/2018,,,,,,1,5,,,
4,11/5/2018,3,,,,,,5,1,,
4,11/5/2018,,,,,,,10,,,
4,11/5/2018,,,,,,,1,,,1
4,10/29/2018,,,,,,,1,,,
4,10/29/2018,,,,,,,1,,,
4,10/29/2018,1,,,,,,3,,,
4,10/29/2018,2,,,,,,3,,,
4,10/29/2018,1,,,,,,1,,,
4,10/29/2018,,,,,,,1,,,1
4,10/29/2018,,,,,,,,,,
4,10/29/2018,,,,,,,1,,,
4,10/29/2018,1,,,,,,,,,2
4,10/29/2018,,1,,,,,3,,,
4,10/22/2018,1,,,,,,5,,,
4,10/22/2018,2,,,,,,4,,,
4,10/22/2018,1,,,,,,7,,,1
4,10/22/2018,1,1,,,,2,9,,,2
4,10/22/2018,17,1,,,,,10,,,1
4,10/22/2018,16,,,,1,,8,,,2
4,10/22/2018,5,1,,,,,4,,,
4,10/22/2018,1,,,,,,4,,,
4,10/22/2018,1,1,,,,,3,,,
4,10/22/2018,2,1,,,,,8,,,
4,10/15/2018,3,,,,,,24,,,
4,10/15/2018,,,,,,,14,,,
4,10/15/2018,3,,,,,,41,,,1
4,10/15/2018,1,,,,,,17,,,1
4,10/15/2018,3,,,,,,31,,,
4,10/15/2018,5,,,,,,37,,,
4,10/15/2018,2,,,,,,8,,,1
4,10/15/2018,2,,,,,,17,,,2
4,10/15/2018,1,,,,,,23,,,4
4,10/15/2018,2,,,,,,18,,,2
4,10/8/2018,1,,,,,,14,,,
4,10/8/2018,1,,,,,1,14,,,1
4,10/8/2018,,1,,,,,24,,,
4,10/8/2018,1,,,,,1,20,,,4
4,10/8/2018,2,,,,,,20,,,2
4,10/8/2018,4,,,,,1,19,,,
4,10/8/2018,1,,,,,,25,,,
4,10/8/2018,2,,,,,,26,,,1
4,10/8/2018,1,,,,,,24,,,1
4,10/8/2018,5,,,,,2,25,,,
4,10/1/2018,3,,,,,1,40,,,
4,10/1/2018,2,,,,,1,43,,,
4,10/1/2018,4,,,,,1,17,,,
4,10/1/2018,4,,,,,,19,,,2
4,10/1/2018,2,,,,,,31,,,4
4,10/1/2018,3,,,,,1,33,,,1
4,10/1/2018,2,1,,,,,31,,,1
4,10/1/2018,2,,,,,,35,,,1
4,10/1/2018,5,,,,,,40,,,
4,10/1/2018,5,,,,,,44,,,2
4,9/24/2018,6,1,,,1,,28,,,2
4,9/24/2018,3,,,,,1,36,1,,5
4,9/24/2018,2,1,,,,1,26,,,4
4,9/24/2018,1,,,,,2,14,2,,6
4,9/24/2018,1,,,,,,37,2,,3
4,9/24/2018,3,,,,,,19,,,6
4,9/24/2018,,3,,,,,50,2,,7
4,9/24/2018,,1,1,,2,,45,,,4
4,9/24/2018,3,1,,,1,,14,2,,4
4,9/24/2018,3,,,,1,,30,2,,
4,9/17/2018,,2,,,1,1,12,3,,7
4,9/17/2018,,,1,,,,18,,,5
4,9/17/2018,2,,,,,1,10,1,,1
4,9/17/2018,,,,,1,,9,,,6
4,9/17/2018,2,,,,,1,9,2,,3
4,9/17/2018,5,,,,,1,8,4,,2
4,9/17/2018,4,,,,,,23,7,,6
4,9/17/2018,2,1,,,,,18,2,,6
4,9/17/2018,,,1,,,,6,1,,6
4,9/17/2018,2,,,,1,,9,3,,10
4,9/10/2018,2,,,,,2,14,,,9
4,9/10/2018,3,,,,2,,18,,,18
4,9/10/2018,4,,,,,1,13,1,,20
4,9/10/2018,5,1,1,,,3,22,,,23
4,9/10/2018,1,,,,,,16,,,5
4,9/10/2018,,,,,,1,11,1,,10
4,9/10/2018,1,2,,,,,24,,,8
4,9/10/2018,3,,,,,1,9,,,5
4,9/10/2018,,,,,1,,39,2,,13
4,9/10/2018,2,2,,,,2,16,3,,6
4,9/4/2018,2,,,,,,16,,,4
4,9/4/2018,2,2,,,,2,17,2,,11
4,9/4/2018,1,,1,,,2,16,1,,4
4,9/4/2018,1,,,,4,2,13,,,10
4,9/4/2018,4,1,,,,1,31,2,,24
4,9/4/2018,3,,,,1,2,18,1,,14
4,9/4/2018,2,4,,,,,13,,,9
4,9/4/2018,4,,,,,1,18,,,2
4,9/4/2018,1,,3,,2,2,13,,,1
4,9/4/2018,,1,,,,2,16,,,11
4,8/27/2018,2,1,,,1,,11,,,3
4,8/27/2018,1,,,,1,,9,,,5
4,8/27/2018,3,,,,1,1,19,1,,6
4,8/27/2018,2,,,,2,1,18,,,2
4,8/27/2018,,2,,,1,1,10,2,,2
4,8/27/2018,,,,,1,1,21,2,,
4,8/27/2018,3,,,,3,,14,,,2
4,8/27/2018,2,,,,2,,13,,,
4,8/27/2018,3,,,,,,17,,,1
4,8/27/2018,3,,1,,1,1,16,,,1
4,8/6/2018,,,1,,6,1,12,,,2
4,8/6/2018,,,1,,4,,9,,,2
4,8/6/2018,,,,,8,3,17,,,
4,8/6/2018,,,,,5,1,8,,,1
4,7/30/2018,5,,,,,2,15,,,2
4,7/30/2018,4,,,,,4,23,,,2
4,7/30/2018,5,,1,,1,3,15,,,
4,7/30/2018,3,2,,,2,,11,,,1
4,7/30/2018,5,,,,1,,12,,,1
4,7/30/2018,,,1,,2,1,12,,,1
4,7/30/2018,4,,,,,,18,,,5
4,7/30/2018,,1,,,,1,24,,,4
4,7/30/2018,1,,1,,3,2,6,,,4
4,7/30/2018,,,2,,5,1,8,,,
4,7/23/2018,1,,,,,,4,,,12
4,7/23/2018,,,,,,,3,,,9
4,7/23/2018,4,,,,,1,,,,5
4,7/23/2018,,,,,,,5,,,9
4,7/23/2018,2,,,,,1,7,,,16
4,7/23/2018,4,,,,,,,,,8
4,7/23/2018,,,,,,2,7,,,24
4,7/23/2018,2,,,,,3,9,,,11
4,7/23/2018,,,,,,,,,,
4,7/23/2018,,,,,,,,,,
4,7/16/2018,4,,1,,,2,28,1,,8
4,7/16/2018,2,2,,,,3,41,,,22
4,7/16/2018,3,1,,,1,1,30,,,20
4,7/16/2018,2,2,5,,1,3,39,,,15
4,7/16/2018,1,,3,,1,3,22,1,,16
4,7/16/2018,5,4,,,,2,26,,,34
4,7/16/2018,1,,,,1,7,42,,,21
4,7/16/2018,,,1,,,4,30,,,25
4,7/16/2018,5,,,,,3,16,,,11
4,7/16/2018,9,,2,,2,4,25,,,19
4,7/9/2018,1,,2,,,3,24,1,,15
4,7/9/2018,4,,,,3,3,33,,,17
4,7/9/2018,,,,,1,5,46,,,13
4,7/9/2018,2,2,,,,7,70,,,
4,7/9/2018,1,1,,,,7,33,,,20
4,7/9/2018,3,3,1,,1,4,31,,,25
4,7/9/2018,,,4,,,3,36,2,,10
4,7/9/2018,,1,6,,2,5,36,,,36
4,7/9/2018,3,,6,,3,5,34,,,4
4,7/9/2018,5,2,7,,,9,33,1,,16
4,7/2/2018,5,,8,,,3,37,,,7
4,7/2/2018,,,1,,1,,35,1,,3
4,7/2/2018,4,1,1,,2,2,49,,,6
4,7/2/2018,1,,3,1,,2,45,,,12
4,7/2/2018,2,,,,,5,34,,,14
4,7/2/2018,,,,,,,60,,,21
4,7/2/2018,4,3,,,,3,47,,,22
4,7/2/2018,,,1,,,2,35,,,9
4,7/2/2018,2,,,,,3,25,,,12
4,7/2/2018,4,,2,,5,1,52,,,20
4,5/29/2018,,,,,,9,100,2,,9
4,5/29/2018,,2,,,3,3,106,,,5
4,5/29/2018,2,,,,2,7,75,,,9
4,5/29/2018,,,,,,10,209,,,6
4,5/29/2018,,2,,,1,10,49,3,,
4,5/29/2018,1,1,,,,10,80,3,,5
4,5/29/2018,2,,2,,4,2,182,,,6
4,5/29/2018,1,3,,,1,9,97,,,
4,5/29/2018,,1,,,,5,49,,,7
4,5/29/2018,2,,,,1,4,112,,,22
4,5/21/2018,2,,,,,3,96,,,
4,5/21/2018,5,,,,,1,39,,,3
4,5/21/2018,2,,,,1,,16,,,2
4,5/21/2018,4,,,,,1,33,,,2
4,5/21/2018,2,,,,,3,46,,,6
4,5/21/2018,7,,,,,5,56,,,5
4,5/21/2018,,,,,,5,57,4,,11
4,5/21/2018,,,,,2,,54,5,,9
4,5/21/2018,,,,,,1,39,,,9
4,5/21/2018,1,,,,,3,58,,,11
4,5/14/2018,3,1,,,,1,90,,,5
4,5/14/2018,,1,,,,,53,,,2
4,5/14/2018,,1,,,,3,82,,,1
4,5/14/2018,1,,,,,2,24,,,5
4,5/14/2018,,,,,,,9,,,1
4,5/14/2018,,5,,,,2,20,,,1
4,5/14/2018,,,,,,,6,,,2
4,5/14/2018,5,7,,,,,127,,,10
4,5/14/2018,,2,,,,`1,50,,,6
4,5/14/2018,,,,,,2,135,,,6
5,8/26/2019,,3,1,,2,1,24,2,,
5,8/26/2019,,,1,,3,1,49,3,,
5,8/26/2019,,,,,,1,14,1,,
5,8/26/2019,2,,,,,1,9,3,,2
5,8/26/2019,,1,,,1,1,7,3,,
5,8/26/2019,1,4,,,1,,13,7,,1
5,8/26/2019,,2,,,,,9,2,,
5,8/26/2019,,4,,,1,,12,2,,
5,8/26/2019,,,,,,,12,1,,2
5,8/26/2019,,,,,,,21,6,,
5,8/19/2019,,5,,,,2,7,7,,
5,8/19/2019,,2,,,,1,4,1,,
5,8/19/2019,4,11,1,,1,,23,3,,3
5,8/19/2019,,,,,1,,3,1,,2
5,8/19/2019,1,2,,,,1,10,1,,
5,8/19/2019,,2,,,,1,21,3,,
5,8/19/2019,1,3,,,1,2,8,3,,1
5,8/19/2019,1,4,,,,1,23,7,,1
5,8/19/2019,1,1,,,1,,12,5,,
5,8/19/2019,1,2,1,,,1,12,3,,
5,8/12/2019,2,4,,,,2,32,7,,2
5,8/12/2019,,3,,,1,1,22,3,,2
5,8/12/2019,,,,,1,2,10,8,,1
5,8/12/2019,1,3,,,,1,19,5,,1
5,8/12/2019,1,2,,,1,1,25,4,,1
5,8/12/2019,1,,1,,,1,19,9,,1
5,8/12/2019,,3,1,,1,1,21,3,,5
5,8/12/2019,,9,,,2,,25,2,,3
5,8/12/2019,3,7,,,,2,14,4,,2
5,8/12/2019,1,3,,,,2,13,10,,5
5,8/5/2019,1,3,,,,,16,5,,1
5,8/5/2019,1,,,,,2,15,11,,
5,8/5/2019,1,6,,,,1,22,5,,4
5,8/5/2019,,,,,,2,26,8,,
5,8/5/2019,1,3,1,,,2,33,5,,4
5,8/5/2019,,4,,1,,1,35,7,,4
5,8/5/2019,4,6,1,,,1,33,7,,1
5,8/5/2019,,2,1,,,1,10,7,,2
5,8/5/2019,5,1,,,1,1,40,10,,4
5,8/5/2019,3,7,,,,2,27,6,,4
5,7/29/2019,5,,,,,,14,5,,
5,7/29/2019,,,,,1,,12,4,,3
5,7/29/2019,1,2,,,,1,7,5,1,1
5,7/29/2019,4,1,,,,3,28,4,,
5,7/29/2019,5,2,1,,,,21,5,,2
5,7/29/2019,,1,3,,,,38,6,,
5,7/29/2019,1,3,,,,,21,4,,
5,7/29/2019,1,1,,,,,20,4,,1
5,7/29/2019,,3,,,,,19,2,,3
5,7/29/2019,3,,,,,1,13,1,,
5,7/22/2019,1,,,,1,,25,10,,8
5,7/22/2019,2,,,,,4,22,4,,5
5,7/22/2019,1,1,,,1,9,16,10,,8
5,7/22/2019,,1,1,,,3,22,6,,9
5,7/22/2019,5,,1,,2,1,9,8,,9
5,7/22/2019,3,2,2,,,5,25,7,,7
5,7/22/2019,3,1,4,,2,2,26,5,,8
5,7/22/2019,1,,2,,,1,16,3,,3
5,7/22/2019,1,1,,,2,1,11,7,,3
5,7/22/2019,4,2,,,1,2,15,13,,3
5,7/15/2019,2,1,,,,2,32,5,,3
5,7/15/2019,1,1,1,,2,,38,8,,13
5,7/15/2019,3,2,,,,1,27,5,,19
5,7/15/2019,2,1,,,1,1,36,3,,9
5,7/15/2019,2,,1,,2,,17,5,,18
5,7/15/2019,1,2,1,,,,38,12,1,10
5,7/15/2019,,,,,,,18,2,1,7
5,7/15/2019,4,,1,,1,,31,7,,15
5,7/15/2019,2,3,,,,,27,8,,13
5,7/15/2019,2,1,1,,1,3,24,12,,9
5,7/8/2019,,2,,,2,,75,11,,4
5,7/8/2019,,3,,,1,,43,5,,4
5,7/8/2019,,,,,2,3,60,8,1,3
5,7/8/2019,1,2,,,3,2,48,2,,8
5,7/8/2019,1,3,,,1,,43,8,2,4
5,7/8/2019,1,1,3,,1,1,22,3,2,4
5,7/8/2019,4,2,5,,3,3,56,13,,13
5,7/8/2019,,2,3,,3,1,43,8,,4
5,7/8/2019,1,1,3,,1,1,36,2,,2
5,7/8/2019,1,1,2,,,,48,6,,1
5,7/1/2019,2,,1,,,2,30,8,,2
5,7/1/2019,1,2,1,,1,3,42,5,,1
5,7/1/2019,,1,,,2,3,42,6,,1
5,7/1/2019,2,2,1,,,3,39,13,,2
5,7/1/2019,1,1,9,,1,2,43,7,,
5,7/1/2019,1,,4,,,1,35,4,,
5,7/1/2019,1,1,,,1,2,37,8,,2
5,7/1/2019,,1,3,,4,3,93,12,,3
5,7/1/2019,1,,,,,1,32,14,,3
5,7/1/2019,1,2,1,,1,1,44,6,,
5,6/24/2019,3,3,2,,3,3,65,2,,2
5,6/24/2019,2,1,1,,,2,51,7,,
5,6/24/2019,,1,,,,2,53,6,,2
5,6/24/2019,1,,,,1,2,47,7,,1
5,6/24/2019,,,3,,1,4,52,8,,
5,6/24/2019,,2,6,,,3,40,2,1,
5,6/24/2019,2,3,,,2,3,48,5,,4
5,6/24/2019,,1,,,,1,43,4,,
5,6/24/2019,,,1,,,2,24,9,,
5,6/24/2019,2,4,3,,,3,46,3,,2
5,6/17/2019,,1,,,,,22,3,,
5,6/17/2019,,1,,,4,,38,3,,
5,6/17/2019,1,1,,,1,1,38,4,,1
5,6/17/2019,3,2,,,,3,28,3,,1
5,6/17/2019,1,,,,1,2,45,2,,
5,6/17/2019,,4,,,,2,26,1,,
5,6/17/2019,,1,,,1,1,54,1,,
5,6/17/2019,,4,,,,1,56,5,,
5,6/17/2019,1,4,1,,1,2,41,8,,1
5,6/17/2019,1,2,,,,1,18,5,,
5,6/10/2019,1,1,1,,1,4,229,,,6
5,6/10/2019,4,,,,2,4,97,,,3
5,6/10/2019,2,1,,,1,3,126,,,7
5,6/10/2019,2,,,,,3,107,,,3
5,6/10/2019,2,5,,,,6,154,,,4
5,6/10/2019,1,7,,,1,2,138,,,1
5,6/10/2019,2,3,,,1,3,221,,,5
5,6/10/2019,3,8,,,1,4,270,,,2
5,6/10/2019,1,3,,,,4,147,,,2
5,6/10/2019,3,4,,,1,1,118,2,,3
5,6/2/2019,1,2,,,,1,33,,,
5,6/2/2019,2,2,,,,,83,,,3
5,6/2/2019,6,2,,,,,89,,,3
5,6/2/2019,2,1,,,,1,66,,,6
5,6/2/2019,4,1,,,1,,80,,,3
5,6/2/2019,1,2,,,,1,126,1,,4
5,6/2/2019,1,,,,,,45,,,1
5,6/2/2019,4,2,,,2,,,,,
5,6/2/2019,4,2,,,2,2,189,,,2
5,6/2/2019,,,,,1,1,49,,,1
5,5/28/2019,5,,,,,1,278,,,18
5,5/28/2019,3,,,,,,120,,,8
5,5/28/2019,3,,,,1,3,,,,
5,5/28/2019,2,,,,,1,170,,,14
5,5/28/2019,3,,,,,1,263,,,17
5,5/28/2019,1,1,,,,,135,,,8
5,5/28/2019,5,,,,,1,242,,,11
5,5/28/2019,5,,,,,,282,,,5
5,5/28/2019,7,,,,,1,140,,,4
5,5/28/2019,9,1,,,,1,271,,,6
5,5/20/2019,,,,,,,76,,,5
5,5/20/2019,4,,,,,,104,,,8
5,5/20/2019,12,,,,,2,112,,,4
5,5/20/2019,2,,,,,1,79,,,5
5,5/20/2019,8,,,,,,117,,,6
5,5/20/2019,13,,,,,,118,,,7
5,5/20/2019,12,,,,,1,61,,,8
5,5/20/2019,21,,,,,,107,,,8
5,5/20/2019,11,,,,,1,126,,,6
5,5/20/2019,,,,,,,49,,,14
5,5/13/2019,,1,,,,,25,,,3
5,5/13/2019,1,,,,,1,78,,,4
5,5/13/2019,2,,,,,1,85,,,5
5,5/13/2019,,,,,,,26,,,2
5,5/13/2019,,,,,,3,65,,,4
5,5/13/2019,,,,,,1,11,,,6
5,5/13/2019,,,,,,,27,,,5
5,5/13/2019,2,,,,,1,83,,,5
5,5/13/2019,1,,,,,,67,,,1
5,5/13/2019,,,,,,,12,,,3
5,5/6/2019,20,,,,,2,16,,,1
5,5/6/2019,12,,,,,,6,,,1
5,5/6/2019,5,,,,,,16,,,1
5,5/6/2019,6,,,,,1,5,,,
5,5/6/2019,1,,,,,,9,,,
5,5/6/2019,8,1,,,,,18,2,,
5,5/6/2019,8,,,,,,32,,,4
5,5/6/2019,2,,,,,,15,1,,1
5,5/6/2019,3,1,,,,,19,,,2
5,5/6/2019,2,,,,,,,,,1
5,4/29/2019,4,,,,,1,10,,,3
5,4/29/2019,4,,,,,,3,,,3
5,4/29/2019,3,,,,,,5,,,2
5,4/29/2019,5,,,,,,3,,,1
5,4/29/2019,1,,,,,1,5,,,
5,4/29/2019,1,,,,,,10,,,
5,4/29/2019,3,,,,,1,10,,,2
5,4/29/2019,2,1,,,,,4,,,
5,4/29/2019,1,,,,,,11,,,1
5,4/29/2019,3,,,,,,31,,,6
5,4/22/2019,,,,,,,1,,,
5,4/22/2019,,,,,,,1,,,
5,4/15/2019,,,,,,,2,,,
5,4/15/2019,,,,,,,,,,
5,4/8/2019,1,,,,,,1,,,
5,4/8/2019,,,,,,,1,,,1
6,11/11/2019,2,,,,,,4,,,
6,11/11/2019,,,,,,,2,,,
6,11/11/2019,4,,,,,,4,,,
6,11/11/2019,2,,,,,,1,1,,
6,11/11/2019,1,,,,,,2,,,
6,11/11/2019,1,,,,,,5,,,
6,11/11/2019,3,,,,,,8,1,,
6,11/11/2019,,,,,,,4,,,
6,11/11/2019,7,,,,,,3,,,
6,11/11/2019,3,,,,,,2,,,
6,11/4/2019,1,1,,,,,15,6,,
6,11/4/2019,6,1,,,,1,23,7,,
6,11/4/2019,1,1,,,,,7,2,,
6,11/4/2019,3,,,,,,12,7,,
6,11/4/2019,1,,,,,,10,4,,
6,11/4/2019,10,1,,,,,22,1,,
6,11/4/2019,6,,,,,,16,,,1
6,11/4/2019,9,1,,,,,50,10,,
6,11/4/2019,1,1,,,,,16,7,,
6,11/4/2019,4,,,,,,26,5,,
6,10/28/2019,13,,,,1,1,38,12,,2
6,10/28/2019,5,,,,,,27,7,,1
6,10/28/2019,20,3,2,,,2,38,7,,2
6,10/28/2019,53,1,,,,,83,4,,1
6,10/28/2019,23,,,,,,45,12,,
6,10/28/2019,8,,,,,2,14,3,,1
6,10/28/2019,17,2,,,,,17,10,,
6,10/28/2019,10,,,,,,12,5,,
6,10/28/2019,11,,,,,,16,6,,
6,10/28/2019,9,2,,,,,36,2,,
6,10/21/2019,3,,,,,,9,2,,1
6,10/21/2019,5,,,,,1,5,2,,
6,10/21/2019,9,,,,,,6,1,,
6,10/21/2019,3,,,,,,4,1,,
6,10/21/2019,15,4,,,,,29,5,,
6,10/21/2019,7,,,,,1,12,,,
6,10/21/2019,6,1,,,,,6,,,
6,10/21/2019,6,,,,,,17,2,,
6,10/21/2019,1,,,,,1,13,,,
6,10/21/2019,11,,,,,,14,4,,
6,10/15/2019,1,1,,,1,,22,,2,1
6,10/15/2019,2,,,,,3,3,5,,
6,10/15/2019,1,,,,,2,9,4,,
6,10/15/2019,,,,,,,14,3,,
6,10/15/2019,2,,,,,,6,2,,
6,10/15/2019,,,,,,2,10,2,,
6,10/15/2019,1,,,,,,4,4,,
6,10/15/2019,1,,1,,,2,8,,,
6,10/15/2019,1,,,,1,2,4,1,,
6,10/15/2019,1,,,,,1,5,3,,1
6,10/7/2019,1,,,,,,3,,,
6,10/7/2019,1,,,,,,3,1,,
6,10/7/2019,5,,,,,,5,3,,
6,10/7/2019,2,,,,,,1,1,,1
6,10/7/2019,2,,,,,,13,4,,
6,10/7/2019,1,,,,,,4,2,,
6,10/7/2019,2,,,,,1,6,3,,
6,10/7/2019,1,,,,,,7,1,,1
6,10/7/2019,,,,,,,3,2,,
6,10/7/2019,2,,,,,,3,1,,1
6,9/30/2019,,1,,,,,7,4,,
6,9/30/2019,2,,,,,,,2,,
6,9/30/2019,,1,,,,,4,,,
6,9/30/2019,,,1,,,,5,2,,1
6,9/30/2019,,,,,,,4,1,,
6,9/30/2019,,,,,,,7,2,,
6,9/30/2019,,,,,,,6,1,,
6,9/30/2019,,1,,,,,10,2,,
6,9/30/2019,1,,,,,,3,,,
6,9/30/2019,,,,,,3,5,1,,
6,9/23/2019,,2,,,,1,7,3,,
6,9/23/2019,,,,,1,,7,3,,
6,9/23/2019,,,,,,,3,1,,
6,9/23/2019,1,,,,,,6,2,,
6,9/23/2019,,1,,,,3,14,3,,
6,9/23/2019,1,,,,,,10,,,
6,9/23/2019,1,,,,,,9,1,,
6,9/23/2019,,1,,,,,3,4,,
6,9/23/2019,,,,,1,1,9,3,,
6,9/23/2019,1,2,,,,,6,1,,1
6,9/16/2019,,,,,,,9,1,,
6,9/16/2019,,,,,,,3,1,,
6,9/16/2019,,1,,,,,3,2,,
6,9/16/2019,,1,,,,,5,6,,
6,9/16/2019,,,,,,2,10,1,,
6,9/16/2019,,1,,,,1,7,1,,
6,9/16/2019,3,,,,,1,5,,,
6,9/16/2019,,,1,,,,7,,,2
6,9/16/2019,3,1,,,,,2,1,,
6,9/16/2019,1,,,,,,6,,,
6,9/9/2019,,,,,,,4,2,,
6,9/9/2019,,,,,,,6,,,
6,9/9/2019,1,,,,,,6,,,
6,9/9/2019,,1,,,,,1,1,,
6,9/9/2019,,,,,1,1,9,,,
6,9/9/2019,,1,,,,,4,2,,
6,9/9/2019,,2,1,,,,4,,,
6,9/9/2019,,,,,,1,4,,,
6,9/9/2019,3,,1,,,,6,3,,
6,9/9/2019,,1,,,,,4,6,,
6,9/3/2019,1,1,,,,,9,1,,1
6,9/3/2019,,4,,,,,3,1,,
6,9/3/2019,,4,,,,1,6,4,,
6,9/3/2019,1,1,,,,,5,3,,
6,9/3/2019,,1,,,,,3,2,,
6,9/3/2019,1,2,,,,,3,,,
6,9/3/2019,,4,,,,,3,3,,
6,9/3/2019,2,3,,,,,7,5,,
6,9/3/2019,,1,1,,2,,3,1,,
6,9/3/2019,2,3,,,,,8,,,
6,8/26/2019,,2,1,,1,,10,,,
6,8/26/2019,1,7,,,,1,10,,,1
6,8/26/2019,,4,,,,,10,2,,
6,8/26/2019,,1,,,1,,6,,,
6,8/26/2019,,5,,,,,5,,,1
6,8/26/2019,,6,,,,,4,,,1
6,8/26/2019,,3,,,,1,6,1,,1
6,8/26/2019,,1,,,,,7,1,,
6,8/26/2019,1,4,1,2,,,3,,,
6,8/26/2019,1,11,1,,,,6,,,1
6,8/19/2019,1,1,,,,,8,1,,1
6,8/19/2019,,12,,,,1,7,2,,2
6,8/19/2019,,6,,,,,7,2,,
6,8/19/2019,,5,,,,,3,,,
6,8/19/2019,1,3,,,,,4,,,
6,8/19/2019,,1,,,,,11,2,,
6,8/19/2019,,9,,,,1,8,,,
6,8/19/2019,1,,,,,,8,2,,
6,8/19/2019,,2,,,,1,2,,,
6,8/19/2019,,9,1,,,1,5,,,2
6,8/12/2019,4,6,,,4,,4,1,,1
6,8/12/2019,1,10,,,,,9,,,
6,8/12/2019,,2,,,1,1,14,6,,1
6,8/12/2019,,13,,,,,7,5,,1
6,8/12/2019,,7,,,,1,,2,,1
6,8/12/2019,1,,,,1,,11,1,,4
6,8/12/2019,,11,,,,1,9,1,,1
6,8/12/2019,1,2,,,,,7,4,,3
6,8/12/2019,,7,,,,3,1,2,,3
6,8/12/2019,,2,,,,1,9,1,,5
6,8/5/2019,2,6,`,,,1,11,,,2
6,8/5/2019,1,,,,,,11,,,1
6,8/5/2019,,,,,1,1,29,1,,
6,8/5/2019,,12,,,,,21,1,,1
6,8/5/2019,2,2,3,,1,1,15,,,3
6,8/5/2019,,8,2,,1,,13,2,,
6,8/5/2019,,2,,,,1,20,,,8
6,8/5/2019,1,7,,,,,20,,,5
6,8/5/2019,,4,,,3,1,12,1,,1
6,8/5/2019,1,6,1,,4,,13,1,,3
6,7/29/2019,6,4,,,,,4,,1,3
6,7/29/2019,3,,1,,,,12,1,,1
6,7/29/2019,,4,,,,2,15,,,4
6,7/29/2019,,,,,1,,8,,,1
6,7/29/2019,,8,2,,1,,18,4,,
6,7/29/2019,,4,,,1,,17,,,1
6,7/29/2019,,2,,,,9,9,,,
6,7/29/2019,1,2,,,,1,9,1,,2
6,7/29/2019,1,7,1,,,1,2,7,,
6,7/29/2019,2,3,1,,,,15,4,,
6,7/22/2019,1,1,,,,1,13,1,,16
6,7/22/2019,,,,,,1,7,,,16
6,7/22/2019,2,1,,,,,7,2,,12
6,7/22/2019,1,,,,1,,11,1,,2
6,7/22/2019,2,,,,,2,9,1,,5
6,7/22/2019,,,,,,1,12,,,3
6,7/22/2019,1,,2,,,2,12,1,,3
6,7/22/2019,,2,,,,1,10,,,
6,7/22/2019,1,,1,,1,2,15,,1,2
6,7/22/2019,1,,,,7,2,6,,,3
6,7/15/2019,1,,,,2,,9,7,3,15
6,7/15/2019,1,,,,4,1,6,2,1,9
6,7/15/2019,3,,4,,1,2,12,2,7,13
6,7/15/2019,4,1,1,,,1,10,2,3,6
6,7/15/2019,3,,,,,1,2,,,10
6,7/15/2019,,,,,,1,7,2,,10
6,7/15/2019,3,2,,,,,14,2,,11
6,7/15/2019,6,1,,,,1,12,2,,19
6,7/15/2019,3,2,,,,2,8,2,,54
6,7/15/2019,4,,,,2,3,9,3,,68
6,7/8/2019,3,2,1,,1,2,19,1,,34
6,7/8/2019,2,,2,,1,,24,1,,32
6,7/8/2019,,,,,1,1,13,3,,9
6,7/8/2019,1,1,3,,,1,33,5,,21
6,7/8/2019,,,7,,2,2,17,5,,14
6,7/8/2019,3,,4,,1,3,15,3,,5
6,7/8/2019,,,1,,2,1,26,7,,8
6,7/8/2019,1,1,,,1,,10,2,,8
6,7/8/2019,1,1,,,1,1,11,2,,14
6,7/8/2019,,,,,,,21,3,,8
6,7/1/2019,4,,3,,1,2,33,,,
6,7/1/2019,1,,,,,2,17,5,,1
6,7/1/2019,1,,,,1,1,45,4,,3
6,7/1/2019,,,,,1,1,24,3,,
6,7/1/2019,2,,,,1,4,20,2,,
6,7/1/2019,1,,,,,5,13,3,,1
6,7/1/2019,2,,,,,1,20,1,,3
6,7/1/2019,3,2,,,,2,52,3,,2
6,7/1/2019,3,4,,,,2,42,,,2
6,7/1/2019,1,1,,,,2,38,6,,3
6,6/24/2019,1,3,1,,,3,22,9,,
6,6/24/2019,,1,,,,2,19,10,,
6,6/24/2019,1,1,,,3,,30,3,,1
6,6/24/2019,,1,1,,2,2,22,8,,1
6,6/24/2019,2,,,,,3,29,3,,1
6,6/24/2019,10,3,,,,2,27,8,,1
6,6/24/2019,2,1,,,,3,29,1,,1
6,6/24/2019,2,1,,,,3,22,3,,1
6,6/24/2019,3,3,,,4,,11,5,, 
6,6/24/2019,3,4,,,,4,30,3,,1
6,6/17/2019,,,1,,,,16,4,,6
6,6/17/2019,3,,1,,2,3,20,5,,6
6,6/17/2019,1,2,,,2,,14,5,,
6,6/17/2019,2,4,,,,,11,1,,5
6,6/17/2019,1,2,,,,,20,6,,
6,6/17/2019,2,2,,,,,33,3,,3
6,6/17/2019,1,,,,,,32,7,,3
6,6/17/2019,,1,1,,,,24,10,,
6,6/17/2019,,1,,,,1,22,5,,2
6,6/17/2019,1,1,,,,,16,7,,1
6,6/10/2019,1,4,2,,2,4,104,,,6
6,6/10/2019,1,1,,,1,8,99,,,8
6,6/10/2019,3,1,,,,,76,,,8
6,6/10/2019,1,3,,,,,78,,,8
6,6/10/2019,,,,,,1,61,,,3
6,6/10/2019,2,3,,,,1,132,,,1
6,6/10/2019,1,,,,2,,123,,,2
6,6/10/2019,2,,,,,,102,,,2
6,6/2/2019,3,,,,,,23,,,1
6,6/2/2019,2,,,,,,52,,,1
6,6/2/2019,,,,,,,26,,,3
6,6/2/2019,1,,,,1,,10,,,1
6,6/2/2019,,,,,,,44,,,
6,6/2/2019,6,,,,,,48,1,,1
6,6/2/2019,1,,,,,,17,,,
6,6/2/2019,2,,,,,,46,,,
6,6/2/2019,,1,,,,,53,,,1
6,6/2/2019,3,1,,,,,69,,,2
6,5/28/2019,3,,,,1,1,167,,,6
6,5/28/2019,8,,,,,,201,,,3
6,5/28/2019,1,1,,,,,160,,,9
6,5/28/2019,1,,,,,5,162,,,6
6,5/28/2019,4,,,,1,1,199,,,7
6,5/28/2019,2,,,,,,84,,,5
6,5/28/2019,2,,,,,,143,,,2
6,5/28/2019,5,,,,,,241,,,2
6,5/28/2019,2,,,,,,154,,,15
6,5/28/2019,,,,,1,1,116,,,
6,5/20/2019,3,,,,,1,51,,,3
6,5/20/2019,4,,,,,,226,,,8
6,5/20/2019,,,,,,1,86,,,3
6,5/20/2019,,1,,,,,98,,,11
6,5/20/2019,4,,,,,,199,,,8
6,5/20/2019,,,,,,,68,,,4
6,5/20/2019,,,,,,1,84,,,5
6,5/20/2019,,,,,,1,58,,,4
6,5/20/2019,1,,,,,,84,,,6
6,5/20/2019,8,,,,,,123,,,4
6,5/13/2019,,,,,,1,24,,,4
6,5/13/2019,1,,,,,,34,,,3
6,5/13/2019,1,,,,,,24,,,
6,5/13/2019,2,,,,,1,69,,,1
6,5/13/2019,,,,,,,23,,,
6,5/13/2019,,,,,,,19,,,
6,5/13/2019,4,,,,,,20,,,3
6,5/13/2019,5,,,,,,133,,,4
6,5/13/2019,1,,,,,,18,,,3
6,5/13/2019,1,1,,,,,369,,,1
6,5/6/2019,,,,,,1,2,,,1
6,5/6/2019,5,2,,,,2,13,,,2
6,5/6/2019,1,,,,,,9,1,,2
6,5/6/2019,2,,,,,1,3,,,3
6,5/6/2019,9,,,,,,19,,,4
6,5/6/2019,8,1,,,,,9,,,
6,5/6/2019,26,,,,,,27,,,2
6,5/6/2019,3,,,,,,6,,,1
6,5/6/2019,,,,,,,4,,,1
6,5/6/2019,4,,,,,,12,,,4
6,4/29/2019,3,,,,,2,4,,,1
6,4/29/2019,,,,,,1,17,,,2
6,4/29/2019,3,1,,,,,13,,,1
6,4/29/2019,1,,,,,,3,,,4
6,4/29/2019,,,,,,,12,,,1
6,4/29/2019,2,,,,,,7,,,
6,4/29/2019,1,,,,,1,6,,,2
6,4/29/2019,1,,,,,,8,,,2
6,4/29/2019,1,2,,,,,8,,,
6,4/29/2019,2,,,,,,6,,,5
6,4/8/2019,0,,,,,,,,,
6,4/8/2019,1,2,,,,,,,,
6,4/1/2019,0,,,,,,,,,
6,4/1/2019,0,,,,,,,,,
6,11/12/2018,3,,,,,,2,,,
6,11/12/2018,4,,,,,,2,,,
6,11/12/2018,4,,,,,,5,,,
6,11/12/2018,3,,,,,,6,,,
6,11/12/2018,4,,,,,,3,,,
6,11/12/2018,4,,,,,,5,,,
6,11/12/2018,1,,,,,,4,,,
6,11/12/2018,4,,,,,,6,,,
6,11/12/2018,7,,,,,,4,,,
6,11/12/2018,10,,,,,,4,,,
6,11/5/2018,5,,,,,,2,,,
6,11/5/2018,2,,,,,,1,,,
6,11/5/2018,0,,,,,,,,,
6,11/5/2018,3,,,,,,5,,,
6,11/5/2018,5,,,,,,4,,,
6,11/5/2018,1,,,,,,3,,,
6,11/5/2018,4,,,,,,2,,,
6,11/5/2018,4,,,,,,3,,,
6,11/5/2018,2,,,,,,2,,,
6,11/5/2018,1,,,,,,2,,,
6,10/29/2018,1,,,,,,4,,,
6,10/29/2018,,1,,,,,1,,,
6,10/29/2018,2,,,,,,,,,
6,10/29/2018,2,,,,,,,,,
6,10/29/2018,1,,,,,,,,,
6,10/29/2018,0,,,,,,,,,
6,10/29/2018,1,,,,,,2,,,
6,10/29/2018,0,,,,,,,,,
6,10/29/2018,1,,,,,,,,,
6,10/29/2018,1,,,,,,,,,
6,10/22/2018,,,,,,,1,,,
6,10/22/2018,,,,,,,8,,,
6,10/22/2018,,,,,,,1,,,
6,10/22/2018,2,,,,,,2,,,
6,10/22/2018,1,,,,,,2,,,
6,10/22/2018,2,,,,,,3,,,1
6,10/22/2018,,,,,,,9,,,
6,10/22/2018,2,,,,,,2,,,1
6,10/22/2018,2,,,,,,5,,,
6,10/22/2018,1,,,,,,4,,,
6,10/15/2018,9,,,,,,1,,,
6,10/15/2018,2,,,,,,10,,,
6,10/15/2018,1,,,,,,4,,,2
6,10/15/2018,1,,,,,,7,,,
6,10/15/2018,2,,,,,,4,,,
6,10/15/2018,2,,,,,,6,,,
6,10/15/2018,,,,,,,4,,,
6,10/15/2018,1,,,,,,7,,,
6,10/15/2018,,,,,,,,,,
6,10/15/2018,,,,,,,,,,
6,10/8/2018,1,,,,,,2,,,
6,10/8/2018,,,,,,,2,,,
6,10/8/2018,,,,,,,4,,,
6,10/8/2018,1,,,,,,3,,,
6,10/8/2018,2,,,,,,11,,,
6,10/8/2018,,,,,,,5,,,
6,10/8/2018,2,,,,,,6,,,
6,10/8/2018,2,,,,,,10,,,
6,10/8/2018,4,,,,,,13,,,
6,10/8/2018,9,,,,,,24,,,
6,10/1/2018,4,,,,,,4,,,
6,10/1/2018,,,,,,,13,,,
6,10/1/2018,,,,,,1,4,,,1
6,10/1/2018,2,,,,,,7,,,
6,10/1/2018,,,,,,,6,,,
6,10/1/2018,4,,,,,,10,,,
6,10/1/2018,3,,,,,,6,,,1
6,10/1/2018,1,,,,,,13,,,
6,10/1/2018,1,,,,,,2,,,
6,10/1/2018,1,,,,,,7,,,
6,9/24/2018,1,,,,,,9,,,3
6,9/24/2018,1,,,,,,7,,,1
6,9/24/2018,,,,,,,2,,,
6,9/24/2018,,,,,,,5,,,1
6,9/24/2018,1,,,,,,17,,,1
6,9/24/2018,,,,,,,15,,,1
6,9/24/2018,,,,,,,11,,,1
6,9/24/2018,,,,,,,4,,,
6,9/24/2018,2,,,,,,2,,,
6,9/24/2018,1,,,,,,4,,,
6,9/17/2018,1,,,,,,3,,,
6,9/17/2018,1,,,,,,2,,,1
6,9/17/2018,1,,,,,,6,,,
6,9/17/2018,,,,,,,2,,,2
6,9/17/2018,,,,,,,3,,,
6,9/17/2018,,,,,,,6,,,
6,9/17/2018,,,,,,,5,,,2
6,9/17/2018,,,,,,1,7,,,3
6,9/17/2018,,,,,,,3,,,
6,9/17/2018,,,,,,2,9,,,1
6,9/10/2018,,,,,,,6,,,1
6,9/10/2018,1,,,,,,5,,,1
6,9/10/2018,,,1,,,2,2,,,
6,9/10/2018,,,,,,1,2,,,
6,9/10/2018,,,,,,1,2,,,
6,9/10/2018,1,,,,1,,8,,,2
6,9/10/2018,1,,,,,,4,,,1
6,9/10/2018,1,,,,,2,6,,,2
6,9/10/2018,1,,,,,,5,,,1
6,9/10/2018,,,,,,1,5,,,1
6,9/4/2018,1,,,,,,4,,,3
6,9/4/2018,,1,,,,1,3,,,2
6,9/4/2018,,,,,,3,7,,,1
6,9/4/2018,,,,,,,3,,,
6,9/4/2018,1,,,,,1,4,,,
6,9/4/2018,,,,,,1,7,,,
6,9/4/2018,,,,,,1,4,,,1
6,9/4/2018,,,,,,1,7,,,
6,9/4/2018,1,,,,,2,6,,,4
6,9/4/2018,,,,,,,4,,,
6,8/27/2018,,1,,,,,3,,,1
6,8/27/2018,1,,,,2,,5,,,
6,8/27/2018,1,,,,,1,4,,,2
6,8/27/2018,1,,,,,,6,,,3
6,8/27/2018,1,,,,,1,2,,,
6,8/27/2018,,,,,,1,6,,,1
6,8/27/2018,,,,,,1,11,,,
6,8/27/2018,1,,,,,2,7,,,1
6,8/27/2018,,,,,,2,2,,,
6,8/27/2018,1,,,,,,7,,,
6,8/20/2018,,,1,,,6,3,,,
6,8/20/2018,,,,,1,1,14,,,4
6,8/20/2018,2,,,,,2,3,,,
6,8/20/2018,,,,,,1,6,,,
6,8/20/2018,1,,,,,3,6,,,3
6,8/20/2018,1,,,,,2,7,,,5
6,8/20/2018,1,,,,1,1,6,,,2
6,8/20/2018,,,,,,,7,,,2
6,8/20/2018,,,,,,,8,,,2
6,8/20/2018,,,,,,3,4,,,
6,8/13/2018,2,,,,,4,8,,,3
6,8/13/2018,,,,,,3,4,,,3
6,8/13/2018,,,,,,4,8,,,3
6,8/13/2018,1,,,,,1,6,,,1
6,8/13/2018,,,,,,1,7,,,2
6,8/13/2018,,,,,,1,14,,,2
6,8/13/2018,1,,,,,1,2,,,
6,8/13/2018,,1,,,,,14,,,1
6,8/13/2018,,,,,1,,6,,,5
6,8/13/2018,,,,,,2,7,,,2
6,8/6/2018,,,,,,2,14,,,2
6,8/6/2018,1,,,,,4,4,,,2
6,8/6/2018,3,,2,,,4,7,,,2
6,8/6/2018,2,,,,,3,6,,,
6,8/6/2018,,1,,,2,1,7,,,2
6,8/6/2018,3,,,,,,7,,,
6,8/6/2018,,,,,,5,8,,,3
6,8/6/2018,,,,,,2,6,,,2
6,8/6/2018,,,,,,2,8,,,1
6,8/6/2018,,,,,,2,6,,,1
6,7/30/2018,,,,,,2,11,,,1
6,7/30/2018,2,,,,,,18,,,
6,7/30/2018,1,1,,,,4,12,,,1
6,7/30/2018,,,,,1,3,5,,,
6,7/30/2018,1,,,,,4,6,,,
6,7/30/2018,4,,,,,2,13,,,2
6,7/30/2018,1,,,,,3,13,,,
6,7/30/2018,2,1,,,1,1,11,,,3
6,7/30/2018,3,,,,,4,11,,,
6,7/30/2018,4,2,,,2,1,7,,,3
6,7/23/2018,2,2,,,,2,3,,,6
6,7/23/2018,1,,,,,1,1,,,3
6,7/23/2018,3,,,,,10,20,,,5
6,7/23/2018,4,,,,,3,9,,,6
6,7/23/2018,,3,,,,2,12,,,11
6,7/23/2018,,,,,,5,11,,,13
6,7/23/2018,2,,,,,5,10,,,7
6,7/23/2018,3,,,,,2,9,,,8
6,7/16/2018,2,1,,,,2,9,1,,7
6,7/16/2018,2,,,,,11,24,,,11
6,7/16/2018,6,,1,,,6,10,,,10
6,7/16/2018,2,,,,2,8,12,,,11
6,7/16/2018,2,,,,,6,11,,,7
6,7/16/2018,2,1,,,,3,14,,,12
6,7/16/2018,2,,,,,4,2,,,8
6,7/16/2018,2,,,,,4,2,,,8
6,7/16/2018,3,,1,,1,6,20,,,11
6,7/16/2018,1,,1,,,1,22,,,8
6,7/9/2018,2,,,,1,4,23,,,6
6,7/9/2018,,,4,,,4,26,,,9
6,7/9/2018,1,,,,,4,13,,,
6,7/9/2018,5,,,,,6,12,,,6
6,7/9/2018,2,,,,1,1,18,,,12
6,7/9/2018,2,,,,1,1,25,,,13
6,7/9/2018,3,,1,,,4,21,,,8
6,7/9/2018,3,,,,1,3,23,,,9
6,7/9/2018,3,,1,,1,5,19,,,9
6,7/9/2018,3,,,,1,3,22,,,6
6,7/2/2018,,,,,,2,15,,,3
6,7/2/2018,3,,,,,,34,,,4
6,7/2/2018,,1,1,,,,35,,,10
6,7/2/2018,5,,,,,,36,,,
6,7/2/2018,2,,1,,,4,31,,,13
6,7/2/2018,4,,1,,,,30,,,4
6,7/2/2018,3,,2,,1,1,22,,,4
6,7/2/2018,,,2,,,3,14,,,3
6,7/2/2018,4,,,,,1,29,,,7
6,7/2/2018,1,,,,,2,19,,,4
6,6/25/2018,1,,,,,,38,,,15
6,6/25/2018,1,,,,1,2,25,,,7
6,6/25/2018,1,,,,,2,24,3,,6
6,6/25/2018,2,,,,1,,25,,,15
6,6/25/2018,,,4,,2,3,61,,,10
6,6/25/2018,2,,,,,2,27,1,,3
6,6/25/2018,2,,,,,2,14,2,,3
6,6/25/2018,2,,,,1,3,22,,,3
6,6/25/2018,2,,,,,4,18,,,7
6,6/25/2018,3,1,2,,1,2,22,,,14
6,6/18/2018,,1,,,1,5,19,1,,11
6,6/18/2018,4,1,,,,2,47,1,,10
6,6/18/2018,5,,,,1,4,19,3,,10
6,6/18/2018,2,,,,2,3,52,,,25
6,6/18/2018,,,,,,,32,2,,14
6,6/18/2018,6,,,,1,4,30,,,14
6,6/18/2018,,2,,,,5,32,1,,6
6,6/18/2018,1,,,,5,5,25,7,,12
6,6/18/2018,1,1,,,,8,5,2,,8
6,6/18/2018,3,1,,,,8,11,,,11
6,6/11/2018,2,,,,1,3,15,,,4
6,6/11/2018,1,1,,,,1,28,1,,6
6,6/11/2018,1,1,,,1,4,42,1,,11
6,6/11/2018,,,,,,,18,1,,1
6,6/11/2018,1,,,,,,18,,,
6,6/11/2018,,,,,,,24,,,4
6,6/11/2018,,,,,,,87,5,,9
6,6/11/2018,2,,,,,,14,,,1
6,6/11/2018,,,,,,,36,,,1
6,6/11/2018,,,,,,4,78,,,2
6,6/4/2018,,1,,,,3,23,,,3
6,6/4/2018,1,,,,,1,28,,,5
6,6/4/2018,3,,,,,23,15,,,5
6,6/4/2018,,1,,,,1,16,,,
6,6/4/2018,2,,,,1,5,59,,,6
6,6/4/2018,,,,,,,17,1,,2
6,6/4/2018,2,,,,,4,41,,,4
6,6/4/2018,1,,,,2,,66,,,3
6,6/4/2018,2,,,,,,22,,,1
6,6/4/2018,,,,,1,,31,1,,
6,5/29/2018,,,,,1,2,56,,,6
6,5/29/2018,1,,,,1,2,74,,,
6,5/29/2018,2,,,,1,2,30,,,
6,5/29/2018,,,,,,2,35,,,2
6,5/29/2018,2,1,,,,2,65,,,1
6,5/29/2018,,,,,,1,30,,,4
6,5/29/2018,,,,,,3,76,,,7
6,5/29/2018,,,,,,,20,,,2
6,5/29/2018,1,,,,,4,57,,,
6,5/29/2018,2,,,,,1,22,,,3
6,5/21/2018,4,,,,,2,73,,,
6,5/21/2018,,,,,,,26,,,1
6,5/21/2018,,,,,,,42,,,1
6,5/21/2018,,,,,,1,28,,,1
6,5/21/2018,,1,,,,1,18,,,
6,5/21/2018,3,,,,,2,,,,5
6,5/21/2018,,,,,1,3,73,,,1
6,5/21/2018,1,,,,,4,32,,,4
6,5/21/2018,1,,,,,1,30,,,6
6,5/21/2018,,,,,1,2,64,,,4
6,5/14/2018,,,,,,,45,,,
6,5/14/2018,,,,,,2,44,,,4
6,5/14/2018,,2,,,,4,41,,,8
6,5/14/2018,,,,,,3,26,,,10
6,5/14/2018,3,,,,,,43,,,8
6,5/14/2018,4,,,,,3,207,,,10
6,5/14/2018,,,,,,,57,,,6
6,5/14/2018,,,,,,,65,,,13
6,5/14/2018,,,,,,,272,,,14
6,5/14/2018,,,,,,2,42,,,9
9,6/17/2019,3,5,,,1,,78,,,1
9,6/17/2019,5,,,,,1,35,,,3
9,6/17/2019,1,,,,,,33,,,2
9,6/17/2019,3,,,,,,19,,,3
9,6/17/2019,2,,,,1,,45,,,2
9,6/17/2019,2,1,,,,2,50,,,1
9,6/17/2019,,5,,,,4,50,,,2
9,6/17/2019,4,2,,,1,4,62,,,5
9,6/17/2019,3,,,,,,61,,,1
9,6/17/2019,4,3,,,,,30,,,4
9,6/10/2019,3,,,,,,78,,,2
9,6/10/2019,5,,,,,,38,,,2
9,6/10/2019,6,1,1,,,2,114,,,
9,6/10/2019,2,1,,,1,1,73,,,1
9,6/10/2019,3,16,,,1,9,106,,,3
9,6/10/2019,4,9,,,,4,62,,,3
9,6/10/2019,2,8,,,1,2,79,,,2
9,6/10/2019,2,6,,,,3,50,,,2
9,6/10/2019,4,,,,1,,68,,,4
9,6/10/2019,2,,,,,1,33,,,3
9,6/2/2019,6,1,,,,,15,,,4
9,6/2/2019,4,,,,,,18,,,
9,6/2/2019,,,,,,,13,,,
9,6/2/2019,1,,,,,,26,,,2
9,6/2/2019,2,,1,,,,41,,,
9,6/2/2019,2,,,,,,51,,,
9,6/2/2019,8,,,,,,60,,,2
9,6/2/2019,3,,,,,,31,,,
9,6/2/2019,3,1,,,,,47,2,,1
9,6/2/2019,2,1,1,,,,59,,,1
9,5/28/2019,2,4,,,,,32,,,5
9,5/28/2019,,,,,,,10,,,2
9,5/28/2019,,1,1,,,7,81,,,
9,5/28/2019,1,,,,,1,22,,,1
9,5/28/2019,1,,,,,1,46,,,2
9,5/28/2019,,,,,,1,14,,,
9,5/28/2019,4,,,,,,82,,,2
9,5/28/2019,3,1,,,,1,42,,,1
9,5/28/2019,3,,,,,,79,,,1
9,5/28/2019,2,1,,,,4,73,,,
9,5/20/2019,5,,,,,,4,,,
9,5/20/2019,3,,,,,1,4,,,
9,5/20/2019,,,,,,1,5,,,1
9,5/20/2019,1,,,,,,2,,,
9,5/20/2019,4,,,,,,5,,,1
9,5/20/2019,1,,,,,,11,,,1
9,5/20/2019,8,,,,,1,2,,,1
9,5/20/2019,3,,,,,1,13,,,2
9,5/20/2019,6,,,,,1,8,,,
9,5/20/2019,11,,,,,1,2,,,9
9,5/13/2019,2,,,,,,4,,,
9,5/13/2019,0,,,,,,,,,
9,5/6/2019,1,,,,,,,,,
9,5/6/2019,0,,,,,,,,,
9,4/1/2019,2,,,,,,,,,
9,4/1/2019,0,,,,,,,,,
9,11/12/2018,2,,,,,,3,,,
9,11/12/2018,3,,,,,,4,,,
9,11/12/2018,,,,,,,2,,,1
9,11/12/2018,1,,,,,,,,,
9,11/12/2018,10,,,,,,,,,
9,11/12/2018,0,,,,,,,,,
9,11/12/2018,1,,,,,,2,,,
9,11/12/2018,3,,,,,,1,,,
9,11/12/2018,,,,,,,1,,,
9,11/12/2018,2,,,,,,3,,,2
9,11/5/2018,2,,,,,,1,,,
9,11/5/2018,2,,,,,,2,,,
9,11/5/2018,,,,,,,1,,,
9,11/5/2018,2,,,,,,4,,,
9,11/5/2018,3,,,,,,2,,,
9,11/5/2018,,,,,,,1,,,1
9,11/5/2018,2,,,,,,,,,
9,11/5/2018,2,,,,,,2,,,
9,11/5/2018,,,,,,,1,,,
9,11/5/2018,,,,,,,2,,,
9,10/29/2018,,,,,,,1,,,
9,10/29/2018,,,,,,,1,,,
9,10/29/2018,,,,,,,2,,,
9,10/29/2018,,,,,,,1,,,
9,10/29/2018,,,,,,,1,,,
9,10/29/2018,,,,,,,1,,,
9,10/29/2018,,,,,,,0,,,
9,10/29/2018,,,,,,,1,,,
9,10/29/2018,,,,,,,1,,,
9,10/29/2018,1,,,,,,1,,,
9,10/22/2018,2,,,,,,7,,,
9,10/22/2018,3,,,,,,3,,,
9,10/22/2018,,,,,,,1,,,
9,10/22/2018,1,,,,,,2,,,
9,10/22/2018,2,,,,,,1,,,
9,10/22/2018,1,,,,,,4,,,
9,10/22/2018,3,,,,,,4,,,
9,10/22/2018,,,,,,,1,,,
9,10/22/2018,1,,,,,,3,,,
9,10/22/2018,2,,,,,,2,,,
9,10/15/2018,4,,,,,,12,,,
9,10/15/2018,3,1,,,,,5,,,
9,10/15/2018,3,,,,,,4,,,
9,10/15/2018,4,,,,,,8,,,1
9,10/15/2018,5,,,,,,7,,,
9,10/15/2018,3,,,,1,,9,,,
9,10/15/2018,3,,,,,,17,,,
9,10/15/2018,1,,,,,,9,,,2
9,10/15/2018,,,,,,,4,,,
9,10/15/2018,2,,,,,,3,,,
9,10/8/2018,,,,,,,12,,,
9,10/8/2018,1,,,,,,1,,,
9,10/8/2018,2,,,,,1,4,,,
9,10/8/2018,3,1,,,,,7,,,
9,10/8/2018,,,,,,,9,,,2
9,10/8/2018,1,,,,,,8,,,1
9,10/8/2018,,,,,,,7,,,
9,10/8/2018,4,,,,2,1,9,,,
9,10/8/2018,,,,,,,13,,,2
9,10/8/2018,2,,,,,,,,,
9,10/1/2018,4,,,,,,5,2,,
9,10/1/2018,4,2,,,,1,5,2,,
9,10/1/2018,,,,,,,3,1,,
9,10/1/2018,2,,,,,,3,1,,
9,10/1/2018,8,3,,,,,5,3,,
9,10/1/2018,4,2,,,,,6,,,2
9,10/1/2018,3,1,,,,,5,1,,
9,10/1/2018,,,,,,,5,2,,1
9,10/1/2018,2,,,,,,,,,
9,10/1/2018,2,,,,,,2,2,,
9,9/24/2018,2,,,,2,,8,,,1
9,9/24/2018,1,,,,,,7,,,
9,9/24/2018,2,,,,2,,7,,,1
9,9/24/2018,4,,,,3,1,2,,,
9,9/24/2018,3,,,,,,2,,,
9,9/24/2018,3,,,,,,1,,,1
9,9/24/2018,1,,,,,,2,,,
9,9/24/2018,,,,,,,2,,,
9,9/24/2018,,,,,,,5,,,
9,9/24/2018,,,,,,,6,,,
9,9/17/2018,5,2,1,,2,,10,,,
9,9/17/2018,2,,,,2,,6,,,
9,9/17/2018,,,,,,,1,,,
9,9/17/2018,,,,,,,5,,,1
9,9/17/2018,1,,2,,,,,,,1
9,9/17/2018,2,,,,,,4,,,3
9,9/17/2018,1,,,,,,3,,,3
9,9/17/2018,2,,,,,,1,,,1
9,9/17/2018,1,,,,,,2,,,2
9,9/17/2018,2,,,,3,,3,,,1
9,9/10/2018,1,,1,,,,2,,,1
9,9/10/2018,5,,,,,,9,,,2
9,9/10/2018,4,,1,,1,,,,,3
9,9/10/2018,1,,,,,,4,,,
9,9/10/2018,4,,1,,3,,10,,,1
9,9/10/2018,3,,,,,,12,,,2
9,9/10/2018,1,,1,,1,,5,,,2
9,9/10/2018,2,,,,9,1,5,,,
9,9/10/2018,1,,,,4,,3,,,3
9,9/10/2018,2,,,,3,,1,,,
9,9/4/2018,4,,,,1,,6,,,
9,9/4/2018,4,,,,3,,7,,,
9,9/4/2018,7,,,,,,7,,,
9,9/4/2018,,,,,1,,6,,,
9,9/4/2018,3,1,1,,,,6,,,
9,9/4/2018,4,,,,1,,3,,,
9,9/4/2018,2,,1,,5,,9,,,
9,9/4/2018,,,,,,,11,,,
9,9/4/2018,2,,,,1,,2,,,
9,9/4/2018,1,,,,,,4,,,4
9,8/27/2018,3,1,2,,1,,2,,,1
9,8/27/2018,2,,,,1,,2,,,1
9,8/27/2018,2,1,1,,1,1,11,,,1
9,8/27/2018,1,,,,,,9,,,
9,8/27/2018,6,,1,,1,,4,,,
9,8/27/2018,5,,,,2,,5,,,2
9,8/27/2018,2,,,,2,1,10,,,
9,8/27/2018,7,1,,,2,,13,,,1
9,8/27/2018,2,1,1,,,,6,,,
9,8/27/2018,4,,,,6,,1,,,
9,8/20/2018,1,,,,2,1,7,,,
9,8/20/2018,4,,,,13,1,15,,,2
9,8/20/2018,,1,1,,3,3,10,,,
9,8/20/2018,2,,,,4,1,15,,,
9,8/20/2018,1,3,,,1,,5,,,
9,8/20/2018,6,1,,,1,,13,,,
9,8/20/2018,2,,,,3,1,7,,,1
9,8/20/2018,,,,,,,9,,,2
9,8/20/2018,1,,,,1,,,,,
9,8/20/2018,3,,,,,1,5,,,
9,8/13/2018,2,,,,1,,2,,,
9,8/13/2018,4,,,,,1,11,,,1
9,8/13/2018,1,,,,2,,8,,,
9,8/13/2018,7,,,,2,2,3,,,
9,8/13/2018,3,,,,1,,7,,,
9,8/13/2018,1,1,,,16,2,5,,,2
9,8/13/2018,3,,,,4,2,5,,,
9,8/13/2018,,,,,5,,2,,,
9,8/13/2018,4,,,,6,1,5,,,
9,8/13/2018,2,,,,5,1,10,,,
9,8/6/2018,4,,,,1,,3,,,2
9,8/6/2018,8,,,,1,1,5,,,2
9,8/6/2018,8,,,,5,,7,,,
9,8/6/2018,5,,1,,4,,3,,,
9,8/6/2018,9,,,,1,,8,,,2
9,8/6/2018,,,,,1,,1,,,
9,8/6/2018,3,,,,8,,9,,,2
9,8/6/2018,1,2,,,8,1,8,,,
9,8/6/2018,1,,,,4,,2,,,1
9,8/6/2018,3,1,,,9,2,6,,,
9,7/30/2018,2,,,,6,,9,,,
9,7/30/2018,,,,,4,1,13,1,,
9,7/30/2018,,1,1,,2,,9,,,3
9,7/30/2018,,2,,,,,6,,,
9,7/30/2018,1,,1,,11,,5,,,
9,7/30/2018,3,,,,12,1,10,,,3
9,7/30/2018,1,,,,,,3,,,1
9,7/30/2018,1,,,,1,,2,,,1
9,7/30/2018,1,,,,,2,5,,,1
9,7/30/2018,,,,,2,,3,,,4
9,7/23/2018,5,,,,,,12,,,15
9,7/23/2018,5,3,,,2,,9,,,12
9,7/23/2018,5,3,2,,,1,14,,,3
9,7/23/2018,3,1,1,,1,,20,,,
9,7/23/2018,8,1,1,,2,,14,,,12
9,7/23/2018,2,1,2,,4,1,13,,,5
9,7/23/2018,3,8,,,,,17,,,7
9,7/23/2018,3,1,,,5,,17,,,10
9,7/23/2018,2,5,,,14,2,6,,,14
9,7/23/2018,1,4,1,,6,,19,3,,5
9,7/16/2018,,3,,,,3,22,,,14
9,7/16/2018,,2,2,,1,,46,,,20
9,7/16/2018,3,3,,,,1,29,,,17
9,7/16/2018,,,,,3,1,23,,,6
9,7/16/2018,2,1,1,,,1,16,,,34
9,7/16/2018,1,,2,,,,11,,,7
9,7/16/2018,2,9,2,,,,21,,,16
9,7/16/2018,3,5,,,2,,36,,,40
9,7/16/2018,2,11,,,2,3,46,,,39
9,7/16/2018,1,5,,,1,1,16,,,14
9,7/9/2018,2,2,,,,2,17,,,21
9,7/9/2018,8,2,,,1,3,30,,,33
9,7/9/2018,3,1,,,,3,30,,,33
9,7/9/2018,3,,,,,,11,,,28
9,7/9/2018,1,7,1,,,,21,,,24
9,7/9/2018,1,2,,,4,,31,,,95
9,7/9/2018,2,,2,,,,42,,,45
9,7/9/2018,,3,1,,,3,20,,,29
9,7/9/2018,,2,,,3,4,37,,,57
9,7/9/2018,3,6,1,,,3,16,,,
9,7/2/2018,11,,1,,,2,18,,,10
9,7/2/2018,25,,,,,2,10,,,12
9,7/2/2018,5,1,,,,3,14,,,12
9,7/2/2018,2,,1,,,2,5,,,6
9,7/2/2018,4,2,,,,,15,,,25
9,7/2/2018,10,2,,,,,18,,,33
9,7/2/2018,6,,4,,,2,25,,,19
9,7/2/2018,4,,,,,,22,,,6
9,7/2/2018,4,,,,,1,20,,,53
9,7/2/2018,2,4,,,1,2,11,,,2
9,6/25/2018,6,8,,,,4,30,,,25
9,6/25/2018,1,,1,,,1,27,,,62
9,6/25/2018,6,6,,,1,1,30,,,48
9,6/25/2018,2,7,,,1,1,11,,,13
9,6/25/2018,5,1,,,,3,27,,,14
9,6/25/2018,1,1,1,,,,5,,,4
9,6/25/2018,4,1,1,,,1,12,,,13
9,6/25/2018,6,1,,,,4,52,,,27
9,6/25/2018,5,,1,,,2,26,,,17
9,6/25/2018,10,5,,,,,19,,,6
9,6/18/2018,1,,,,1,3,20,,,6
9,6/18/2018,3,,,,1,2,27,,,4
9,6/18/2018,4,1,1,,,4,66,,,8
9,6/18/2018,3,2,,,,7,41,,,
9,6/18/2018,3,3,,,,4,45,,,36
9,6/18/2018,3,3,1,,3,,56,,,34
9,6/18/2018,4,8,2,,3,,41,,,
9,6/18/2018,3,1,1,,,1,45,,,31
9,6/18/2018,3,1,,,,,21,,,
9,6/18/2018,2,,,,,3,64,,,18
9,6/11/2018,15,,,,,,26,,,2
9,6/11/2018,2,,,,,1,27,,,5
9,6/11/2018,2,1,,,,2,70,,,7
9,6/11/2018,,3,,,1,,31,,,4
9,6/11/2018,,3,,,1,,13,,,4
9,6/11/2018,6,1,,,1,3,55,,,24
9,6/11/2018,3,1,,,,,14,,,3
9,6/11/2018,4,2,,,,,77,,,8
9,6/11/2018,2,,,,,1,35,,,4
9,6/11/2018,1,,,,,,11,,,2
9,6/4/2018,4,,,,,1,11,,,8
9,6/4/2018,4,,,,,,29,,,7
9,6/4/2018,6,,1,,,1,40,,,16
9,6/4/2018,2,,1,,1,,33,,,7
9,6/4/2018,4,,,,,1,27,,,
9,6/4/2018,14,,,,,2,67,,,12
9,6/4/2018,13,1,,,,2,44,,,18
9,6/4/2018,6,2,,,1,1,20,,,22
9,6/4/2018,3,4,,,,1,33,,,36
9,6/4/2018,3,2,,,1,2,22,,,18
9,5/29/2018,5,4,,,1,2,21,9,,32
9,5/29/2018,4,1,,,,,8,6,,14
9,5/29/2018,4,5,,,,2,19,13,,13
9,5/29/2018,1,3,,,,3,10,5,,11
9,5/29/2018,11,6,,,,,51,4,,12
9,5/29/2018,12,2,,,1,,13,4,,6
9,5/29/2018,4,1,,,,3,35,6,,8
9,5/29/2018,,,,,,,11,2,,3
9,5/29/2018,2,3,,,,,47,10,,13
9,5/29/2018,7,,,,,,10,1,,5
9,5/21/2018,10,2,,,,3,16,2,,10
9,5/21/2018,3,1,,,1,4,6,,,7
9,5/21/2018,2,3,,,,,6,2,,
9,5/21/2018,4,1,,,,,13,2,,5
9,5/21/2018,4,1,,,,,8,2,,3
9,5/21/2018,3,,,,,2,7,1,,3
9,5/21/2018,2,,,,,,67,,,
9,5/21/2018,4,2,,,1,,29,,,2
9,5/21/2018,3,,,,1,1,17,2,,8
9,5/21/2018,3,1,,,,2,7,5,,6
HBK,11/11/2019,,,,,,,1,,,
HBK,11/11/2019,,,,,,,1,,,
HBK,11/11/2019,,,,,,,1,,,
HBK,11/11/2019,1,,,,,,1,,,
HBK,11/11/2019,,,,,,,1,,,
HBK,11/11/2019,,,,,,,3,,,
HBK,11/11/2019,,,,,,,1,,,
HBK,11/11/2019,,,,,,,4,,,
HBK,11/11/2019,,,,,,,2,,,
HBK,11/11/2019,,,,,,,1,,,
HBK,11/4/2019,1,1,,,,,6,,,
HBK,11/4/2019,1,,,,,,7,,,
HBK,11/4/2019,2,2,,,,,6,2,,
HBK,11/4/2019,1,,,,,,5,2,,
HBK,11/4/2019,2,,,,,,6,,,1
HBK,11/4/2019,2,,,,,,6,3,,
HBK,11/4/2019,,,,,,,3,,,
HBK,11/4/2019,,,,,,,8,,,1
HBK,11/4/2019,2,,,,,,7,,,
HBK,11/4/2019,3,,,,,,6,,,
HBK,10/28/2019,1,,,,,,3,,,
HBK,10/28/2019,3,,,,,,2,2,,
HBK,10/28/2019,5,,,,,,12,1,,
HBK,10/28/2019,2,,,,,,9,7,,
HBK,10/28/2019,,,,,,,4,3,,
HBK,10/28/2019,1,1,,,,,7,,,
HBK,10/28/2019,7,1,,,,,15,2,,
HBK,10/28/2019,3,1,,,,,8,,,
HBK,10/28/2019,3,,,,,,5,4,,
HBK,10/28/2019,2,,,,,,7,1,,
HBK,10/21/2019,,,,,,,7,1,,
HBK,10/21/2019,11,1,,,,,2,,,
HBK,10/21/2019,2,,,,,,1,,,
HBK,10/21/2019,3,,,,,,9,3,,1
HBK,10/21/2019,1,,,,,,2,,,
HBK,10/21/2019,1,1,,,,,3,3,,
HBK,10/21/2019,9,,,,,,5,,,
HBK,10/21/2019,8,,,,,,8,1,,
HBK,10/21/2019,16,,,,,,11,4,,
HBK,10/21/2019,10,,,,,,5,2,,
HBK,10/15/2019,,1,,,,2,3,4,,
HBK,10/15/2019,3,1,,,,,8,6,,
HBK,10/15/2019,,,,,,1,6,2,,
HBK,10/15/2019,3,1,,,,,9,1,,
HBK,10/15/2019,1,,,,,,10,4,,
HBK,10/15/2019,2,,,,,,4,3,,
HBK,10/15/2019,,,,,,,24,1,,
HBK,10/15/2019,3,,,,,,9,4,,
HBK,10/15/2019,5,,,,,1,5,4,,
HBK,10/15/2019,5,1,,,,3,8,4,,
HBK,10/7/2019,1,,,,,,3,,,
HBK,10/7/2019,6,,,,,,7,,,
HBK,10/7/2019,,,,,,,3,,,
HBK,10/7/2019,,,,,,,7,1,,
HBK,10/7/2019,,,,,,,5,2,,
HBK,10/7/2019,1,,,,,,3,,,
HBK,10/7/2019,2,,,,1,,,,,
HBK,10/7/2019,1,,,,,,8,1,,
HBK,10/7/2019,,1,,,,,7,5,,
HBK,10/7/2019,,,,,,,4,3,,
HBK,9/30/2019,,,,,,,12,1,,
HBK,9/30/2019,,,,,,,7,3,,
HBK,9/30/2019,,,,,,,10,1,,
HBK,9/30/2019,1,,,,,,7,3,,
HBK,9/30/2019,,,,,,,12,4,,
HBK,9/30/2019,,1,1,,,,9,,,
HBK,9/30/2019,,,,,,,18,2,,
HBK,9/30/2019,,1,,,,1,10,,,
HBK,9/30/2019,,,,,,,9,1,,
HBK,9/30/2019,,1,,,,1,6,1,,
HBK,9/23/2019,1,,,,1,,11,4,,1
HBK,9/23/2019,,,,,,,2,3,,
HBK,9/23/2019,,,,,,,4,2,,
HBK,9/23/2019,,1,,,,2,4,1,,1
HBK,9/23/2019,,3,,,,1,11,3,,
HBK,9/23/2019,2,,,,,,9,8,,1
HBK,9/23/2019,,,,,,1,4,1,,
HBK,9/23/2019,,1,,,,,5,1,,
HBK,9/23/2019,1,1,,,,,6,5,,
HBK,9/23/2019,,,,,,1,4,3,,
HBK,9/16/2019,,,1,,,,7,2,,
HBK,9/16/2019,,,,,,,9,6,,
HBK,9/16/2019,,,,,,,4,4,,
HBK,9/16/2019,,,,,,1,6,6,,
HBK,9/16/2019,,,,,1,,6,,,
HBK,9/16/2019,,,,,,,1,,,
HBK,9/16/2019,,,1,,,,3,3,,
HBK,9/16/2019,,,,,1,,6,3,,
HBK,9/16/2019,,,,,,,2,2,,1
HBK,9/16/2019,,,,,,,8,3,,
HBK,9/9/2019,,,,,1,,4,1,,
HBK,9/9/2019,,,,,,,2,,,
HBK,9/9/2019,1,3,,,,2,6,,,
HBK,9/9/2019,,1,,,,,2,5,,
HBK,9/9/2019,,,,,1,,1,2,,
HBK,9/9/2019,,2,,,,1,8,,,
HBK,9/9/2019,,,,,,,4,2,,
HBK,9/9/2019,,,,,1,,5,1,,
HBK,9/9/2019,,,,,1,,4,10,,
HBK,9/9/2019,,,,,,1,15,5,,
HBK,9/3/2019,,1,,,1,,8,8,,1
HBK,9/3/2019,2,1,1,,1,1,15,8,,
HBK,9/3/2019,1,1,,,,,8,1,,
HBK,9/3/2019,,1,,,,1,10,4,,1
HBK,9/3/2019,,,,,,,11,1,,
HBK,9/3/2019,,,,,,,11,3,,
HBK,9/3/2019,,,,,,,7,1,,
HBK,9/3/2019,,1,1,,,,4,7,,
HBK,9/3/2019,,,2,,,1,,1,,2
HBK,9/3/2019,,3,1,,2,,6,6,,
HBK,8/26/2019,,,2,,1,2,15,6,,
HBK,8/26/2019,,,3,,1,1,29,10,,
HBK,8/26/2019,,,2,,,,8,4,,
HBK,8/26/2019,,1,3,,1,,9,6,,
HBK,8/26/2019,1,,2,,1,,12,6,,
HBK,8/26/2019,,,1,,,,11,5,,1
HBK,8/26/2019,1,1,,,,1,8,4,,
HBK,8/26/2019,,,2,,,,6,2,,1
HBK,8/26/2019,,1,,,1,,12,4,,1
HBK,8/26/2019,,1,2,,1,,13,6,,
HBK,8/19/2019,2,1,,,2,,2,2,,
HBK,8/19/2019,,,,,,,14,4,,
HBK,8/19/2019,,1,,,,,8,6,,
HBK,8/19/2019,,,,,,,1,10,,1
HBK,8/19/2019,1,,2,,1,2,4,6,,1
HBK,8/19/2019,,,,,1,1,6,9,,
HBK,8/19/2019,,1,,,1,,8,9,,2
HBK,8/19/2019,1,,3,,,,4,3,,
HBK,8/19/2019,,1,,,1,1,18,8,,1
HBK,8/19/2019,2,2,1,,,,15,8,,
HBK,8/12/2019,,1,1,,,,11,7,,
HBK,8/12/2019,,1,1,,1,,9,6,,1
HBK,8/12/2019,,,,,1,,10,3,,
HBK,8/12/2019,,,,,1,,6,5,,
HBK,8/12/2019,,,1,,,1,20,6,,1
HBK,8/12/2019,,1,1,,,1,20,14,,
HBK,8/12/2019,,,1,,1,,7,2,,
HBK,8/12/2019,,,1,,,1,15,5,,3
HBK,8/12/2019,1,1,,1,3,1,9,7,,2
HBK,8/12/2019,,4,1,,,,14,8,,1
HBK,8/5/2019,1,3,1,,3,,16,2,,1
HBK,8/5/2019,1,,1,1,1,1,18,9,,
HBK,8/5/2019,,2,2,,3,,15,14,,1
HBK,8/5/2019,,1,,,1,,14,,,1
HBK,8/5/2019,,2,1,,1,,8,9,,1
HBK,8/5/2019,,,,,,,13,6,,
HBK,8/5/2019,,,,,3,3,9,19,,1
HBK,8/5/2019,,,2,,1,4,12,8,,2
HBK,8/5/2019,,,,,,,13,10,,
HBK,8/5/2019,1,,,,1,,15,9,,
HBK,7/29/2019,12,,,2,2,2,14,3,,1
HBK,7/29/2019,2,,,2,,2,17,5,,
HBK,7/29/2019,1,3,1,1,1,2,30,14,,
HBK,7/29/2019,,1,,,4,1,30,14,,3
HBK,7/29/2019,,,,1,2,3,17,6,,
HBK,7/29/2019,1,4,2,,,1,17,8,,1
HBK,7/29/2019,1,,1,,,,27,2,,
HBK,7/29/2019,2,1,,1,1,,27,8,,1
HBK,7/29/2019,1,,,,1,,16,2,,
HBK,7/29/2019,,1,,,1,,16,5,,
HBK,7/22/2019,,3,,,1,,18,7,,
HBK,7/22/2019,2,1,,1,1,1,23,6,1,3
HBK,7/22/2019,,,,2,1,3,10,11,,1
HBK,7/22/2019,,3,1,3,,2,10,4,,6
HBK,7/22/2019,,2,,1,1,,10,9,,
HBK,7/22/2019,2,3,,1,1,,22,7,,
HBK,7/22/2019,1,,,1,,2,14,9,,2
HBK,7/22/2019,2,1,,,1,2,19,4,,
HBK,7/22/2019,,,,1,1,1,9,5,,
HBK,7/22/2019,,,,1,1,,18,4,,4
HBK,7/15/2019,,,2,1,1,2,11,5,,13
HBK,7/15/2019,2,3,,,1,2,13,15,,9
HBK,7/15/2019,,2,1,,3,,18,12,,5
HBK,7/15/2019,,2,1,2,,,16,7,,3
HBK,7/15/2019,,2,1,,,1,30,9,,2
HBK,7/15/2019,1,2,,,,1,19,8,,
HBK,7/15/2019,,2,,,2,,21,11,,3
HBK,7/15/2019,2,,,2,,1,12,8,,1
HBK,7/15/2019,1,,2,3,4,1,29,9,1,3
HBK,7/15/2019,1,8,,1,2,3,20,9,,1
HBK,7/8/2019,,1,3,,,3,51,9,,3
HBK,7/8/2019,,2,1,,1,4,19,13,,2
HBK,7/8/2019,2,1,1,1,9,2,26,11,,18
HBK,7/8/2019,2,,,,1,,24,3,,17
HBK,7/8/2019,1,1,1,,,,12,9,,2
HBK,7/8/2019,2,,5,1,,2,24,11,,4
HBK,7/8/2019,1,,3,1,,2,36,8,,1
HBK,7/8/2019,1,1,4,,,,45,8,,2
HBK,7/8/2019,,,,1,,3,45,5,,
HBK,7/8/2019,1,1,,2,,4,27,10,,4
HBK,7/1/2019,2,,,,4,,32,6,,
HBK,7/1/2019,2,1,,,,,34,6,,2
HBK,7/1/2019,1,,,,3,2,27,8,,3
HBK,7/1/2019,1,,,,1,,25,8,,1
HBK,7/1/2019,1,1,,,1,,31,7,,
HBK,7/1/2019,2,2,,,1,1,20,6,,
HBK,7/1/2019,,,1,,2,,16,7,,1
HBK,7/1/2019,,3,,,,1,26,11,,3
HBK,7/1/2019,2,2,1,,3,2,40,9,,
HBK,7/1/2019,2,3,,,5,1,35,14,,
HBK,6/24/2019,1,1,,,3,2,5,8,,
HBK,6/24/2019,1,1,,1,1,1,4,4,,
HBK,6/24/2019,,2,1,1,,,16,10,,1
HBK,6/24/2019,1,1,,,3,1,31,9,,
HBK,6/24/2019,1,4,,,1,,29,6,,
HBK,6/24/2019,2,2,1,,2,,21,4,,
HBK,6/24/2019,,,2,,,,18,3,,
HBK,6/24/2019,1,,,,1,,18,1,,
HBK,6/24/2019,2,,1,,2,3,46,5,,
HBK,6/24/2019,,4,,,2,1,56,9,,
HBK,6/17/2019,,,,,,,,,,
HBK,6/17/2019,,,,,,,,,,
HBK,6/17/2019,,,,,,,,,,
HBK,6/17/2019,,,,,,,,,,
HBK,6/17/2019,,,,,,,,,,
HBK,6/17/2019,,,,,,,,,,
HBK,6/17/2019,,,,,,,,,,
HBK,6/17/2019,,,,,,,,,,
HBK,6/17/2019,,,,,,,,,,
HBK,6/17/2019,,,,,,,,,,
HBK,6/17/2019,1,5,,1,,,39,1,,
HBK,6/17/2019,4,,,,,,22,,,3
HBK,6/17/2019,8,8,,,,1,20,,1,3
HBK,6/17/2019,1,4,,,,,6,,,1
HBK,6/17/2019,4,4,,,2,,10,,,4
HBK,6/17/2019,3,3,,,1,,49,,,3
HBK,6/17/2019,3,1,,,,,11,1,,
HBK,6/17/2019,3,3,,1,2,1,14,,,
HBK,6/17/2019,1,7,,,1,1,17,,,
HBK,6/17/2019,2,1,,,1,,11,,,1
HBK,6/10/2019,5,8,,2,,,19,,,1
HBK,6/10/2019,5,4,,,1,,31,,,2
HBK,6/10/2019,4,9,,,1,3,20,,,
HBK,6/10/2019,2,7,,,1,1,29,,,2
HBK,6/10/2019,1,24,1,,,3,32,1,,1
HBK,6/10/2019,2,19,1,,2,,38,,,
HBK,6/10/2019,2,5,,,,,18,,,1
HBK,6/10/2019,2,5,,1,1,2,30,,1,2
HBK,6/10/2019,5,3,2,,3,1,74,,,1
HBK,6/10/2019,4,3,,,1,4,83,1,,1
HBK,6/2/2019,4,,,,,,16,,,2
HBK,6/2/2019,2,2,,,,,14,,,1
HBK,6/2/2019,,,,,,1,1,,,
HBK,6/2/2019,,2,,,,1,9,,,1
HBK,6/2/2019,1,6,,,,,7,,,
HBK,6/2/2019,3,,,,2,,6,,,
HBK,6/2/2019,4,,,,,1,1,,,1
HBK,6/2/2019,1,1,1,,1,,6,,,3
HBK,6/2/2019,1,,,,,2,4,,,
HBK,6/2/2019,2,3,,,,,8,,,
HBK,5/28/2019,9,3,,,,,49,1,,4
HBK,5/28/2019,6,,,,,1,68,6,,4
HBK,5/28/2019,,3,,,,1,31,6,,6
HBK,5/28/2019,1,,,,,,12,1,,8
HBK,5/28/2019,,,3,,,1,23,2,,6
HBK,5/28/2019,3,4,3,,,,28,3,,6
HBK,5/28/2019,2,1,,,,,11,3,,4
HBK,5/28/2019,1,1,,1,3,1,25,,,2
HBK,5/28/2019,2,2,,,,,19,2,,5
HBK,5/28/2019,2,2,,,,,12,1,,
HBK,5/20/2019,,,,,,,8,,,6
HBK,5/20/2019,,,,,,2,6,4,,3
HBK,5/20/2019,2,2,,,,,16,4,,3
HBK,5/20/2019,3,,,,,1,6,,,7
HBK,5/20/2019,3,,,,,,5,,,6
HBK,5/20/2019,2,,,,,1,12,2,,6
HBK,5/20/2019,,,,,,,9,1,,2
HBK,5/20/2019,3,1,,,,,8,1,,6
HBK,5/20/2019,,,,,,,15,,,6
HBK,5/20/2019,2,,,,,,4,1,,8
HBK,5/13/2019,1,1,,,,,2,1,,1
HBK,5/13/2019,7,,,,,,3,1,,
HBK,5/13/2019,0,,,,,,,,,
HBK,5/13/2019,2,3,,,,1,5,1,,
HBK,5/13/2019,,4,,,,,3,,,
HBK,5/13/2019,,,,,,,1,,,3
HBK,5/13/2019,,,,,,,5,,,
HBK,5/13/2019,,4,,,,,6,,,
HBK,5/13/2019,1,1,,,,,5,,,3
HBK,5/13/2019,2,6,,,,1,6,,,1
HBK,5/6/2019,,1,,,,,1,,,1
HBK,5/6/2019,4,2,,,,,6,,,
HBK,5/6/2019,1,,,,,,3,,,
HBK,5/6/2019,,,,,,,7,,,
HBK,5/6/2019,2,,,,,,1,,,2
HBK,5/6/2019,2,,,,,,4,,,1
HBK,5/6/2019,2,,,,,,1,,,2
HBK,5/6/2019,0,,,,,,,,,
HBK,5/6/2019,3,,1,,,,1,1,,1
HBK,5/6/2019,,,,,,,3,,,
HBK,4/29/2019,2,,,,,,4,,,
HBK,4/29/2019,2,,,,,,5,,,
HBK,4/15/2019,,,,,,,2,,,
HBK,4/15/2019,3,,,,,,2,,,
HBK,11/12/2018,,,,,,,2,,,
HBK,11/12/2018,,,,,,,3,,,
HBK,11/12/2018,2,,,,,,1,,,
HBK,11/12/2018,,,,,,,4,,,
HBK,11/12/2018,4,1,,,,,1,,,
HBK,11/12/2018,2,,,,,,4,,,
HBK,11/12/2018,,,,,,,5,,,
HBK,11/12/2018,,,,,1,,3,,,
HBK,11/12/2018,,,,,,,3,,,
HBK,11/12/2018,,,,,,,3,,,
HBK,11/5/2018,,,,,,,2,,,
HBK,11/5/2018,,,,,,,5,,,1
HBK,11/5/2018,,,,,,,4,,,
HBK,11/5/2018,,,,,,,2,,,
HBK,11/5/2018,,,,,,,1,,,
HBK,11/5/2018,0,,,,,,3,,,
HBK,11/5/2018,3,,,,,,,,,
HBK,11/5/2018,1,,,,,,2,,,
HBK,11/5/2018,1,,,,,,2,,,
HBK,11/5/2018,1,,,,,,,,,
HBK,10/29/2018,1,,,,,,4,,,
HBK,10/29/2018,,,,,,,,,,1
HBK,10/29/2018,,,,,,,2,,,
HBK,10/29/2018,,,,,,,3,,,
HBK,10/29/2018,,,,,,,1,,,
HBK,10/29/2018,,,,,,,2,,,
HBK,10/29/2018,,,,,,,2,,,
HBK,10/29/2018,0,,,,,,,,,
HBK,10/29/2018,,,,,,,1,,,
HBK,10/29/2018,1,,,,,,1,,,
HBK,10/22/2018,,,,,,,4,,,
HBK,10/22/2018,1,,,,,,4,,,
HBK,10/22/2018,2,,,,,,2,,,
HBK,10/22/2018,2,,,,,1,2,,,
HBK,10/22/2018,2,,,,,,3,,,
HBK,10/22/2018,2,,,,,,2,,,
HBK,10/22/2018,,,,,,,9,,,1
HBK,10/22/2018,4,,,,,,,,,
HBK,10/22/2018,,,,,,,2,,,
HBK,10/22/2018,1,,,,,,1,,,
HBK,10/15/2018,2,,,,,,10,,,
HBK,10/15/2018,,,,,,,8,,,
HBK,10/15/2018,2,,,,,,8,,,
HBK,10/15/2018,2,,,,,,6,,,
HBK,10/15/2018,3,,,,,,15,,,
HBK,10/15/2018,3,,,,,,7,,,2
HBK,10/15/2018,2,,,,,,13,,,
HBK,10/15/2018,,,,,,,10,,,
HBK,10/15/2018,2,,,,,,8,,,
HBK,10/15/2018,2,,,,,,11,,,1
HBK,10/8/2018,1,,,,,,5,,,
HBK,10/8/2018,2,,,,,,3,,,2
HBK,10/8/2018,2,,1,,,,14,,,
HBK,10/8/2018,4,,,,,,14,,,2
HBK,10/8/2018,2,,,,,,7,,,1
HBK,10/8/2018,1,,,,,,8,,,1
HBK,10/8/2018,2,,,,,,11,,,1
HBK,10/8/2018,1,,,,,,9,,,1
HBK,10/8/2018,4,,,,,,3,,,1
HBK,10/8/2018,5,,,,,,10,,,1
HBK,10/1/2018,,,,,,,8,,,1
HBK,10/1/2018,2,,,,,,6,,,2
HBK,10/1/2018,1,,,,,,4,,,
HBK,10/1/2018,,,,,,,4,,,
HBK,10/1/2018,4,,,,,,8,,,
HBK,10/1/2018,2,,,,,,3,,,
HBK,10/1/2018,1,,,,,,8,,,
HBK,10/1/2018,2,,,,,,8,,,
HBK,10/1/2018,1,,,,,,9,,,
HBK,10/1/2018,3,,,,,,12,,,
HBK,9/24/2018,,,,,,,5,,,1
HBK,9/24/2018,3,,,,,,1,,,
HBK,9/24/2018,,,,,,,8,,,
HBK,9/24/2018,2,,,,,1,3,,,
HBK,9/24/2018,3,,,,,,10,,,1
HBK,9/24/2018,2,,,,,,5,,,2
HBK,9/24/2018,,,,,,,17,,,
HBK,9/24/2018,1,,,,1,1,14,,,
HBK,9/24/2018,,,,,,,5,,,2
HBK,9/24/2018,,1,,,,,,,,
HBK,9/17/2018,,,,,,2,7,,,1
HBK,9/17/2018,,,,,,2,,,,2
HBK,9/17/2018,,,,,,,10,,,1
HBK,9/17/2018,1,,,,,,5,,,
HBK,9/17/2018,1,,,,,,16,,,3
HBK,9/17/2018,,,,,,,10,,,1
HBK,9/17/2018,1,,1,,,,6,,,
HBK,9/17/2018,1,,,,,1,4,,,
HBK,9/17/2018,,1,,,,,5,,,1
HBK,9/17/2018,,,,,,,8,,,
HBK,9/10/2018,3,,,,,,29,,,1
HBK,9/10/2018,,,,,1,1,30,,,1
HBK,9/10/2018,,,,,,,18,,,
HBK,9/10/2018,,,,,,,12,,,
HBK,9/10/2018,,,,,,,6,,,
HBK,9/10/2018,,,,,,,11,,,1
HBK,9/10/2018,,1,,,,,1,,,
HBK,9/10/2018,,,,,,,10,,,2
HBK,9/10/2018,,,,,,,6,,,
HBK,9/10/2018,,,,,,,6,,,
HBK,9/4/2018,3,1,,,1,,32,6,,
HBK,9/4/2018,1,,,,3,,33,,,
HBK,9/4/2018,2,1,,,,,12,,,
HBK,9/4/2018,,,1,,2,,13,,,1
HBK,9/4/2018,,,,,,,17,,,
HBK,9/4/2018,2,,,,,,25,,,1
HBK,9/4/2018,1,1,,,,1,18,,,
HBK,9/4/2018,,,,,,,11,,,
HBK,9/4/2018,,1,,,,,10,,,1
HBK,9/4/2018,,,,,,,25,,,1
HBK,8/27/2018,1,,,,1,1,3,,,
HBK,8/27/2018,,,,,,,6,,,
HBK,8/27/2018,5,,,,,1,1,,,
HBK,8/27/2018,4,,,,,1,,,,
HBK,8/27/2018,,,,,,,8,,,
HBK,8/27/2018,,,,,,,8,,,
HBK,8/27/2018,,,,,,,8,,,1
HBK,8/27/2018,2,,,,1,,1,,,
HBK,8/27/2018,,,,,1,,8,,,
HBK,8/27/2018,2,,,,2,,15,,,
HBK,8/20/2018,,,,,,,5,,,
HBK,8/20/2018,1,,,,,,7,,,
HBK,8/20/2018,,,,,,,12,,,1
HBK,8/20/2018,,,,,,,23,,,
HBK,8/20/2018,1,,,,1,,11,,,
HBK,8/20/2018,1,,1,,,,10,,,
HBK,8/20/2018,2,,,,,,7,,,
HBK,8/20/2018,1,,,,,,9,,,
HBK,8/20/2018,,,2,,,,21,,,
HBK,8/20/2018,,,2,,1,,22,,,
HBK,8/13/2018,1,,,,,1,,,,
HBK,8/13/2018,,,,,1,,6,,,
HBK,8/13/2018,2,,,,1,,1,,,
HBK,8/13/2018,0,,,,,,,,,
HBK,8/13/2018,,,,,,,5,,,
HBK,8/13/2018,1,,,,1,2,3,,,1
HBK,8/13/2018,,,1,,,1,8,,,
HBK,8/13/2018,,1,,,,,6,,,
HBK,8/13/2018,1,,,,1,,8,,,2
HBK,8/13/2018,,,,,,,6,,,2
HBK,8/6/2018,,,,,,,7,,,1
HBK,8/6/2018,2,,,,,,2,,,2
HBK,8/6/2018,,,2,,,,16,,,3
HBK,8/6/2018,,2,,,,,10,,,
HBK,8/6/2018,,,,,,1,6,,,
HBK,8/6/2018,1,,,,,,12,,,2
HBK,8/6/2018,2,,1,,2,,5,,,1
HBK,8/6/2018,,,,,1,,4,,,
HBK,8/6/2018,,,1,,,,3,,,1
HBK,8/6/2018,,1,1,,1,,1,,,1
HBK,7/30/2018,,,,,1,,6,,,1
HBK,7/30/2018,,,,,3,,4,,,1
HBK,7/30/2018,1,,1,,2,,16,,,2
HBK,7/30/2018,1,,1,,2,,26,1,,3
HBK,7/30/2018,,,,,,,4,,,
HBK,7/30/2018,1,,,,,,2,,,1
HBK,7/30/2018,1,,,1,1,,7,,,
HBK,7/30/2018,,,,,,,9,,,
HBK,7/30/2018,1,,,,,,8,,,1
HBK,7/30/2018,,,,,,,7,,,1
HBK,7/23/2018,1,1,,,,,,,,5
HBK,7/23/2018,2,3,,,,1,,,,2
HBK,7/23/2018,1,,,,1,2,31,,,1
HBK,7/23/2018,5,7,,,1,,19,,,2
HBK,7/23/2018,,,,,,,,,,6
HBK,7/23/2018,,,,,,,1,2,,1
HBK,7/23/2018,4,2,,,1,,13,,,
HBK,7/23/2018,3,,,,1,,27,1,,
HBK,7/23/2018,,2,,,,1,2,,,
HBK,7/23/2018,,,,,,,1,,,1
HBK,7/16/2018,,,,,3,4,25,,,1
HBK,7/16/2018,1,,,,,4,14,,,3
HBK,7/16/2018,2,4,,,1,3,13,,,3
HBK,7/16/2018,2,3,,,2,1,16,,,5
HBK,7/16/2018,2,,1,,1,,48,,,
HBK,7/16/2018,1,,3,,,,28,,,1
HBK,7/16/2018,2,2,,,,1,18,,,2
HBK,7/16/2018,,1,,,,2,20,5,,3
HBK,7/16/2018,1,2,1,,,,19,2,,2
HBK,7/16/2018,1,3,,,,1,16,,,2
HBK,7/9/2018,1,,,,,,2,,,3
HBK,7/9/2018,1,1,1,1,1,,4,,,
HBK,7/9/2018,1,,,,,,14,,,2
HBK,7/9/2018,1,,,,,,7,,,2
HBK,7/9/2018,3,,,,3,,14,,,2
HBK,7/9/2018,4,,,,2,,7,,,4
HBK,7/9/2018,4,,,,3,1,18,,,3
HBK,7/9/2018,2,1,,,1,,22,,,1
HBK,7/9/2018,1,2,,,1,,11,,,
HBK,7/9/2018,1,,1,,,3,8,,,
