Sample #,Trap #,Date,Watershed,Date,Dipteran,Terrestrial,Caddisfly,Mayfly,Stonefly,Other,Dipteran,Terrestrial,Caddisfly,Other
1,,7/9/2018,HBK,7/9/2018,1,,,,,,2,,,3
2,,7/9/2018,HBK,7/9/2018,1,1,1,1,1,,4,,,
3,,7/9/2018,HBK,7/9/2018,1,,,,,,14,,,2
4,,7/9/2018,HBK,7/9/2018,1,,,,,,7,,,2
5,,7/9/2018,HBK,7/9/2018,3,,,,3,,14,,,2
6,,7/9/2018,HBK,7/9/2018,4,,,,2,,7,,,4
7,,7/9/2018,HBK,7/9/2018,4,,,,3,1,18,,,3
8,,7/9/2018,HBK,7/9/2018,2,1,,,1,,22,,,1
9,,7/9/2018,HBK,7/9/2018,1,2,,,1,,11,,,
10,,7/9/2018,HBK,7/9/2018,1,,1,,,3,8,,,
1,,7/16/2018,HBK,7/16/2018,,,,,3,4,25,,,1
2,,7/16/2018,HBK,7/16/2018,1,,,,,4,14,,,3
3,,7/16/2018,HBK,7/16/2018,2,4,,,1,3,13,,,3
4,,7/16/2018,HBK,7/16/2018,2,3,,,2,1,16,,,5
5,,7/16/2018,HBK,7/16/2018,2,,1,,1,,48,,,
6,,7/16/2018,HBK,7/16/2018,1,,3,,,,28,,,1
7,,7/16/2018,HBK,7/16/2018,2,2,,,,1,18,,,2
8,,7/16/2018,HBK,7/16/2018,,1,,,,2,20,5,,3
9,,7/16/2018,HBK,7/16/2018,1,2,1,,,,19,2,,2
10,,7/16/2018,HBK,7/16/2018,1,3,,,,1,16,,,2
1,,7/23/2018,HBK,7/23/2018,1,1,,,,,,,,5
2,,7/23/2018,HBK,7/23/2018,2,3,,,,1,,,,2
3,,7/23/2018,HBK,7/23/2018,1,,,,1,2,31,,,1
4,,7/23/2018,HBK,7/23/2018,5,7,,,1,,19,,,2
5,,7/23/2018,HBK,7/23/2018,,,,,,,,,,6
6,,7/23/2018,HBK,7/23/2018,,,,,,,1,2,,1
7,,7/23/2018,HBK,7/23/2018,4,2,,,1,,13,,,
8,,7/23/2018,HBK,7/23/2018,3,,,,1,,27,1,,
9,,7/23/2018,HBK,7/23/2018,,2,,,,1,2,,,
10,,7/23/2018,HBK,7/23/2018,,,,,,,1,,,1
1,,7/30/2018,HBK,7/30/2018,,,,,1,,6,,,1
2,,7/30/2018,HBK,7/30/2018,,,,,3,,4,,,1
3,,7/30/2018,HBK,7/30/2018,1,,1,,2,,16,,,2
4,,7/30/2018,HBK,7/30/2018,1,,1,,2,,26,1,,3
5,,7/30/2018,HBK,7/30/2018,,,,,,,4,,,
6,,7/30/2018,HBK,7/30/2018,1,,,,,,2,,,1
7,,7/30/2018,HBK,7/30/2018,1,,,1,1,,7,,,
8,,7/30/2018,HBK,7/30/2018,,,,,,,9,,,
9,,7/30/2018,HBK,7/30/2018,1,,,,,,8,,,1
10,,7/30/2018,HBK,7/30/2018,,,,,,,7,,,1
1,,8/6/2018,HBK,8/6/2018,,,,,,,7,,,1
2,,8/6/2018,HBK,8/6/2018,2,,,,,,2,,,2
3,,8/6/2018,HBK,8/6/2018,,,2,,,,16,,,3
4,,8/6/2018,HBK,8/6/2018,,2,,,,,10,,,
5,,8/6/2018,HBK,8/6/2018,,,,,,1,6,,,
6,,8/6/2018,HBK,8/6/2018,1,,,,,,12,,,2
7,,8/6/2018,HBK,8/6/2018,2,,1,,2,,5,,,1
8,,8/6/2018,HBK,8/6/2018,,,,,1,,4,,,
9,,8/6/2018,HBK,8/6/2018,,,1,,,,3,,,1
10,,8/6/2018,HBK,8/6/2018,,1,1,,1,,1,,,1
1,,8/13/2018,HBK,8/13/2018,1,,,,,1,,,,
2,,8/13/2018,HBK,8/13/2018,,,,,1,,6,,,
3,,8/13/2018,HBK,8/13/2018,2,,,,1,,1,,,
4,,8/13/2018,HBK,8/13/2018,0,,,,,,,,,
5,,8/13/2018,HBK,8/13/2018,,,,,,,5,,,
6,,8/13/2018,HBK,8/13/2018,1,,,,1,2,3,,,1
7,,8/13/2018,HBK,8/13/2018,,,1,,,1,8,,,
8,,8/13/2018,HBK,8/13/2018,,1,,,,,6,,,
9,,8/13/2018,HBK,8/13/2018,1,,,,1,,8,,,2
10,,8/13/2018,HBK,8/13/2018,,,,,,,6,,,2
1,,8/20/2018,HBK,8/20/2018,,,,,,,5,,,
2,,8/20/2018,HBK,8/20/2018,1,,,,,,7,,,
3,,8/20/2018,HBK,8/20/2018,,,,,,,12,,,1
4,,8/20/2018,HBK,8/20/2018,,,,,,,23,,,
5,,8/20/2018,HBK,8/20/2018,1,,,,1,,11,,,
6,,8/20/2018,HBK,8/20/2018,1,,1,,,,10,,,
7,,8/20/2018,HBK,8/20/2018,2,,,,,,7,,,
8,,8/20/2018,HBK,8/20/2018,1,,,,,,9,,,
9,,8/20/2018,HBK,8/20/2018,,,2,,,,21,,,
10,,8/20/2018,HBK,8/20/2018,,,2,,1,,22,,,
1,,8/27/2018,HBK,8/27/2018,1,,,,1,1,3,,,
2,,8/27/2018,HBK,8/27/2018,,,,,,,6,,,
3,,8/27/2018,HBK,8/27/2018,5,,,,,1,1,,,
4,,8/27/2018,HBK,8/27/2018,4,,,,,1,,,,
5,,8/27/2018,HBK,8/27/2018,,,,,,,8,,,
6,,8/27/2018,HBK,8/27/2018,,,,,,,8,,,
7,,8/27/2018,HBK,8/27/2018,,,,,,,8,,,1
8,,8/27/2018,HBK,8/27/2018,2,,,,1,,1,,,
9,,8/27/2018,HBK,8/27/2018,,,,,1,,8,,,
10,,8/27/2018,HBK,8/27/2018,2,,,,2,,15,,,
1,,9/4/2018,HBK,9/4/2018,3,1,,,1,,32,6,,
2,,9/4/2018,HBK,9/4/2018,1,,,,3,,33,,,
3,,9/4/2018,HBK,9/4/2018,2,1,,,,,12,,,
4,,9/4/2018,HBK,9/4/2018,,,1,,2,,13,,,1
5,,9/4/2018,HBK,9/4/2018,,,,,,,17,,,
6,,9/4/2018,HBK,9/4/2018,2,,,,,,25,,,1
7,,9/4/2018,HBK,9/4/2018,1,1,,,,1,18,,,
8,,9/4/2018,HBK,9/4/2018,,,,,,,11,,,
9,,9/4/2018,HBK,9/4/2018,,1,,,,,10,,,1
10,,9/4/2018,HBK,9/4/2018,,,,,,,25,,,1
1,,9/10/2018,HBK,9/10/2018,3,,,,,,29,,,1
2,,9/10/2018,HBK,9/10/2018,,,,,1,1,30,,,1
3,,9/10/2018,HBK,9/10/2018,,,,,,,18,,,
4,,9/10/2018,HBK,9/10/2018,,,,,,,12,,,
5,,9/10/2018,HBK,9/10/2018,,,,,,,6,,,
6,,9/10/2018,HBK,9/10/2018,,,,,,,11,,,1
7,,9/10/2018,HBK,9/10/2018,,1,,,,,1,,,
8,,9/10/2018,HBK,9/10/2018,,,,,,,10,,,2
9,,9/10/2018,HBK,9/10/2018,,,,,,,6,,,
10,,9/10/2018,HBK,9/10/2018,,,,,,,6,,,
1,,9/17/2018,HBK,9/17/2018,,,,,,2,7,,,1
2,,9/17/2018,HBK,9/17/2018,,,,,,2,,,,2
3,,9/17/2018,HBK,9/17/2018,,,,,,,10,,,1
4,,9/17/2018,HBK,9/17/2018,1,,,,,,5,,,
5,,9/17/2018,HBK,9/17/2018,1,,,,,,16,,,3
6,,9/17/2018,HBK,9/17/2018,,,,,,,10,,,1
7,,9/17/2018,HBK,9/17/2018,1,,1,,,,6,,,
8,,9/17/2018,HBK,9/17/2018,1,,,,,1,4,,,
9,,9/17/2018,HBK,9/17/2018,,1,,,,,5,,,1
10,,9/17/2018,HBK,9/17/2018,,,,,,,8,,,
1,,9/24/2018,HBK,9/24/2018,,,,,,,5,,,1
2,,9/24/2018,HBK,9/24/2018,3,,,,,,1,,,
3,,9/24/2018,HBK,9/24/2018,,,,,,,8,,,
4,,9/24/2018,HBK,9/24/2018,2,,,,,1,3,,,
5,,9/24/2018,HBK,9/24/2018,3,,,,,,10,,,1
6,,9/24/2018,HBK,9/24/2018,2,,,,,,5,,,2
7,,9/24/2018,HBK,9/24/2018,,,,,,,17,,,
8,,9/24/2018,HBK,9/24/2018,1,,,,1,1,14,,,
9,,9/24/2018,HBK,9/24/2018,,,,,,,5,,,2
10,,9/24/2018,HBK,9/24/2018,,1,,,,,,,,
1,,10/1/2018,HBK,10/1/2018,,,,,,,8,,,1
2,,10/1/2018,HBK,10/1/2018,2,,,,,,6,,,2
3,,10/1/2018,HBK,10/1/2018,1,,,,,,4,,,
4,,10/1/2018,HBK,10/1/2018,,,,,,,4,,,
5,,10/1/2018,HBK,10/1/2018,4,,,,,,8,,,
6,,10/1/2018,HBK,10/1/2018,2,,,,,,3,,,
7,,10/1/2018,HBK,10/1/2018,1,,,,,,8,,,
8,,10/1/2018,HBK,10/1/2018,2,,,,,,8,,,
9,,10/1/2018,HBK,10/1/2018,1,,,,,,9,,,
10,,10/1/2018,HBK,10/1/2018,3,,,,,,12,,,
1,,10/8/2018,HBK,10/8/2018,1,,,,,,5,,,
2,,10/8/2018,HBK,10/8/2018,2,,,,,,3,,,2
3,,10/8/2018,HBK,10/8/2018,2,,1,,,,14,,,
4,,10/8/2018,HBK,10/8/2018,4,,,,,,14,,,2
5,,10/8/2018,HBK,10/8/2018,2,,,,,,7,,,1
6,,10/8/2018,HBK,10/8/2018,1,,,,,,8,,,1
7,,10/8/2018,HBK,10/8/2018,2,,,,,,11,,,1
8,,10/8/2018,HBK,10/8/2018,1,,,,,,9,,,1
9,,10/8/2018,HBK,10/8/2018,4,,,,,,3,,,1
10,,10/8/2018,HBK,10/8/2018,5,,,,,,10,,,1
1,,10/15/2018,HBK,10/15/2018,2,,,,,,10,,,
2,,10/15/2018,HBK,10/15/2018,,,,,,,8,,,
3,,10/15/2018,HBK,10/15/2018,2,,,,,,8,,,
4,,10/15/2018,HBK,10/15/2018,2,,,,,,6,,,
5,,10/15/2018,HBK,10/15/2018,3,,,,,,15,,,
6,,10/15/2018,HBK,10/15/2018,3,,,,,,7,,,2
7,,10/15/2018,HBK,10/15/2018,2,,,,,,13,,,
8,,10/15/2018,HBK,10/15/2018,,,,,,,10,,,
9,,10/15/2018,HBK,10/15/2018,2,,,,,,8,,,
10,,10/15/2018,HBK,10/15/2018,2,,,,,,11,,,1
1,,10/22/2018,HBK,10/22/2018,,,,,,,4,,,
2,,10/22/2018,HBK,10/22/2018,1,,,,,,4,,,
3,,10/22/2018,HBK,10/22/2018,2,,,,,,2,,,
4,,10/22/2018,HBK,10/22/2018,2,,,,,1,2,,,
5,,10/22/2018,HBK,10/22/2018,2,,,,,,3,,,
6,,10/22/2018,HBK,10/22/2018,2,,,,,,2,,,
7,,10/22/2018,HBK,10/22/2018,,,,,,,9,,,1
8,,10/22/2018,HBK,10/22/2018,4,,,,,,,,,
9,,10/22/2018,HBK,10/22/2018,,,,,,,2,,,
10,,10/22/2018,HBK,10/22/2018,1,,,,,,1,,,
1,,10/29/2018,HBK,10/29/2018,1,,,,,,4,,,
2,,10/29/2018,HBK,10/29/2018,,,,,,,,,,1
3,,10/29/2018,HBK,10/29/2018,,,,,,,2,,,
4,,10/29/2018,HBK,10/29/2018,,,,,,,3,,,
5,,10/29/2018,HBK,10/29/2018,,,,,,,1,,,
6,,10/29/2018,HBK,10/29/2018,,,,,,,2,,,
7,,10/29/2018,HBK,10/29/2018,,,,,,,2,,,
8,,10/29/2018,HBK,10/29/2018,0,,,,,,,,,
9,,10/29/2018,HBK,10/29/2018,,,,,,,1,,,
10,,10/29/2018,HBK,10/29/2018,1,,,,,,1,,,
1,,11/5/2018,HBK,11/5/2018,,,,,,,2,,,
2,,11/5/2018,HBK,11/5/2018,,,,,,,5,,,1
3,,11/5/2018,HBK,11/5/2018,,,,,,,4,,,
4,,11/5/2018,HBK,11/5/2018,,,,,,,2,,,
5,,11/5/2018,HBK,11/5/2018,,,,,,,1,,,
6,,11/5/2018,HBK,11/5/2018,0,,,,,,3,,,
7,,11/5/2018,HBK,11/5/2018,3,,,,,,,,,
8,,11/5/2018,HBK,11/5/2018,1,,,,,,2,,,
9,,11/5/2018,HBK,11/5/2018,1,,,,,,2,,,
10,,11/5/2018,HBK,11/5/2018,1,,,,,,,,,
1,,11/12/2018,HBK,11/12/2018,,,,,,,2,,,
2,,11/12/2018,HBK,11/12/2018,,,,,,,3,,,
3,,11/12/2018,HBK,11/12/2018,2,,,,,,1,,,
4,,11/12/2018,HBK,11/12/2018,,,,,,,4,,,
5,,11/12/2018,HBK,11/12/2018,4,1,,,,,1,,,
6,,11/12/2018,HBK,11/12/2018,2,,,,,,4,,,
7,,11/12/2018,HBK,11/12/2018,,,,,,,5,,,
8,,11/12/2018,HBK,11/12/2018,,,,,1,,3,,,
9,,11/12/2018,HBK,11/12/2018,,,,,,,3,,,
10,,11/12/2018,HBK,11/12/2018,,,,,,,3,,,
ST190476,A,6/17/2019,HBK,6/17/2019,,,,,,,,,,
ST190476,B,6/17/2019,HBK,6/17/2019,,,,,,,,,,
ST190477,A,6/17/2019,HBK,6/17/2019,,,,,,,,,,
ST190477,B,6/17/2019,HBK,6/17/2019,,,,,,,,,,
ST190478,A,6/17/2019,HBK,6/17/2019,,,,,,,,,,
ST190478,B,6/17/2019,HBK,6/17/2019,,,,,,,,,,
ST190479,A,6/17/2019,HBK,6/17/2019,,,,,,,,,,
ST190479,B,6/17/2019,HBK,6/17/2019,,,,,,,,,,
ST190480,A,6/17/2019,HBK,6/17/2019,,,,,,,,,,
ST190480,B,6/17/2019,HBK,6/17/2019,,,,,,,,,,
ST190516,A,6/24/2019,HBK,6/24/2019,1,1,,,3,2,5,8,,
ST190516,B,6/24/2019,HBK,6/24/2019,1,1,,1,1,1,4,4,,
ST190517,A,6/24/2019,HBK,6/24/2019,,2,1,1,,,16,10,,1
ST190517,B,6/24/2019,HBK,6/24/2019,1,1,,,3,1,31,9,,
ST190518,A,6/24/2019,HBK,6/24/2019,1,4,,,1,,29,6,,
ST190518,B,6/24/2019,HBK,6/24/2019,2,2,1,,2,,21,4,,
ST190519,A,6/24/2019,HBK,6/24/2019,,,2,,,,18,3,,
ST190519,B,6/24/2019,HBK,6/24/2019,1,,,,1,,18,1,,
ST190520,A,6/24/2019,HBK,6/24/2019,2,,1,,2,3,46,5,,
ST190520,B,6/24/2019,HBK,6/24/2019,,4,,,2,1,56,9,,
ST190556,A,7/1/2019,HBK,7/1/2019,2,,,,4,,32,6,,
ST190556,B,7/1/2019,HBK,7/1/2019,2,1,,,,,34,6,,2
ST190557,A,7/1/2019,HBK,7/1/2019,1,,,,3,2,27,8,,3
ST190557,B,7/1/2019,HBK,7/1/2019,1,,,,1,,25,8,,1
ST190558,A,7/1/2019,HBK,7/1/2019,1,1,,,1,,31,7,,
ST190558,B,7/1/2019,HBK,7/1/2019,2,2,,,1,1,20,6,,
ST190559,A,7/1/2019,HBK,7/1/2019,,,1,,2,,16,7,,1
ST190559,B,7/1/2019,HBK,7/1/2019,,3,,,,1,26,11,,3
ST190560,A,7/1/2019,HBK,7/1/2019,2,2,1,,3,2,40,9,,
ST190560,B,7/1/2019,HBK,7/1/2019,2,3,,,5,1,35,14,,
ST190596,A,7/8/2019,HBK,7/8/2019,,1,3,,,3,51,9,,3
ST190596,B,7/8/2019,HBK,7/8/2019,,2,1,,1,4,19,13,,2
ST190597,A,7/8/2019,HBK,7/8/2019,2,1,1,1,9,2,26,11,,18
ST190597,B,7/8/2019,HBK,7/8/2019,2,,,,1,,24,3,,17
ST190598,A,7/8/2019,HBK,7/8/2019,1,1,1,,,,12,9,,2
ST190598,B,7/8/2019,HBK,7/8/2019,2,,5,1,,2,24,11,,4
ST190599,A,7/8/2019,HBK,7/8/2019,1,,3,1,,2,36,8,,1
ST190599,B,7/8/2019,HBK,7/8/2019,1,1,4,,,,45,8,,2
ST190600,A,7/8/2019,HBK,7/8/2019,,,,1,,3,45,5,,
ST190600,B,7/8/2019,HBK,7/8/2019,1,1,,2,,4,27,10,,4
ST190636,A,7/15/2019,HBK,7/15/2019,,,2,1,1,2,11,5,,13
ST190636,B,7/15/2019,HBK,7/15/2019,2,3,,,1,2,13,15,,9
ST190637,A,7/15/2019,HBK,7/15/2019,,2,1,,3,,18,12,,5
ST190637,B,7/15/2019,HBK,7/15/2019,,2,1,2,,,16,7,,3
ST190638,A,7/15/2019,HBK,7/15/2019,,2,1,,,1,30,9,,2
ST190638,B,7/15/2019,HBK,7/15/2019,1,2,,,,1,19,8,,
ST190639,A,7/15/2019,HBK,7/15/2019,,2,,,2,,21,11,,3
ST190639,B,7/15/2019,HBK,7/15/2019,2,,,2,,1,12,8,,1
ST190640,A,7/15/2019,HBK,7/15/2019,1,,2,3,4,1,29,9,1,3
ST190640,B,7/15/2019,HBK,7/15/2019,1,8,,1,2,3,20,9,,1
ST190676,A,7/22/2019,HBK,7/22/2019,,3,,,1,,18,7,,
ST190676,B,7/22/2019,HBK,7/22/2019,2,1,,1,1,1,23,6,1,3
ST190677,A,7/22/2019,HBK,7/22/2019,,,,2,1,3,10,11,,1
ST190677,B,7/22/2019,HBK,7/22/2019,,3,1,3,,2,10,4,,6
ST190678,A,7/22/2019,HBK,7/22/2019,,2,,1,1,,10,9,,
ST190678,B,7/22/2019,HBK,7/22/2019,2,3,,1,1,,22,7,,
ST190679,A,7/22/2019,HBK,7/22/2019,1,,,1,,2,14,9,,2
ST190679,B,7/22/2019,HBK,7/22/2019,2,1,,,1,2,19,4,,
ST190680,A,7/22/2019,HBK,7/22/2019,,,,1,1,1,9,5,,
ST190680,B,7/22/2019,HBK,7/22/2019,,,,1,1,,18,4,,4
ST190716,A,7/29/2019,HBK,7/29/2019,12,,,2,2,2,14,3,,1
ST190716,B,7/29/2019,HBK,7/29/2019,2,,,2,,2,17,5,,
ST190717,A,7/29/2019,HBK,7/29/2019,1,3,1,1,1,2,30,14,,
ST190717,B,7/29/2019,HBK,7/29/2019,,1,,,4,1,30,14,,3
ST190718,A,7/29/2019,HBK,7/29/2019,,,,1,2,3,17,6,,
ST190718,B,7/29/2019,HBK,7/29/2019,1,4,2,,,1,17,8,,1
ST190719,A,7/29/2019,HBK,7/29/2019,1,,1,,,,27,2,,
ST190719,B,7/29/2019,HBK,7/29/2019,2,1,,1,1,,27,8,,1
ST190720,A,7/29/2019,HBK,7/29/2019,1,,,,1,,16,2,,
ST190720,B,7/29/2019,HBK,7/29/2019,,1,,,1,,16,5,,
ST190756,A,8/5/2019,HBK,8/5/2019,1,3,1,,3,,16,2,,1
ST190756,B,8/5/2019,HBK,8/5/2019,1,,1,1,1,1,18,9,,
ST190757,A,8/5/2019,HBK,8/5/2019,,2,2,,3,,15,14,,1
ST190757,B,8/5/2019,HBK,8/5/2019,,1,,,1,,14,,,1
ST190758,A,8/5/2019,HBK,8/5/2019,,2,1,,1,,8,9,,1
ST190758,B,8/5/2019,HBK,8/5/2019,,,,,,,13,6,,
ST190759,A,8/5/2019,HBK,8/5/2019,,,,,3,3,9,19,,1
ST190759,B,8/5/2019,HBK,8/5/2019,,,2,,1,4,12,8,,2
ST190760,A,8/5/2019,HBK,8/5/2019,,,,,,,13,10,,
ST190760,B,8/5/2019,HBK,8/5/2019,1,,,,1,,15,9,,
ST190796,A,8/12/2019,HBK,8/12/2019,,1,1,,,,11,7,,
ST190796,B,8/12/2019,HBK,8/12/2019,,1,1,,1,,9,6,,1
ST190797,A,8/12/2019,HBK,8/12/2019,,,,,1,,10,3,,
ST190797,B,8/12/2019,HBK,8/12/2019,,,,,1,,6,5,,
ST190798,A,8/12/2019,HBK,8/12/2019,,,1,,,1,20,6,,1
ST190798,B,8/12/2019,HBK,8/12/2019,,1,1,,,1,20,14,,
ST190799,A,8/12/2019,HBK,8/12/2019,,,1,,1,,7,2,,
ST190799,B,8/12/2019,HBK,8/12/2019,,,1,,,1,15,5,,3
ST190800,A,8/12/2019,HBK,8/12/2019,1,1,,1,3,1,9,7,,2
ST190800,B,8/12/2019,HBK,8/12/2019,,4,1,,,,14,8,,1
ST190836,A,8/19/2019,HBK,8/19/2019,2,1,,,2,,2,2,,
ST190836,B,8/19/2019,HBK,8/19/2019,,,,,,,14,4,,
ST190837,A,8/19/2019,HBK,8/19/2019,,1,,,,,8,6,,
ST190837,B,8/19/2019,HBK,8/19/2019,,,,,,,1,10,,1
ST190838,A,8/19/2019,HBK,8/19/2019,1,,2,,1,2,4,6,,1
ST190838,B,8/19/2019,HBK,8/19/2019,,,,,1,1,6,9,,
ST190839,A,8/19/2019,HBK,8/19/2019,,1,,,1,,8,9,,2
ST190839,B,8/19/2019,HBK,8/19/2019,1,,3,,,,4,3,,
ST190840,A,8/19/2019,HBK,8/19/2019,,1,,,1,1,18,8,,1
ST190840,B,8/19/2019,HBK,8/19/2019,2,2,1,,,,15,8,,
ST190876,A,8/26/2019,HBK,8/26/2019,,,2,,1,2,15,6,,
ST190876,B,8/26/2019,HBK,8/26/2019,,,3,,1,1,29,10,,
ST190877,A,8/26/2019,HBK,8/26/2019,,,2,,,,8,4,,
ST190877,B,8/26/2019,HBK,8/26/2019,,1,3,,1,,9,6,,
ST190878,A,8/26/2019,HBK,8/26/2019,1,,2,,1,,12,6,,
ST190878,B,8/26/2019,HBK,8/26/2019,,,1,,,,11,5,,1
ST190879,A,8/26/2019,HBK,8/26/2019,1,1,,,,1,8,4,,
ST190879,B,8/26/2019,HBK,8/26/2019,,,2,,,,6,2,,1
ST190880,A,8/26/2019,HBK,8/26/2019,,1,,,1,,12,4,,1
ST190880,B,8/26/2019,HBK,8/26/2019,,1,2,,1,,13,6,,
ST190916,A,9/3/2019,HBK,9/3/2019,,1,,,1,,8,8,,1
ST190916,B,9/3/2019,HBK,9/3/2019,2,1,1,,1,1,15,8,,
ST190917,A,9/3/2019,HBK,9/3/2019,1,1,,,,,8,1,,
ST190917,B,9/3/2019,HBK,9/3/2019,,1,,,,1,10,4,,1
ST190918,A,9/3/2019,HBK,9/3/2019,,,,,,,11,1,,
ST190918,B,9/3/2019,HBK,9/3/2019,,,,,,,11,3,,
ST190919,A,9/3/2019,HBK,9/3/2019,,,,,,,7,1,,
ST190919,B,9/3/2019,HBK,9/3/2019,,1,1,,,,4,7,,
ST190920,A,9/3/2019,HBK,9/3/2019,,,2,,,1,,1,,2
ST190920,B,9/3/2019,HBK,9/3/2019,,3,1,,2,,6,6,,
ST190956,A,9/9/2019,HBK,9/9/2019,,,,,1,,4,1,,
ST190956,B,9/9/2019,HBK,9/9/2019,,,,,,,2,,,
ST190957,A,9/9/2019,HBK,9/9/2019,1,3,,,,2,6,,,
ST190957,B,9/9/2019,HBK,9/9/2019,,1,,,,,2,5,,
ST190958,A,9/9/2019,HBK,9/9/2019,,,,,1,,1,2,,
ST190958,B,9/9/2019,HBK,9/9/2019,,2,,,,1,8,,,
ST190959,A,9/9/2019,HBK,9/9/2019,,,,,,,4,2,,
ST190959,B,9/9/2019,HBK,9/9/2019,,,,,1,,5,1,,
ST190960,A,9/9/2019,HBK,9/9/2019,,,,,1,,4,10,,
ST190960,B,9/9/2019,HBK,9/9/2019,,,,,,1,15,5,,
ST190996,A,9/16/2019,HBK,9/16/2019,,,1,,,,7,2,,
ST190996,B,9/16/2019,HBK,9/16/2019,,,,,,,9,6,,
ST190997,A,9/16/2019,HBK,9/16/2019,,,,,,,4,4,,
ST190997,B,9/16/2019,HBK,9/16/2019,,,,,,1,6,6,,
ST190998,A,9/16/2019,HBK,9/16/2019,,,,,1,,6,,,
ST190998,B,9/16/2019,HBK,9/16/2019,,,,,,,1,,,
ST190999,A,9/16/2019,HBK,9/16/2019,,,1,,,,3,3,,
ST190999,B,9/16/2019,HBK,9/16/2019,,,,,1,,6,3,,
ST191000,A,9/16/2019,HBK,9/16/2019,,,,,,,2,2,,1
ST191000,B,9/16/2019,HBK,9/16/2019,,,,,,,8,3,,
ST191036,A,9/23/2019,HBK,9/23/2019,1,,,,1,,11,4,,1
ST191036,B,9/23/2019,HBK,9/23/2019,,,,,,,2,3,,
ST191037,A,9/23/2019,HBK,9/23/2019,,,,,,,4,2,,
ST191037,B,9/23/2019,HBK,9/23/2019,,1,,,,2,4,1,,1
ST191038,A,9/23/2019,HBK,9/23/2019,,3,,,,1,11,3,,
ST191038,B,9/23/2019,HBK,9/23/2019,2,,,,,,9,8,,1
ST191039,A,9/23/2019,HBK,9/23/2019,,,,,,1,4,1,,
ST191039,B,9/23/2019,HBK,9/23/2019,,1,,,,,5,1,,
ST191040,A,9/23/2019,HBK,9/23/2019,1,1,,,,,6,5,,
ST191040,B,9/23/2019,HBK,9/23/2019,,,,,,1,4,3,,
ST191076,A,9/30/2019,HBK,9/30/2019,,,,,,,12,1,,
ST191076,B,9/30/2019,HBK,9/30/2019,,,,,,,7,3,,
ST191077,A,9/30/2019,HBK,9/30/2019,,,,,,,10,1,,
ST191077,B,9/30/2019,HBK,9/30/2019,1,,,,,,7,3,,
ST191078,A,9/30/2019,HBK,9/30/2019,,,,,,,12,4,,
ST191078,B,9/30/2019,HBK,9/30/2019,,1,1,,,,9,,,
ST191079,A,9/30/2019,HBK,9/30/2019,,,,,,,18,2,,
ST191079,B,9/30/2019,HBK,9/30/2019,,1,,,,1,10,,,
ST191080,A,9/30/2019,HBK,9/30/2019,,,,,,,9,1,,
ST191080,B,9/30/2019,HBK,9/30/2019,,1,,,,1,6,1,,
ST191116,A,10/7/2019,HBK,10/7/2019,1,,,,,,3,,,
ST191116,B,10/7/2019,HBK,10/7/2019,6,,,,,,7,,,
ST191117,A,10/7/2019,HBK,10/7/2019,,,,,,,3,,,
ST191117,B,10/7/2019,HBK,10/7/2019,,,,,,,7,1,,
ST191118,A,10/7/2019,HBK,10/7/2019,,,,,,,5,2,,
ST191118,B,10/7/2019,HBK,10/7/2019,1,,,,,,3,,,
ST191119,A,10/7/2019,HBK,10/7/2019,2,,,,1,,,,,
ST191119,B,10/7/2019,HBK,10/7/2019,1,,,,,,8,1,,
ST191120,A,10/7/2019,HBK,10/7/2019,,1,,,,,7,5,,
ST191120,B,10/7/2019,HBK,10/7/2019,,,,,,,4,3,,
ST191156,A,10/15/2019,HBK,10/15/2019,,1,,,,2,3,4,,
ST191156,B,10/15/2019,HBK,10/15/2019,3,1,,,,,8,6,,
ST191157,A,10/15/2019,HBK,10/15/2019,,,,,,1,6,2,,
ST191157,B,10/15/2019,HBK,10/15/2019,3,1,,,,,9,1,,
ST191158,A,10/15/2019,HBK,10/15/2019,1,,,,,,10,4,,
ST191158,B,10/15/2019,HBK,10/15/2019,2,,,,,,4,3,,
ST191159,A,10/15/2019,HBK,10/15/2019,,,,,,,24,1,,
ST191159,B,10/15/2019,HBK,10/15/2019,3,,,,,,9,4,,
ST191160,A,10/15/2019,HBK,10/15/2019,5,,,,,1,5,4,,
ST191160,B,10/15/2019,HBK,10/15/2019,5,1,,,,3,8,4,,
ST191196,A,10/21/2019,HBK,10/21/2019,,,,,,,7,1,,
ST191196,B,10/21/2019,HBK,10/21/2019,11,1,,,,,2,,,
ST191197,A,10/21/2019,HBK,10/21/2019,2,,,,,,1,,,
ST191197,B,10/21/2019,HBK,10/21/2019,3,,,,,,9,3,,1
ST191198,A,10/21/2019,HBK,10/21/2019,1,,,,,,2,,,
ST191198,B,10/21/2019,HBK,10/21/2019,1,1,,,,,3,3,,
ST191199,A,10/21/2019,HBK,10/21/2019,9,,,,,,5,,,
ST191199,B,10/21/2019,HBK,10/21/2019,8,,,,,,8,1,,
ST191200,A,10/21/2019,HBK,10/21/2019,16,,,,,,11,4,,
ST191200,B,10/21/2019,HBK,10/21/2019,10,,,,,,5,2,,
ST191236,A,10/28/2019,HBK,10/28/2019,1,,,,,,3,,,
ST191236,B,10/28/2019,HBK,10/28/2019,3,,,,,,2,2,,
ST191237,A,10/28/2019,HBK,10/28/2019,5,,,,,,12,1,,
ST191237,B,10/28/2019,HBK,10/28/2019,2,,,,,,9,7,,
ST191238,A,10/28/2019,HBK,10/28/2019,,,,,,,4,3,,
ST191238,B,10/28/2019,HBK,10/28/2019,1,1,,,,,7,,,
ST191239,A,10/28/2019,HBK,10/28/2019,7,1,,,,,15,2,,
ST191239,B,10/28/2019,HBK,10/28/2019,3,1,,,,,8,,,
ST191240,A,10/28/2019,HBK,10/28/2019,3,,,,,,5,4,,
ST191240,B,10/28/2019,HBK,10/28/2019,2,,,,,,7,1,,
ST191276,A,11/4/2019,HBK,11/4/2019,1,1,,,,,6,,,
ST191276,B,11/4/2019,HBK,11/4/2019,1,,,,,,7,,,
ST191277,A,11/4/2019,HBK,11/4/2019,2,2,,,,,6,2,,
ST191277,B,11/4/2019,HBK,11/4/2019,1,,,,,,5,2,,
ST191278,A,11/4/2019,HBK,11/4/2019,2,,,,,,6,,,1
ST191278,B,11/4/2019,HBK,11/4/2019,2,,,,,,6,3,,
ST191279,A,11/4/2019,HBK,11/4/2019,,,,,,,3,,,
ST191279,B,11/4/2019,HBK,11/4/2019,,,,,,,8,,,1
ST191280,A,11/4/2019,HBK,11/4/2019,2,,,,,,7,,,
ST191280,B,11/4/2019,HBK,11/4/2019,3,,,,,,6,,,
ST191316,A,11/11/2019,HBK,11/11/2019,,,,,,,1,,,
ST191316,B,11/11/2019,HBK,11/11/2019,,,,,,,1,,,
ST191317,A,11/11/2019,HBK,11/11/2019,,,,,,,1,,,
ST191317,B,11/11/2019,HBK,11/11/2019,1,,,,,,1,,,
ST191318,A,11/11/2019,HBK,11/11/2019,,,,,,,1,,,
ST191318,B,11/11/2019,HBK,11/11/2019,,,,,,,3,,,
ST191319,A,11/11/2019,HBK,11/11/2019,,,,,,,1,,,
ST191319,B,11/11/2019,HBK,11/11/2019,,,,,,,4,,,
ST191320,A,11/11/2019,HBK,11/11/2019,,,,,,,2,,,
ST191320,B,11/11/2019,HBK,11/11/2019,,,,,,,1,,,
ST190196,A,4/29/2019,HBK,4/29/2019,2,,,,,,4,,,
ST190196,B,4/29/2019,HBK,4/29/2019,2,,,,,,5,,,
ST190236,A,5/6/2019,HBK,5/6/2019,,1,,,,,1,,,1
ST190236,B,5/6/2019,HBK,5/6/2019,4,2,,,,,6,,,
ST190237,A,5/6/2019,HBK,5/6/2019,1,,,,,,3,,,
ST190237,B,5/6/2019,HBK,5/6/2019,,,,,,,7,,,
ST190238,A,5/6/2019,HBK,5/6/2019,2,,,,,,1,,,2
ST190238,B,5/6/2019,HBK,5/6/2019,2,,,,,,4,,,1
ST190239,A,5/6/2019,HBK,5/6/2019,2,,,,,,1,,,2
ST190239,B,5/6/2019,HBK,5/6/2019,0,,,,,,,,,
ST190240,A,5/6/2019,HBK,5/6/2019,3,,1,,,,1,1,,1
ST190240,B,5/6/2019,HBK,5/6/2019,,,,,,,3,,,
ST190276,A,5/13/2019,HBK,5/13/2019,1,1,,,,,2,1,,1
ST190276,B,5/13/2019,HBK,5/13/2019,7,,,,,,3,1,,
ST190277,A,5/13/2019,HBK,5/13/2019,0,,,,,,,,,
ST190277,B,5/13/2019,HBK,5/13/2019,2,3,,,,1,5,1,,
ST190278,A,5/13/2019,HBK,5/13/2019,,4,,,,,3,,,
ST190278,B,5/13/2019,HBK,5/13/2019,,,,,,,1,,,3
ST190279,A,5/13/2019,HBK,5/13/2019,,,,,,,5,,,
ST190279,B,5/13/2019,HBK,5/13/2019,,4,,,,,6,,,
ST190280,A,5/13/2019,HBK,5/13/2019,1,1,,,,,5,,,3
ST190280,B,5/13/2019,HBK,5/13/2019,2,6,,,,1,6,,,1
ST190316,A,5/20/2019,HBK,5/20/2019,,,,,,,8,,,6
ST190316,B,5/20/2019,HBK,5/20/2019,,,,,,2,6,4,,3
ST190317,A,5/20/2019,HBK,5/20/2019,2,2,,,,,16,4,,3
ST190317,B,5/20/2019,HBK,5/20/2019,3,,,,,1,6,,,7
ST190318,A,5/20/2019,HBK,5/20/2019,3,,,,,,5,,,6
ST190318,B,5/20/2019,HBK,5/20/2019,2,,,,,1,12,2,,6
ST190319,A,5/20/2019,HBK,5/20/2019,,,,,,,9,1,,2
ST190319,B,5/20/2019,HBK,5/20/2019,3,1,,,,,8,1,,6
ST190320,A,5/20/2019,HBK,5/20/2019,,,,,,,15,,,6
ST190320,B,5/20/2019,HBK,5/20/2019,2,,,,,,4,1,,8
ST190356,A,5/28/2019,HBK,5/28/2019,9,3,,,,,49,1,,4
ST190356,B,5/28/2019,HBK,5/28/2019,6,,,,,1,68,6,,4
ST190357,A,5/28/2019,HBK,5/28/2019,,3,,,,1,31,6,,6
ST190357,B,5/28/2019,HBK,5/28/2019,1,,,,,,12,1,,8
ST190358,A,5/28/2019,HBK,5/28/2019,,,3,,,1,23,2,,6
ST190358,B,5/28/2019,HBK,5/28/2019,3,4,3,,,,28,3,,6
ST190359,A,5/28/2019,HBK,5/28/2019,2,1,,,,,11,3,,4
ST190359,B,5/28/2019,HBK,5/28/2019,1,1,,1,3,1,25,,,2
ST190360,A,5/28/2019,HBK,5/28/2019,2,2,,,,,19,2,,5
ST190360,B,5/28/2019,HBK,5/28/2019,2,2,,,,,12,1,,
ST190396,A,6/2/2019,HBK,6/2/2019,4,,,,,,16,,,2
ST190396,B,6/2/2019,HBK,6/2/2019,2,2,,,,,14,,,1
ST190397,A,6/2/2019,HBK,6/2/2019,,,,,,1,1,,,
ST190397,B,6/2/2019,HBK,6/2/2019,,2,,,,1,9,,,1
ST190398,A,6/2/2019,HBK,6/2/2019,1,6,,,,,7,,,
ST190398,B,6/2/2019,HBK,6/2/2019,3,,,,2,,6,,,
ST190399,A,6/2/2019,HBK,6/2/2019,4,,,,,1,1,,,1
ST190399,B,6/2/2019,HBK,6/2/2019,1,1,1,,1,,6,,,3
ST190400,A,6/2/2019,HBK,6/2/2019,1,,,,,2,4,,,
ST190400,B,6/2/2019,HBK,6/2/2019,2,3,,,,,8,,,
ST190436,A,6/10/2019,HBK,6/10/2019,5,8,,2,,,19,,,1
ST190436,B,6/10/2019,HBK,6/10/2019,5,4,,,1,,31,,,2
ST190437,A,6/10/2019,HBK,6/10/2019,4,9,,,1,3,20,,,
ST190437,B,6/10/2019,HBK,6/10/2019,2,7,,,1,1,29,,,2
ST190438,A,6/10/2019,HBK,6/10/2019,1,24,1,,,3,32,1,,1
ST190438,B,6/10/2019,HBK,6/10/2019,2,19,1,,2,,38,,,
ST190439,A,6/10/2019,HBK,6/10/2019,2,5,,,,,18,,,1
ST190439,B,6/10/2019,HBK,6/10/2019,2,5,,1,1,2,30,,1,2
ST190440,A,6/10/2019,HBK,6/10/2019,5,3,2,,3,1,74,,,1
ST190440,B,6/10/2019,HBK,6/10/2019,4,3,,,1,4,83,1,,1
ST190476,A,6/17/2019,HBK,6/17/2019,1,5,,1,,,39,1,,
ST190476,B,6/17/2019,HBK,6/17/2019,4,,,,,,22,,,3
ST190477,A,6/17/2019,HBK,6/17/2019,8,8,,,,1,20,,1,3
ST190477,B,6/17/2019,HBK,6/17/2019,1,4,,,,,6,,,1
ST190478,A,6/17/2019,HBK,6/17/2019,4,4,,,2,,10,,,4
ST190478,B,6/17/2019,HBK,6/17/2019,3,3,,,1,,49,,,3
ST190479,A,6/17/2019,HBK,6/17/2019,3,1,,,,,11,1,,
ST190479,B,6/17/2019,HBK,6/17/2019,3,3,,1,2,1,14,,,
ST190480,A,6/17/2019,HBK,6/17/2019,1,7,,,1,1,17,,,
ST190480,B,6/17/2019,HBK,6/17/2019,2,1,,,1,,11,,,1
ST190116,A,4/15/2019,HBK,4/15/2019,,,,,,,2,,,
ST190116,B,4/15/2019,HBK,4/15/2019,3,,,,,,2,,,
