"","date","Watershed","month","year","Sample","count_sum"
"1",2020-03-25,"4",3,2020,"ST190016",1
"2",2020-04-01,"1",4,2020,"ST190041",5
"3",2020-04-01,"2",4,2020,"ST190046",2
"4",2020-04-01,"3",4,2020,"ST190051",2
"5",2020-04-01,"6",4,2020,"ST190066",0
"6",2020-04-01,"9",4,2020,"ST190071",2
"7",2020-04-08,"1",4,2020,"1",2
"8",2020-04-08,"1",4,2020,"2",2
"9",2020-04-08,"2",4,2020,"",10
"10",2020-04-08,"2",4,2020,NA,5
"11",2020-04-08,"3",4,2020,"1",2
"12",2020-04-08,"3",4,2020,"2",2
"13",2020-04-08,"3",4,2020,"3",3
"14",2020-04-08,"3",4,2020,"4",3
"15",2020-04-08,"6",4,2020,"",3
"16",2020-04-15,"1",4,2020,"ST190081",3
"17",2020-04-15,"2",4,2020,"ST190086",4
"18",2020-04-15,"3",4,2020,"ST190091",3
"19",2020-04-15,"4",4,2020,"ST190096",1
"20",2020-04-15,"HBK",4,2020,"ST190116",7
"21",2020-04-22,"1",4,2020,"ST190121",3
"22",2020-04-22,"2",4,2020,"ST190126",1
"23",2020-04-22,"3",4,2020,"ST190131",2
"24",2020-04-29,"1",4,2020,"ST190161",20
"25",2020-04-29,"1",4,2020,"ST190162",22
"26",2020-04-29,"1",4,2020,"ST190163",20
"27",2020-04-29,"1",4,2020,"ST190164",20
"28",2020-04-29,"1",4,2020,"ST190165",4
"29",2020-04-29,"2",4,2020,"ST190166",30
"30",2020-04-29,"2",4,2020,"ST190167",27
"31",2020-04-29,"2",4,2020,"ST190168",24
"32",2020-04-29,"2",4,2020,"ST190169",17
"33",2020-04-29,"2",4,2020,"ST190170",13
"34",2020-04-29,"3",4,2020,"ST190171",76
"35",2020-04-29,"3",4,2020,"ST190172",32
"36",2020-04-29,"3",4,2020,"ST190173",44
"37",2020-04-29,"3",4,2020,"ST190174",44
"38",2020-04-29,"3",4,2020,"ST190175",76
"39",2020-04-29,"4",4,2020,"ST190176",14
"40",2020-04-29,"4",4,2020,"ST190177",0
"41",2020-04-29,"4",4,2020,"ST190178",0
"42",2020-04-29,"4",4,2020,"ST190179",0
"43",2020-04-29,"4",4,2020,"ST190180",0
"44",2020-04-29,"6",4,2020,"ST190186",30
"45",2020-04-29,"6",4,2020,"ST190187",26
"46",2020-04-29,"6",4,2020,"ST190188",22
"47",2020-04-29,"6",4,2020,"ST190189",21
"48",2020-04-29,"6",4,2020,"ST190190",24
"49",2020-04-29,"HBK",4,2020,"ST190196",13
"50",2020-05-06,"1",5,2020,"ST190201",33
"51",2020-05-06,"1",5,2020,"ST190202",34
"52",2020-05-06,"1",5,2020,"ST190203",66
"53",2020-05-06,"1",5,2020,"ST190204",22
"54",2020-05-06,"1",5,2020,"ST190205",39
"55",2020-05-06,"2",5,2020,"ST190206",39
"56",2020-05-06,"2",5,2020,"ST190207",75
"57",2020-05-06,"2",5,2020,"ST190208",33
"58",2020-05-06,"2",5,2020,"ST190209",34
"59",2020-05-06,"2",5,2020,"ST190210",33
"60",2020-05-06,"3",5,2020,"ST190211",43
"61",2020-05-06,"3",5,2020,"ST190212",49
"62",2020-05-06,"3",5,2020,"ST190213",53
"63",2020-05-06,"3",5,2020,"ST190214",69
"64",2020-05-06,"3",5,2020,"ST190215",39
"65",2020-05-06,"4",5,2020,"ST190216",37
"66",2020-05-06,"4",5,2020,"ST190217",56
"67",2020-05-06,"4",5,2020,"ST190218",81
"68",2020-05-06,"4",5,2020,"ST190219",30
"69",2020-05-06,"4",5,2020,"ST190220",39
"70",2020-05-06,"6",5,2020,"ST190226",28
"71",2020-05-06,"6",5,2020,"ST190227",22
"72",2020-05-06,"6",5,2020,"ST190228",50
"73",2020-05-06,"6",5,2020,"ST190229",65
"74",2020-05-06,"6",5,2020,"ST190230",25
"75",2020-05-06,"9",5,2020,"ST190231",1
"76",2020-05-06,"HBK",5,2020,"ST190236",14
"77",2020-05-06,"HBK",5,2020,"ST190237",11
"78",2020-05-06,"HBK",5,2020,"ST190238",9
"79",2020-05-06,"HBK",5,2020,"ST190239",3
"80",2020-05-06,"HBK",5,2020,"ST190240",9
"81",2020-05-13,"1",5,2020,"ST190241",63
"82",2020-05-13,"1",5,2020,"ST190242",272
"83",2020-05-13,"1",5,2020,"ST190243",128
"84",2020-05-13,"1",5,2020,"ST190244",90
"85",2020-05-13,"1",5,2020,"ST190245",171
"86",2020-05-13,"2",5,2020,"ST190246",114
"87",2020-05-13,"2",5,2020,"ST190247",76
"88",2020-05-13,"2",5,2020,"ST190248",77
"89",2020-05-13,"2",5,2020,"ST190249",112
"90",2020-05-13,"2",5,2020,"ST190250",93
"91",2020-05-13,"3",5,2020,"ST190251",290
"92",2020-05-13,"3",5,2020,"ST190252",306
"93",2020-05-13,"3",5,2020,"ST190253",164
"94",2020-05-13,"3",5,2020,"ST190254",198
"95",2020-05-13,"3",5,2020,"ST190255",198
"96",2020-05-13,"4",5,2020,"ST190256",106
"97",2020-05-13,"4",5,2020,"ST190257",265
"98",2020-05-13,"4",5,2020,"ST190258",97
"99",2020-05-13,"4",5,2020,"ST190259",55
"100",2020-05-13,"4",5,2020,"ST190260",97
"101",2020-05-13,"6",5,2020,"ST190266",67
"102",2020-05-13,"6",5,2020,"ST190267",98
"103",2020-05-13,"6",5,2020,"ST190268",42
"104",2020-05-13,"6",5,2020,"ST190269",169
"105",2020-05-13,"6",5,2020,"ST190270",394
"106",2020-05-13,"9",5,2020,"ST190271",6
"107",2020-05-13,"HBK",5,2020,"ST190276",16
"108",2020-05-13,"HBK",5,2020,"ST190277",12
"109",2020-05-13,"HBK",5,2020,"ST190278",8
"110",2020-05-13,"HBK",5,2020,"ST190279",15
"111",2020-05-13,"HBK",5,2020,"ST190280",22
"112",2020-05-14,"1",5,2020,"1",8
"113",2020-05-14,"1",5,2020,"10",124
"114",2020-05-14,"1",5,2020,"2",166
"115",2020-05-14,"1",5,2020,"3",2
"116",2020-05-14,"1",5,2020,"4",126
"117",2020-05-14,"1",5,2020,"5",8
"118",2020-05-14,"1",5,2020,"6",10
"119",2020-05-14,"1",5,2020,"7",180
"120",2020-05-14,"1",5,2020,"8",14
"121",2020-05-14,"1",5,2020,"9",12
"122",2020-05-14,"2",5,2020,"1",154
"123",2020-05-14,"2",5,2020,"10",42
"124",2020-05-14,"2",5,2020,"2",54
"125",2020-05-14,"2",5,2020,"3",78
"126",2020-05-14,"2",5,2020,"4",112
"127",2020-05-14,"2",5,2020,"5",180
"128",2020-05-14,"2",5,2020,"6",104
"129",2020-05-14,"2",5,2020,"7",86
"130",2020-05-14,"2",5,2020,"8",88
"131",2020-05-14,"2",5,2020,"9",40
"132",2020-05-14,"3",5,2020,"1",100
"133",2020-05-14,"3",5,2020,"10",143
"134",2020-05-14,"3",5,2020,"2",56
"135",2020-05-14,"3",5,2020,"3",87
"136",2020-05-14,"3",5,2020,"4",32
"137",2020-05-14,"3",5,2020,"5",10
"138",2020-05-14,"3",5,2020,"6",28
"139",2020-05-14,"3",5,2020,"7",8
"140",2020-05-14,"3",5,2020,"8",149
"141",2020-05-14,"3",5,2020,"9",59
"142",2020-05-14,"4",5,2020,"1",100
"143",2020-05-14,"4",5,2020,"10",143
"144",2020-05-14,"4",5,2020,"2",56
"145",2020-05-14,"4",5,2020,"3",87
"146",2020-05-14,"4",5,2020,"4",32
"147",2020-05-14,"4",5,2020,"5",10
"148",2020-05-14,"4",5,2020,"6",28
"149",2020-05-14,"4",5,2020,"7",8
"150",2020-05-14,"4",5,2020,"8",149
"151",2020-05-14,"4",5,2020,"9",58
"152",2020-05-14,"6",5,2020,"1",90
"153",2020-05-14,"6",5,2020,"10",106
"154",2020-05-14,"6",5,2020,"2",100
"155",2020-05-14,"6",5,2020,"3",110
"156",2020-05-14,"6",5,2020,"4",78
"157",2020-05-14,"6",5,2020,"5",108
"158",2020-05-14,"6",5,2020,"6",448
"159",2020-05-14,"6",5,2020,"7",126
"160",2020-05-14,"6",5,2020,"8",156
"161",2020-05-14,"6",5,2020,"9",572
"162",2020-05-20,"1",5,2020,"ST190281",203
"163",2020-05-20,"1",5,2020,"ST190282",0
"164",2020-05-20,"1",5,2020,"ST190283",186
"165",2020-05-20,"1",5,2020,"ST190284",374
"166",2020-05-20,"1",5,2020,"ST190285",257
"167",2020-05-20,"2",5,2020,"ST190286",227
"168",2020-05-20,"2",5,2020,"ST190287",199
"169",2020-05-20,"2",5,2020,"ST190288",331
"170",2020-05-20,"2",5,2020,"ST190289",262
"171",2020-05-20,"2",5,2020,"ST190290",330
"172",2020-05-20,"2",5,2020,"ST190291",171
"173",2020-05-20,"3",5,2020,"ST190291",519
"174",2020-05-20,"3",5,2020,"ST190292",476
"175",2020-05-20,"3",5,2020,"ST190293",778
"176",2020-05-20,"3",5,2020,"ST190294",548
"177",2020-05-20,"3",5,2020,"ST190295",650
"178",2020-05-20,"4",5,2020,"ST190296",204
"179",2020-05-20,"4",5,2020,"ST190297",208
"180",2020-05-20,"4",5,2020,"ST190298",332
"181",2020-05-20,"4",5,2020,"ST190299",153
"182",2020-05-20,"4",5,2020,"ST190300",204
"183",2020-05-20,"6",5,2020,"ST190306",296
"184",2020-05-20,"6",5,2020,"ST190307",200
"185",2020-05-20,"6",5,2020,"ST190308",283
"186",2020-05-20,"6",5,2020,"ST190309",153
"187",2020-05-20,"6",5,2020,"ST190310",226
"188",2020-05-20,"9",5,2020,"ST190311",17
"189",2020-05-20,"9",5,2020,"ST190312",10
"190",2020-05-20,"9",5,2020,"ST190313",23
"191",2020-05-20,"9",5,2020,"ST190314",31
"192",2020-05-20,"9",5,2020,"ST190315",38
"193",2020-05-20,"HBK",5,2020,"ST190316",20
"194",2020-05-20,"HBK",5,2020,"ST190317",34
"195",2020-05-20,"HBK",5,2020,"ST190318",25
"196",2020-05-20,"HBK",5,2020,"ST190319",23
"197",2020-05-20,"HBK",5,2020,"ST190320",22
"198",2020-05-21,"1",5,2020,"1",186
"199",2020-05-21,"1",5,2020,"10",98
"200",2020-05-21,"1",5,2020,"2",4
"201",2020-05-21,"1",5,2020,"3",128
"202",2020-05-21,"1",5,2020,"4",6
"203",2020-05-21,"1",5,2020,"5",10
"204",2020-05-21,"1",5,2020,"6",4
"205",2020-05-21,"1",5,2020,"7",14
"206",2020-05-21,"1",5,2020,"8",14
"207",2020-05-21,"1",5,2020,"9",78
"208",2020-05-21,"2",5,2020,"1",166
"209",2020-05-21,"2",5,2020,"10",130
"210",2020-05-21,"2",5,2020,"2",268
"211",2020-05-21,"2",5,2020,"3",152
"212",2020-05-21,"2",5,2020,"4",74
"213",2020-05-21,"2",5,2020,"5",94
"214",2020-05-21,"2",5,2020,"6",124
"215",2020-05-21,"2",5,2020,"7",190
"216",2020-05-21,"2",5,2020,"8",68
"217",2020-05-21,"2",5,2020,"9",156
"218",2020-05-21,"3",5,2020,"1",101
"219",2020-05-21,"3",5,2020,"10",73
"220",2020-05-21,"3",5,2020,"2",48
"221",2020-05-21,"3",5,2020,"3",21
"222",2020-05-21,"3",5,2020,"4",40
"223",2020-05-21,"3",5,2020,"5",57
"224",2020-05-21,"3",5,2020,"6",73
"225",2020-05-21,"3",5,2020,"7",77
"226",2020-05-21,"3",5,2020,"8",70
"227",2020-05-21,"3",5,2020,"9",49
"228",2020-05-21,"4",5,2020,"1",101
"229",2020-05-21,"4",5,2020,"10",73
"230",2020-05-21,"4",5,2020,"2",48
"231",2020-05-21,"4",5,2020,"3",21
"232",2020-05-21,"4",5,2020,"4",40
"233",2020-05-21,"4",5,2020,"5",57
"234",2020-05-21,"4",5,2020,"6",73
"235",2020-05-21,"4",5,2020,"7",77
"236",2020-05-21,"4",5,2020,"8",70
"237",2020-05-21,"4",5,2020,"9",49
"238",2020-05-21,"6",5,2020,"1",158
"239",2020-05-21,"6",5,2020,"10",142
"240",2020-05-21,"6",5,2020,"2",54
"241",2020-05-21,"6",5,2020,"3",86
"242",2020-05-21,"6",5,2020,"4",60
"243",2020-05-21,"6",5,2020,"5",40
"244",2020-05-21,"6",5,2020,"6",20
"245",2020-05-21,"6",5,2020,"7",156
"246",2020-05-21,"6",5,2020,"8",82
"247",2020-05-21,"6",5,2020,"9",76
"248",2020-05-21,"9",5,2020,"1",76
"249",2020-05-21,"9",5,2020,"10",42
"250",2020-05-21,"9",5,2020,"2",45
"251",2020-05-21,"9",5,2020,"3",55
"252",2020-05-21,"9",5,2020,"4",45
"253",2020-05-21,"9",5,2020,"5",33
"254",2020-05-21,"9",5,2020,"6",29
"255",2020-05-21,"9",5,2020,"7",152
"256",2020-05-21,"9",5,2020,"8",74
"257",2020-05-21,"9",5,2020,"9",56
"258",2020-05-28,"1",5,2020,"ST190321",185
"259",2020-05-28,"1",5,2020,"ST190322",374
"260",2020-05-28,"1",5,2020,"ST190323",456
"261",2020-05-28,"1",5,2020,"ST190324",350
"262",2020-05-28,"1",5,2020,"ST190325",462
"263",2020-05-28,"2",5,2020,"ST190326",352
"264",2020-05-28,"2",5,2020,"ST190327",395
"265",2020-05-28,"2",5,2020,"ST190328",145
"266",2020-05-28,"2",5,2020,"ST190329",319
"267",2020-05-28,"2",5,2020,"ST190330",281
"268",2020-05-28,"3",5,2020,"ST190331",762
"269",2020-05-28,"3",5,2020,"ST190332",820
"270",2020-05-28,"3",5,2020,"ST190333",1200
"271",2020-05-28,"3",5,2020,"ST190334",956
"272",2020-05-28,"3",5,2020,"ST190335",868
"273",2020-05-28,"4",5,2020,"ST190336",231
"274",2020-05-28,"4",5,2020,"ST190337",250
"275",2020-05-28,"4",5,2020,"ST190338",318
"276",2020-05-28,"4",5,2020,"ST190339",319
"277",2020-05-28,"4",5,2020,"ST190340",351
"278",2020-05-28,"6",5,2020,"ST190346",390
"279",2020-05-28,"6",5,2020,"ST190347",345
"280",2020-05-28,"6",5,2020,"ST190348",303
"281",2020-05-28,"6",5,2020,"ST190349",395
"282",2020-05-28,"6",5,2020,"ST190350",289
"283",2020-05-28,"9",5,2020,"ST190351",55
"284",2020-05-28,"9",5,2020,"ST190352",115
"285",2020-05-28,"9",5,2020,"ST190353",65
"286",2020-05-28,"9",5,2020,"ST190354",136
"287",2020-05-28,"9",5,2020,"ST190355",163
"288",2020-05-28,"HBK",5,2020,"ST190356",143
"289",2020-05-28,"HBK",5,2020,"ST190357",55
"290",2020-05-28,"HBK",5,2020,"ST190358",70
"291",2020-05-28,"HBK",5,2020,"ST190359",49
"292",2020-05-28,"HBK",5,2020,"ST190360",42
"293",2020-05-29,"1",5,2020,"1",24
"294",2020-05-29,"1",5,2020,"10",10
"295",2020-05-29,"1",5,2020,"2",10
"296",2020-05-29,"1",5,2020,"3",22
"297",2020-05-29,"1",5,2020,"4",62
"298",2020-05-29,"1",5,2020,"5",160
"299",2020-05-29,"1",5,2020,"6",112
"300",2020-05-29,"1",5,2020,"7",20
"301",2020-05-29,"1",5,2020,"8",18
"302",2020-05-29,"1",5,2020,"9",106
"303",2020-05-29,"2",5,2020,"1",234
"304",2020-05-29,"2",5,2020,"10",22
"305",2020-05-29,"2",5,2020,"2",302
"306",2020-05-29,"2",5,2020,"3",226
"307",2020-05-29,"2",5,2020,"4",180
"308",2020-05-29,"2",5,2020,"5",98
"309",2020-05-29,"2",5,2020,"6",104
"310",2020-05-29,"2",5,2020,"7",186
"311",2020-05-29,"2",5,2020,"8",250
"312",2020-05-29,"2",5,2020,"9",216
"313",2020-05-29,"3",5,2020,"1",120
"314",2020-05-29,"3",5,2020,"10",141
"315",2020-05-29,"3",5,2020,"2",119
"316",2020-05-29,"3",5,2020,"3",95
"317",2020-05-29,"3",5,2020,"4",225
"318",2020-05-29,"3",5,2020,"5",65
"319",2020-05-29,"3",5,2020,"6",100
"320",2020-05-29,"3",5,2020,"7",198
"321",2020-05-29,"3",5,2020,"8",111
"322",2020-05-29,"3",5,2020,"9",62
"323",2020-05-29,"4",5,2020,"1",120
"324",2020-05-29,"4",5,2020,"10",141
"325",2020-05-29,"4",5,2020,"2",119
"326",2020-05-29,"4",5,2020,"3",95
"327",2020-05-29,"4",5,2020,"4",225
"328",2020-05-29,"4",5,2020,"5",65
"329",2020-05-29,"4",5,2020,"6",100
"330",2020-05-29,"4",5,2020,"7",198
"331",2020-05-29,"4",5,2020,"8",111
"332",2020-05-29,"4",5,2020,"9",62
"333",2020-05-29,"6",5,2020,"1",130
"334",2020-05-29,"6",5,2020,"10",56
"335",2020-05-29,"6",5,2020,"2",156
"336",2020-05-29,"6",5,2020,"3",70
"337",2020-05-29,"6",5,2020,"4",78
"338",2020-05-29,"6",5,2020,"5",142
"339",2020-05-29,"6",5,2020,"6",70
"340",2020-05-29,"6",5,2020,"7",172
"341",2020-05-29,"6",5,2020,"8",44
"342",2020-05-29,"6",5,2020,"9",124
"343",2020-05-29,"9",5,2020,"1",116
"344",2020-05-29,"9",5,2020,"10",41
"345",2020-05-29,"9",5,2020,"2",91
"346",2020-05-29,"9",5,2020,"3",99
"347",2020-05-29,"9",5,2020,"4",55
"348",2020-05-29,"9",5,2020,"5",161
"349",2020-05-29,"9",5,2020,"6",78
"350",2020-05-29,"9",5,2020,"7",112
"351",2020-05-29,"9",5,2020,"8",40
"352",2020-05-29,"9",5,2020,"9",137
"353",2020-06-02,"1",6,2020,"ST190361",79
"354",2020-06-02,"1",6,2020,"ST190362",88
"355",2020-06-02,"1",6,2020,"ST190363",55
"356",2020-06-02,"1",6,2020,"ST190364",91
"357",2020-06-02,"1",6,2020,"ST190365",70
"358",2020-06-02,"2",6,2020,"ST190366",165
"359",2020-06-02,"2",6,2020,"ST190367",164
"360",2020-06-02,"2",6,2020,"ST190368",123
"361",2020-06-02,"2",6,2020,"ST190369",154
"362",2020-06-02,"2",6,2020,"ST190370",166
"363",2020-06-02,"3",6,2020,"ST190371",156
"364",2020-06-02,"3",6,2020,"ST190372",171
"365",2020-06-02,"3",6,2020,"ST190373",174
"366",2020-06-02,"3",6,2020,"ST190374",145
"367",2020-06-02,"3",6,2020,"ST190375",178
"368",2020-06-02,"4",6,2020,"ST190376",63
"369",2020-06-02,"4",6,2020,"ST190377",63
"370",2020-06-02,"4",6,2020,"ST190378",83
"371",2020-06-02,"4",6,2020,"ST190379",61
"372",2020-06-02,"4",6,2020,"ST190380",94
"373",2020-06-02,"6",6,2020,"ST190386",82
"374",2020-06-02,"6",6,2020,"ST190387",42
"375",2020-06-02,"6",6,2020,"ST190388",100
"376",2020-06-02,"6",6,2020,"ST190389",66
"377",2020-06-02,"6",6,2020,"ST190390",130
"378",2020-06-02,"9",6,2020,"ST190391",48
"379",2020-06-02,"9",6,2020,"ST190392",42
"380",2020-06-02,"9",6,2020,"ST190393",97
"381",2020-06-02,"9",6,2020,"ST190394",104
"382",2020-06-02,"9",6,2020,"ST190395",118
"383",2020-06-02,"HBK",6,2020,"ST190396",38
"384",2020-06-02,"HBK",6,2020,"ST190397",14
"385",2020-06-02,"HBK",6,2020,"ST190398",25
"386",2020-06-02,"HBK",6,2020,"ST190399",16
"387",2020-06-02,"HBK",6,2020,"ST190400",20
"388",2020-06-04,"1",6,2020,"1",4
"389",2020-06-04,"1",6,2020,"10",10
"390",2020-06-04,"1",6,2020,"2",46
"391",2020-06-04,"1",6,2020,"3",10
"392",2020-06-04,"1",6,2020,"4",118
"393",2020-06-04,"1",6,2020,"5",12
"394",2020-06-04,"1",6,2020,"6",68
"395",2020-06-04,"1",6,2020,"7",10
"396",2020-06-04,"1",6,2020,"8",82
"397",2020-06-04,"1",6,2020,"9",12
"398",2020-06-04,"1",6,2020,NA,0
"399",2020-06-04,"2",6,2020,"1",72
"400",2020-06-04,"2",6,2020,"10",60
"401",2020-06-04,"2",6,2020,"2",174
"402",2020-06-04,"2",6,2020,"3",214
"403",2020-06-04,"2",6,2020,"4",194
"404",2020-06-04,"2",6,2020,"5",66
"405",2020-06-04,"2",6,2020,"6",94
"406",2020-06-04,"2",6,2020,"7",98
"407",2020-06-04,"2",6,2020,"8",92
"408",2020-06-04,"2",6,2020,"9",74
"409",2020-06-04,"4",6,2020,"1",0
"410",2020-06-04,"4",6,2020,"10",0
"411",2020-06-04,"4",6,2020,"2",0
"412",2020-06-04,"4",6,2020,"3",0
"413",2020-06-04,"4",6,2020,"4",0
"414",2020-06-04,"4",6,2020,"5",0
"415",2020-06-04,"4",6,2020,"6",0
"416",2020-06-04,"4",6,2020,"7",0
"417",2020-06-04,"4",6,2020,"8",0
"418",2020-06-04,"4",6,2020,"9",0
"419",2020-06-04,"6",6,2020,"1",60
"420",2020-06-04,"6",6,2020,"10",66
"421",2020-06-04,"6",6,2020,"2",70
"422",2020-06-04,"6",6,2020,"3",92
"423",2020-06-04,"6",6,2020,"4",36
"424",2020-06-04,"6",6,2020,"5",146
"425",2020-06-04,"6",6,2020,"6",40
"426",2020-06-04,"6",6,2020,"7",102
"427",2020-06-04,"6",6,2020,"8",144
"428",2020-06-04,"6",6,2020,"9",50
"429",2020-06-04,"9",6,2020,"1",40
"430",2020-06-04,"9",6,2020,"10",78
"431",2020-06-04,"9",6,2020,"2",75
"432",2020-06-04,"9",6,2020,"3",112
"433",2020-06-04,"9",6,2020,"4",93
"434",2020-06-04,"9",6,2020,"5",71
"435",2020-06-04,"9",6,2020,"6",188
"436",2020-06-04,"9",6,2020,"7",143
"437",2020-06-04,"9",6,2020,"8",82
"438",2020-06-04,"9",6,2020,"9",121
"439",2020-06-10,"1",6,2020,"ST190401",143
"440",2020-06-10,"1",6,2020,"ST190402",119
"441",2020-06-10,"1",6,2020,"ST190403",107
"442",2020-06-10,"1",6,2020,"ST190404",128
"443",2020-06-10,"1",6,2020,"ST190405",197
"444",2020-06-10,"2",6,2020,"ST190406",303
"445",2020-06-10,"2",6,2020,"ST190407",181
"446",2020-06-10,"2",6,2020,"ST190408",205
"447",2020-06-10,"2",6,2020,"ST190409",298
"448",2020-06-10,"2",6,2020,"ST190410",261
"449",2020-06-10,"3",6,2020,"ST190411",383
"450",2020-06-10,"3",6,2020,"ST190412",550
"451",2020-06-10,"3",6,2020,"ST190413",530
"452",2020-06-10,"3",6,2020,"ST190414",535
"453",2020-06-10,"3",6,2020,"ST190415",497
"454",2020-06-10,"4",6,2020,"ST190416",161
"455",2020-06-10,"4",6,2020,"ST190417",197
"456",2020-06-10,"4",6,2020,"ST190418",194
"457",2020-06-10,"4",6,2020,"ST190419",122
"458",2020-06-10,"4",6,2020,"ST190420",214
"459",2020-06-10,"6",6,2020,"ST190426",241
"460",2020-06-10,"6",6,2020,"ST190427",178
"461",2020-06-10,"6",6,2020,"ST190428",204
"462",2020-06-10,"6",6,2020,"ST190429",234
"463",2020-06-10,"9",6,2020,"ST190431",128
"464",2020-06-10,"9",6,2020,"ST190432",203
"465",2020-06-10,"9",6,2020,"ST190433",220
"466",2020-06-10,"9",6,2020,"ST190434",157
"467",2020-06-10,"9",6,2020,"ST190435",116
"468",2020-06-10,"HBK",6,2020,"ST190436",75
"469",2020-06-10,"HBK",6,2020,"ST190437",77
"470",2020-06-10,"HBK",6,2020,"ST190438",124
"471",2020-06-10,"HBK",6,2020,"ST190439",67
"472",2020-06-10,"HBK",6,2020,"ST190440",184
"473",2020-06-11,"1",6,2020,"1",4
"474",2020-06-11,"1",6,2020,"10",4
"475",2020-06-11,"1",6,2020,"2",6
"476",2020-06-11,"1",6,2020,"3",60
"477",2020-06-11,"1",6,2020,"4",10
"478",2020-06-11,"1",6,2020,"5",68
"479",2020-06-11,"1",6,2020,"6",122
"480",2020-06-11,"1",6,2020,"7",84
"481",2020-06-11,"1",6,2020,"8",18
"482",2020-06-11,"1",6,2020,"9",10
"483",2020-06-11,"2",6,2020,"1",108
"484",2020-06-11,"2",6,2020,"10",120
"485",2020-06-11,"2",6,2020,"2",130
"486",2020-06-11,"2",6,2020,"3",98
"487",2020-06-11,"2",6,2020,"4",92
"488",2020-06-11,"2",6,2020,"5",58
"489",2020-06-11,"2",6,2020,"6",82
"490",2020-06-11,"2",6,2020,"7",102
"491",2020-06-11,"2",6,2020,"8",90
"492",2020-06-11,"2",6,2020,"9",58
"493",2020-06-11,"4",6,2020,"1",0
"494",2020-06-11,"4",6,2020,"10",0
"495",2020-06-11,"4",6,2020,"2",0
"496",2020-06-11,"4",6,2020,"3",0
"497",2020-06-11,"4",6,2020,"4",0
"498",2020-06-11,"4",6,2020,"5",0
"499",2020-06-11,"4",6,2020,"6",0
"500",2020-06-11,"4",6,2020,"7",0
"501",2020-06-11,"4",6,2020,"8",0
"502",2020-06-11,"4",6,2020,"9",0
"503",2020-06-11,"6",6,2020,"1",50
"504",2020-06-11,"6",6,2020,"10",168
"505",2020-06-11,"6",6,2020,"2",76
"506",2020-06-11,"6",6,2020,"3",122
"507",2020-06-11,"6",6,2020,"4",40
"508",2020-06-11,"6",6,2020,"5",38
"509",2020-06-11,"6",6,2020,"6",56
"510",2020-06-11,"6",6,2020,"7",202
"511",2020-06-11,"6",6,2020,"8",34
"512",2020-06-11,"6",6,2020,"9",74
"513",2020-06-11,"9",6,2020,"1",84
"514",2020-06-11,"9",6,2020,"10",57
"515",2020-06-11,"9",6,2020,"2",78
"516",2020-06-11,"9",6,2020,"3",163
"517",2020-06-11,"9",6,2020,"4",92
"518",2020-06-11,"9",6,2020,"5",42
"519",2020-06-11,"9",6,2020,"6",168
"520",2020-06-11,"9",6,2020,"7",92
"521",2020-06-11,"9",6,2020,"8",174
"522",2020-06-11,"9",6,2020,"9",87
"523",2020-06-17,"1",6,2020,"ST190441",51
"524",2020-06-17,"1",6,2020,"ST190442",1
"525",2020-06-17,"1",6,2020,"ST190443",50
"526",2020-06-17,"1",6,2020,"ST190444",51
"527",2020-06-17,"1",6,2020,"ST190445",57
"528",2020-06-17,"2",6,2020,"ST190446",86
"529",2020-06-17,"2",6,2020,"ST190447",84
"530",2020-06-17,"2",6,2020,"ST190448",105
"531",2020-06-17,"2",6,2020,"ST190449",95
"532",2020-06-17,"2",6,2020,"ST190450",105
"533",2020-06-17,"3",6,2020,"ST190451",188
"534",2020-06-17,"3",6,2020,"ST190452",207
"535",2020-06-17,"3",6,2020,"ST190453",197
"536",2020-06-17,"3",6,2020,"ST190454",183
"537",2020-06-17,"3",6,2020,"ST190455",156
"538",2020-06-17,"4",6,2020,"ST190456",81
"539",2020-06-17,"4",6,2020,"ST190457",95
"540",2020-06-17,"4",6,2020,"ST190458",79
"541",2020-06-17,"4",6,2020,"ST190459",86
"542",2020-06-17,"4",6,2020,"ST190460",85
"543",2020-06-17,"6",6,2020,"ST190466",67
"544",2020-06-17,"6",6,2020,"ST190467",47
"545",2020-06-17,"6",6,2020,"ST190468",72
"546",2020-06-17,"6",6,2020,"ST190469",79
"547",2020-06-17,"6",6,2020,"ST190470",57
"548",2020-06-17,"9",6,2020,"ST190471",132
"549",2020-06-17,"9",6,2020,"ST190472",61
"550",2020-06-17,"9",6,2020,"ST190473",106
"551",2020-06-17,"9",6,2020,"ST190474",139
"552",2020-06-17,"9",6,2020,"ST190475",106
"553",2020-06-17,"HBK",6,2020,"ST190476",73
"554",2020-06-17,"HBK",6,2020,"ST190477",49
"555",2020-06-17,"HBK",6,2020,"ST190478",76
"556",2020-06-17,"HBK",6,2020,"ST190479",40
"557",2020-06-17,"HBK",6,2020,"ST190480",42
"558",2020-06-18,"1",6,2020,"1",10
"559",2020-06-18,"1",6,2020,"10",66
"560",2020-06-18,"1",6,2020,"2",144
"561",2020-06-18,"1",6,2020,"3",28
"562",2020-06-18,"1",6,2020,"4",98
"563",2020-06-18,"1",6,2020,"5",28
"564",2020-06-18,"1",6,2020,"6",22
"565",2020-06-18,"1",6,2020,"7",20
"566",2020-06-18,"1",6,2020,"8",18
"567",2020-06-18,"1",6,2020,"9",48
"568",2020-06-18,"2",6,2020,"1",82
"569",2020-06-18,"2",6,2020,"10",144
"570",2020-06-18,"2",6,2020,"2",112
"571",2020-06-18,"2",6,2020,"3",142
"572",2020-06-18,"2",6,2020,"4",210
"573",2020-06-18,"2",6,2020,"5",102
"574",2020-06-18,"2",6,2020,"6",80
"575",2020-06-18,"2",6,2020,"7",136
"576",2020-06-18,"2",6,2020,"8",176
"577",2020-06-18,"2",6,2020,"9",88
"578",2020-06-18,"4",6,2020,"1",0
"579",2020-06-18,"4",6,2020,"10",0
"580",2020-06-18,"4",6,2020,"2",0
"581",2020-06-18,"4",6,2020,"3",0
"582",2020-06-18,"4",6,2020,"4",0
"583",2020-06-18,"4",6,2020,"5",0
"584",2020-06-18,"4",6,2020,"6",0
"585",2020-06-18,"4",6,2020,"7",0
"586",2020-06-18,"4",6,2020,"8",0
"587",2020-06-18,"4",6,2020,"9",0
"588",2020-06-18,"6",6,2020,"1",76
"589",2020-06-18,"6",6,2020,"10",68
"590",2020-06-18,"6",6,2020,"2",130
"591",2020-06-18,"6",6,2020,"3",84
"592",2020-06-18,"6",6,2020,"4",168
"593",2020-06-18,"6",6,2020,"5",96
"594",2020-06-18,"6",6,2020,"6",110
"595",2020-06-18,"6",6,2020,"7",92
"596",2020-06-18,"6",6,2020,"8",110
"597",2020-06-18,"6",6,2020,"9",50
"598",2020-06-18,"9",6,2020,"1",63
"599",2020-06-18,"9",6,2020,"10",192
"600",2020-06-18,"9",6,2020,"2",77
"601",2020-06-18,"9",6,2020,"3",173
"602",2020-06-18,"9",6,2020,"4",106
"603",2020-06-18,"9",6,2020,"5",146
"604",2020-06-18,"9",6,2020,"6",166
"605",2020-06-18,"9",6,2020,"7",141
"606",2020-06-18,"9",6,2020,"8",145
"607",2020-06-18,"9",6,2020,"9",50
"608",2020-06-24,"1",6,2020,"ST190481",54
"609",2020-06-24,"1",6,2020,"ST190482",92
"610",2020-06-24,"1",6,2020,"ST190483",95
"611",2020-06-24,"1",6,2020,"ST190484",64
"612",2020-06-24,"1",6,2020,"ST190485",111
"613",2020-06-24,"2",6,2020,"ST190486",125
"614",2020-06-24,"2",6,2020,"ST190487",129
"615",2020-06-24,"2",6,2020,"ST190488",193
"616",2020-06-24,"2",6,2020,"ST190489",202
"617",2020-06-24,"2",6,2020,"ST190490",126
"618",2020-06-24,"3",6,2020,"ST190491",222
"619",2020-06-24,"3",6,2020,"ST190492",152
"620",2020-06-24,"3",6,2020,"ST190493",185
"621",2020-06-24,"3",6,2020,"ST190494",143
"622",2020-06-24,"3",6,2020,"ST190495",149
"623",2020-06-24,"4",6,2020,"ST190496",111
"624",2020-06-24,"4",6,2020,"ST190497",89
"625",2020-06-24,"4",6,2020,"ST190498",138
"626",2020-06-24,"4",6,2020,"ST190499",103
"627",2020-06-24,"4",6,2020,"ST190500",86
"628",2020-06-24,"6",6,2020,"ST190506",71
"629",2020-06-24,"6",6,2020,"ST190507",76
"630",2020-06-24,"6",6,2020,"ST190508",89
"631",2020-06-24,"6",6,2020,"ST190509",69
"632",2020-06-24,"6",6,2020,"ST190510",71
"633",2020-06-24,"HBK",6,2020,"ST190516",33
"634",2020-06-24,"HBK",6,2020,"ST190517",76
"635",2020-06-24,"HBK",6,2020,"ST190518",73
"636",2020-06-24,"HBK",6,2020,"ST190519",44
"637",2020-06-24,"HBK",6,2020,"ST190520",131
"638",2020-06-25,"1",6,2020,"1",60
"639",2020-06-25,"1",6,2020,"10",6
"640",2020-06-25,"1",6,2020,"2",32
"641",2020-06-25,"1",6,2020,"3",24
"642",2020-06-25,"1",6,2020,"4",54
"643",2020-06-25,"1",6,2020,"5",140
"644",2020-06-25,"1",6,2020,"6",30
"645",2020-06-25,"1",6,2020,"7",124
"646",2020-06-25,"1",6,2020,"8",118
"647",2020-06-25,"1",6,2020,"9",8
"648",2020-06-25,"2",6,2020,"1",110
"649",2020-06-25,"2",6,2020,"10",120
"650",2020-06-25,"2",6,2020,"2",136
"651",2020-06-25,"2",6,2020,"3",96
"652",2020-06-25,"2",6,2020,"4",138
"653",2020-06-25,"2",6,2020,"5",124
"654",2020-06-25,"2",6,2020,"6",82
"655",2020-06-25,"2",6,2020,"7",86
"656",2020-06-25,"2",6,2020,"8",208
"657",2020-06-25,"2",6,2020,"9",138
"658",2020-06-25,"4",6,2020,"1",0
"659",2020-06-25,"4",6,2020,"10",0
"660",2020-06-25,"4",6,2020,"2",0
"661",2020-06-25,"4",6,2020,"3",0
"662",2020-06-25,"4",6,2020,"4",0
"663",2020-06-25,"4",6,2020,"5",0
"664",2020-06-25,"4",6,2020,"6",0
"665",2020-06-25,"4",6,2020,"7",0
"666",2020-06-25,"4",6,2020,"8",0
"667",2020-06-25,"4",6,2020,"9",0
"668",2020-06-25,"6",6,2020,"1",108
"669",2020-06-25,"6",6,2020,"10",90
"670",2020-06-25,"6",6,2020,"2",72
"671",2020-06-25,"6",6,2020,"3",72
"672",2020-06-25,"6",6,2020,"4",86
"673",2020-06-25,"6",6,2020,"5",160
"674",2020-06-25,"6",6,2020,"6",70
"675",2020-06-25,"6",6,2020,"7",46
"676",2020-06-25,"6",6,2020,"8",62
"677",2020-06-25,"6",6,2020,"9",62
"678",2020-06-25,"9",6,2020,"1",126
"679",2020-06-25,"9",6,2020,"10",102
"680",2020-06-25,"9",6,2020,"2",140
"681",2020-06-25,"9",6,2020,"3",158
"682",2020-06-25,"9",6,2020,"4",59
"683",2020-06-25,"9",6,2020,"5",89
"684",2020-06-25,"9",6,2020,"6",77
"685",2020-06-25,"9",6,2020,"7",59
"686",2020-06-25,"9",6,2020,"8",201
"687",2020-06-25,"9",6,2020,"9",89
"688",2020-07-01,"1",7,2020,"ST190521",51
"689",2020-07-01,"1",7,2020,"ST190522",86
"690",2020-07-01,"1",7,2020,"ST190523",77
"691",2020-07-01,"1",7,2020,"ST190524",107
"692",2020-07-01,"1",7,2020,"ST190525",96
"693",2020-07-01,"2",7,2020,"ST190526",152
"694",2020-07-01,"2",7,2020,"ST190527",147
"695",2020-07-01,"2",7,2020,"ST190528",79
"696",2020-07-01,"2",7,2020,"ST190529",178
"697",2020-07-01,"2",7,2020,"ST190530",117
"698",2020-07-01,"3",7,2020,"ST190531",126
"699",2020-07-01,"3",7,2020,"ST190532",122
"700",2020-07-01,"3",7,2020,"ST190533",156
"701",2020-07-01,"3",7,2020,"ST190534",147
"702",2020-07-01,"3",7,2020,"ST190535",270
"703",2020-07-01,"4",7,2020,"ST190536",85
"704",2020-07-01,"4",7,2020,"ST190537",122
"705",2020-07-01,"4",7,2020,"ST190538",84
"706",2020-07-01,"4",7,2020,"ST190539",95
"707",2020-07-01,"4",7,2020,"ST190540",156
"708",2020-07-01,"6",7,2020,"ST190546",69
"709",2020-07-01,"6",7,2020,"ST190547",84
"710",2020-07-01,"6",7,2020,"ST190548",52
"711",2020-07-01,"6",7,2020,"ST190549",91
"712",2020-07-01,"6",7,2020,"ST190550",104
"713",2020-07-01,"HBK",7,2020,"ST190556",87
"714",2020-07-01,"HBK",7,2020,"ST190557",76
"715",2020-07-01,"HBK",7,2020,"ST190558",73
"716",2020-07-01,"HBK",7,2020,"ST190559",67
"717",2020-07-01,"HBK",7,2020,"ST190560",119
"718",2020-07-02,"3",7,2020,"1",60
"719",2020-07-02,"3",7,2020,"10",84
"720",2020-07-02,"3",7,2020,"2",41
"721",2020-07-02,"3",7,2020,"3",65
"722",2020-07-02,"3",7,2020,"4",64
"723",2020-07-02,"3",7,2020,"5",55
"724",2020-07-02,"3",7,2020,"6",81
"725",2020-07-02,"3",7,2020,"7",79
"726",2020-07-02,"3",7,2020,"8",47
"727",2020-07-02,"3",7,2020,"9",42
"728",2020-07-02,"4",7,2020,"1",60
"729",2020-07-02,"4",7,2020,"10",84
"730",2020-07-02,"4",7,2020,"2",41
"731",2020-07-02,"4",7,2020,"3",65
"732",2020-07-02,"4",7,2020,"4",64
"733",2020-07-02,"4",7,2020,"5",55
"734",2020-07-02,"4",7,2020,"6",81
"735",2020-07-02,"4",7,2020,"7",79
"736",2020-07-02,"4",7,2020,"8",47
"737",2020-07-02,"4",7,2020,"9",42
"738",2020-07-02,"6",7,2020,"1",40
"739",2020-07-02,"6",7,2020,"10",52
"740",2020-07-02,"6",7,2020,"2",82
"741",2020-07-02,"6",7,2020,"3",94
"742",2020-07-02,"6",7,2020,"4",82
"743",2020-07-02,"6",7,2020,"5",102
"744",2020-07-02,"6",7,2020,"6",78
"745",2020-07-02,"6",7,2020,"7",66
"746",2020-07-02,"6",7,2020,"8",44
"747",2020-07-02,"6",7,2020,"9",82
"748",2020-07-02,"9",7,2020,"1",98
"749",2020-07-02,"9",7,2020,"10",78
"750",2020-07-02,"9",7,2020,"2",94
"751",2020-07-02,"9",7,2020,"3",92
"752",2020-07-02,"9",7,2020,"4",32
"753",2020-07-02,"9",7,2020,"5",88
"754",2020-07-02,"9",7,2020,"6",97
"755",2020-07-02,"9",7,2020,"7",93
"756",2020-07-02,"9",7,2020,"8",61
"757",2020-07-02,"9",7,2020,"9",116
"758",2020-07-08,"1",7,2020,"ST190561",97
"759",2020-07-08,"1",7,2020,"ST190562",66
"760",2020-07-08,"1",7,2020,"ST190563",89
"761",2020-07-08,"1",7,2020,"ST190564",53
"762",2020-07-08,"1",7,2020,"ST190565",82
"763",2020-07-08,"2",7,2020,"ST190566",93
"764",2020-07-08,"2",7,2020,"ST190567",141
"765",2020-07-08,"2",7,2020,"ST190568",137
"766",2020-07-08,"2",7,2020,"ST190569",169
"767",2020-07-08,"2",7,2020,"ST190570",131
"768",2020-07-08,"3",7,2020,"ST190571",177
"769",2020-07-08,"3",7,2020,"ST190572",281
"770",2020-07-08,"3",7,2020,"ST190573",183
"771",2020-07-08,"3",7,2020,"ST190574",165
"772",2020-07-08,"3",7,2020,"ST190575",137
"773",2020-07-08,"4",7,2020,"ST190576",151
"774",2020-07-08,"4",7,2020,"ST190577",150
"775",2020-07-08,"4",7,2020,"ST190578",170
"776",2020-07-08,"4",7,2020,"ST190579",85
"777",2020-07-08,"4",7,2020,"ST190580",137
"778",2020-07-08,"6",7,2020,"ST190586",125
"779",2020-07-08,"6",7,2020,"ST190587",92
"780",2020-07-08,"6",7,2020,"ST190588",81
"781",2020-07-08,"6",7,2020,"ST190589",68
"782",2020-07-08,"6",7,2020,"ST190590",63
"783",2020-07-08,"HBK",7,2020,"ST190596",107
"784",2020-07-08,"HBK",7,2020,"ST190597",83
"785",2020-07-08,"HBK",7,2020,"ST190598",69
"786",2020-07-08,"HBK",7,2020,"ST190599",110
"787",2020-07-08,"HBK",7,2020,"ST190600",99
"788",2020-07-09,"2",7,2020,"1",38
"789",2020-07-09,"2",7,2020,"10",31
"790",2020-07-09,"2",7,2020,"2",20
"791",2020-07-09,"2",7,2020,"3",11
"792",2020-07-09,"2",7,2020,"4",27
"793",2020-07-09,"2",7,2020,"5",18
"794",2020-07-09,"2",7,2020,"6",12
"795",2020-07-09,"2",7,2020,"7",47
"796",2020-07-09,"2",7,2020,"8",23
"797",2020-07-09,"2",7,2020,"9",13
"798",2020-07-09,"3",7,2020,"1",46
"799",2020-07-09,"3",7,2020,"10",73
"800",2020-07-09,"3",7,2020,"2",60
"801",2020-07-09,"3",7,2020,"3",65
"802",2020-07-09,"3",7,2020,"4",81
"803",2020-07-09,"3",7,2020,"5",62
"804",2020-07-09,"3",7,2020,"6",68
"805",2020-07-09,"3",7,2020,"7",55
"806",2020-07-09,"3",7,2020,"8",86
"807",2020-07-09,"3",7,2020,"9",55
"808",2020-07-09,"4",7,2020,"1",46
"809",2020-07-09,"4",7,2020,"10",73
"810",2020-07-09,"4",7,2020,"2",60
"811",2020-07-09,"4",7,2020,"3",65
"812",2020-07-09,"4",7,2020,"4",81
"813",2020-07-09,"4",7,2020,"5",62
"814",2020-07-09,"4",7,2020,"6",68
"815",2020-07-09,"4",7,2020,"7",55
"816",2020-07-09,"4",7,2020,"8",86
"817",2020-07-09,"4",7,2020,"9",55
"818",2020-07-09,"6",7,2020,"1",72
"819",2020-07-09,"6",7,2020,"10",70
"820",2020-07-09,"6",7,2020,"2",86
"821",2020-07-09,"6",7,2020,"3",36
"822",2020-07-09,"6",7,2020,"4",58
"823",2020-07-09,"6",7,2020,"5",68
"824",2020-07-09,"6",7,2020,"6",84
"825",2020-07-09,"6",7,2020,"7",74
"826",2020-07-09,"6",7,2020,"8",78
"827",2020-07-09,"6",7,2020,"9",76
"828",2020-07-09,"9",7,2020,"1",100
"829",2020-07-09,"9",7,2020,"10",72
"830",2020-07-09,"9",7,2020,"2",121
"831",2020-07-09,"9",7,2020,"3",169
"832",2020-07-09,"9",7,2020,"4",62
"833",2020-07-09,"9",7,2020,"5",94
"834",2020-07-09,"9",7,2020,"6",171
"835",2020-07-09,"9",7,2020,"7",141
"836",2020-07-09,"9",7,2020,"8",96
"837",2020-07-09,"9",7,2020,"9",152
"838",2020-07-09,"HBK",7,2020,"1",3
"839",2020-07-09,"HBK",7,2020,"10",13
"840",2020-07-09,"HBK",7,2020,"2",9
"841",2020-07-09,"HBK",7,2020,"3",15
"842",2020-07-09,"HBK",7,2020,"4",8
"843",2020-07-09,"HBK",7,2020,"5",20
"844",2020-07-09,"HBK",7,2020,"6",13
"845",2020-07-09,"HBK",7,2020,"7",26
"846",2020-07-09,"HBK",7,2020,"8",26
"847",2020-07-09,"HBK",7,2020,"9",15
"848",2020-07-15,"1",7,2020,"ST190601",59
"849",2020-07-15,"1",7,2020,"ST190602",67
"850",2020-07-15,"1",7,2020,"ST190603",44
"851",2020-07-15,"1",7,2020,"ST190604",68
"852",2020-07-15,"1",7,2020,"ST190605",59
"853",2020-07-15,"2",7,2020,"ST190606",148
"854",2020-07-15,"2",7,2020,"ST190607",115
"855",2020-07-15,"2",7,2020,"ST190608",92
"856",2020-07-15,"2",7,2020,"ST190609",110
"857",2020-07-15,"2",7,2020,"ST190610",131
"858",2020-07-15,"3",7,2020,"ST190611",118
"859",2020-07-15,"3",7,2020,"ST190612",156
"860",2020-07-15,"3",7,2020,"ST190613",142
"861",2020-07-15,"3",7,2020,"ST190614",211
"862",2020-07-15,"3",7,2020,"ST190615",129
"863",2020-07-15,"4",7,2020,"ST190616",139
"864",2020-07-15,"4",7,2020,"ST190617",113
"865",2020-07-15,"4",7,2020,"ST190618",91
"866",2020-07-15,"4",7,2020,"ST190619",147
"867",2020-07-15,"4",7,2020,"ST190620",130
"868",2020-07-15,"6",7,2020,"ST190626",57
"869",2020-07-15,"6",7,2020,"ST190627",62
"870",2020-07-15,"6",7,2020,"ST190628",36
"871",2020-07-15,"6",7,2020,"ST190629",73
"872",2020-07-15,"6",7,2020,"ST190630",160
"873",2020-07-15,"HBK",7,2020,"ST190636",58
"874",2020-07-15,"HBK",7,2020,"ST190637",64
"875",2020-07-15,"HBK",7,2020,"ST190638",74
"876",2020-07-15,"HBK",7,2020,"ST190639",61
"877",2020-07-15,"HBK",7,2020,"ST190640",94
"878",2020-07-16,"1",7,2020,"1",60
"879",2020-07-16,"1",7,2020,"10",24
"880",2020-07-16,"1",7,2020,"2",36
"881",2020-07-16,"1",7,2020,"3",14
"882",2020-07-16,"1",7,2020,"4",32
"883",2020-07-16,"1",7,2020,"5",96
"884",2020-07-16,"1",7,2020,"6",50
"885",2020-07-16,"1",7,2020,"7",14
"886",2020-07-16,"1",7,2020,"8",6
"887",2020-07-16,"1",7,2020,"9",58
"888",2020-07-16,"2",7,2020,"1",0
"889",2020-07-16,"2",7,2020,"10",0
"890",2020-07-16,"2",7,2020,"2",8
"891",2020-07-16,"2",7,2020,"3",8
"892",2020-07-16,"2",7,2020,"4",9
"893",2020-07-16,"2",7,2020,"5",37
"894",2020-07-16,"2",7,2020,"6",0
"895",2020-07-16,"2",7,2020,"7",0
"896",2020-07-16,"2",7,2020,"8",0
"897",2020-07-16,"2",7,2020,"9",0
"898",2020-07-16,"3",7,2020,"1",44
"899",2020-07-16,"3",7,2020,"10",61
"900",2020-07-16,"3",7,2020,"2",70
"901",2020-07-16,"3",7,2020,"3",56
"902",2020-07-16,"3",7,2020,"4",67
"903",2020-07-16,"3",7,2020,"5",47
"904",2020-07-16,"3",7,2020,"6",71
"905",2020-07-16,"3",7,2020,"7",72
"906",2020-07-16,"3",7,2020,"8",60
"907",2020-07-16,"3",7,2020,"9",35
"908",2020-07-16,"4",7,2020,"1",44
"909",2020-07-16,"4",7,2020,"10",61
"910",2020-07-16,"4",7,2020,"2",70
"911",2020-07-16,"4",7,2020,"3",56
"912",2020-07-16,"4",7,2020,"4",67
"913",2020-07-16,"4",7,2020,"5",47
"914",2020-07-16,"4",7,2020,"6",71
"915",2020-07-16,"4",7,2020,"7",72
"916",2020-07-16,"4",7,2020,"8",60
"917",2020-07-16,"4",7,2020,"9",35
"918",2020-07-16,"6",7,2020,"1",44
"919",2020-07-16,"6",7,2020,"10",66
"920",2020-07-16,"6",7,2020,"2",96
"921",2020-07-16,"6",7,2020,"3",66
"922",2020-07-16,"6",7,2020,"4",70
"923",2020-07-16,"6",7,2020,"5",52
"924",2020-07-16,"6",7,2020,"6",64
"925",2020-07-16,"6",7,2020,"7",32
"926",2020-07-16,"6",7,2020,"8",32
"927",2020-07-16,"6",7,2020,"9",84
"928",2020-07-16,"9",7,2020,"1",82
"929",2020-07-16,"9",7,2020,"10",81
"930",2020-07-16,"9",7,2020,"2",122
"931",2020-07-16,"9",7,2020,"3",116
"932",2020-07-16,"9",7,2020,"4",77
"933",2020-07-16,"9",7,2020,"5",82
"934",2020-07-16,"9",7,2020,"6",37
"935",2020-07-16,"9",7,2020,"7",88
"936",2020-07-16,"9",7,2020,"8",140
"937",2020-07-16,"9",7,2020,"9",168
"938",2020-07-16,"HBK",7,2020,"1",32
"939",2020-07-16,"HBK",7,2020,"10",21
"940",2020-07-16,"HBK",7,2020,"2",19
"941",2020-07-16,"HBK",7,2020,"3",23
"942",2020-07-16,"HBK",7,2020,"4",24
"943",2020-07-16,"HBK",7,2020,"5",52
"944",2020-07-16,"HBK",7,2020,"6",32
"945",2020-07-16,"HBK",7,2020,"7",23
"946",2020-07-16,"HBK",7,2020,"8",28
"947",2020-07-16,"HBK",7,2020,"9",25
"948",2020-07-22,"1",7,2020,"ST190641",45
"949",2020-07-22,"1",7,2020,"ST190642",37
"950",2020-07-22,"1",7,2020,"ST190643",38
"951",2020-07-22,"1",7,2020,"ST190644",28
"952",2020-07-22,"1",7,2020,"ST190645",38
"953",2020-07-22,"2",7,2020,"ST190646",81
"954",2020-07-22,"2",7,2020,"ST190647",75
"955",2020-07-22,"2",7,2020,"ST190648",79
"956",2020-07-22,"2",7,2020,"ST190649",89
"957",2020-07-22,"2",7,2020,"ST190650",66
"958",2020-07-22,"3",7,2020,"ST190651",106
"959",2020-07-22,"3",7,2020,"ST190652",131
"960",2020-07-22,"3",7,2020,"ST190653",111
"961",2020-07-22,"3",7,2020,"ST190654",141
"962",2020-07-22,"3",7,2020,"ST190655",80
"963",2020-07-22,"4",7,2020,"ST190656",117
"964",2020-07-22,"4",7,2020,"ST190657",77
"965",2020-07-22,"4",7,2020,"ST190658",0
"966",2020-07-22,"4",7,2020,"ST190659",0
"967",2020-07-22,"4",7,2020,"ST190660",0
"968",2020-07-22,"6",7,2020,"ST190666",57
"969",2020-07-22,"6",7,2020,"ST190667",40
"970",2020-07-22,"6",7,2020,"ST190668",35
"971",2020-07-22,"6",7,2020,"ST190669",34
"972",2020-07-22,"6",7,2020,"ST190670",41
"973",2020-07-22,"HBK",7,2020,"ST190676",65
"974",2020-07-22,"HBK",7,2020,"ST190677",50
"975",2020-07-22,"HBK",7,2020,"ST190678",59
"976",2020-07-22,"HBK",7,2020,"ST190679",56
"977",2020-07-22,"HBK",7,2020,"ST190680",41
"978",2020-07-23,"1",7,2020,"1",52
"979",2020-07-23,"1",7,2020,"10",58
"980",2020-07-23,"1",7,2020,"2",42
"981",2020-07-23,"1",7,2020,"3",46
"982",2020-07-23,"1",7,2020,"4",12
"983",2020-07-23,"1",7,2020,"5",6
"984",2020-07-23,"1",7,2020,"6",32
"985",2020-07-23,"1",7,2020,"7",30
"986",2020-07-23,"1",7,2020,"8",38
"987",2020-07-23,"1",7,2020,"9",60
"988",2020-07-23,"2",7,2020,"1",0
"989",2020-07-23,"2",7,2020,"10",0
"990",2020-07-23,"2",7,2020,"2",0
"991",2020-07-23,"2",7,2020,"3",0
"992",2020-07-23,"2",7,2020,"4",0
"993",2020-07-23,"2",7,2020,"5",0
"994",2020-07-23,"2",7,2020,"6",0
"995",2020-07-23,"2",7,2020,"7",0
"996",2020-07-23,"2",7,2020,"8",0
"997",2020-07-23,"2",7,2020,"9",0
"998",2020-07-23,"3",7,2020,"1",17
"999",2020-07-23,"3",7,2020,"10",0
"1000",2020-07-23,"3",7,2020,"2",12
"1001",2020-07-23,"3",7,2020,"3",10
"1002",2020-07-23,"3",7,2020,"4",14
"1003",2020-07-23,"3",7,2020,"5",26
"1004",2020-07-23,"3",7,2020,"6",12
"1005",2020-07-23,"3",7,2020,"7",33
"1006",2020-07-23,"3",7,2020,"8",25
"1007",2020-07-23,"3",7,2020,"9",0
"1008",2020-07-23,"4",7,2020,"1",17
"1009",2020-07-23,"4",7,2020,"10",0
"1010",2020-07-23,"4",7,2020,"2",12
"1011",2020-07-23,"4",7,2020,"3",10
"1012",2020-07-23,"4",7,2020,"4",14
"1013",2020-07-23,"4",7,2020,"5",26
"1014",2020-07-23,"4",7,2020,"6",12
"1015",2020-07-23,"4",7,2020,"7",33
"1016",2020-07-23,"4",7,2020,"8",25
"1017",2020-07-23,"4",7,2020,"9",0
"1018",2020-07-23,"6",7,2020,"1",30
"1019",2020-07-23,"6",7,2020,"2",12
"1020",2020-07-23,"6",7,2020,"3",76
"1021",2020-07-23,"6",7,2020,"4",44
"1022",2020-07-23,"6",7,2020,"5",56
"1023",2020-07-23,"6",7,2020,"6",58
"1024",2020-07-23,"6",7,2020,"7",48
"1025",2020-07-23,"6",7,2020,"8",44
"1026",2020-07-23,"9",7,2020,"1",49
"1027",2020-07-23,"9",7,2020,"10",79
"1028",2020-07-23,"9",7,2020,"2",74
"1029",2020-07-23,"9",7,2020,"3",55
"1030",2020-07-23,"9",7,2020,"4",68
"1031",2020-07-23,"9",7,2020,"5",68
"1032",2020-07-23,"9",7,2020,"6",146
"1033",2020-07-23,"9",7,2020,"7",96
"1034",2020-07-23,"9",7,2020,"8",62
"1035",2020-07-23,"9",7,2020,"9",89
"1036",2020-07-23,"HBK",7,2020,"1",2
"1037",2020-07-23,"HBK",7,2020,"10",1
"1038",2020-07-23,"HBK",7,2020,"2",6
"1039",2020-07-23,"HBK",7,2020,"3",35
"1040",2020-07-23,"HBK",7,2020,"4",32
"1041",2020-07-23,"HBK",7,2020,"5",0
"1042",2020-07-23,"HBK",7,2020,"6",3
"1043",2020-07-23,"HBK",7,2020,"7",20
"1044",2020-07-23,"HBK",7,2020,"8",32
"1045",2020-07-23,"HBK",7,2020,"9",5
"1046",2020-07-29,"1",7,2020,"ST190681",26
"1047",2020-07-29,"1",7,2020,"ST190682",33
"1048",2020-07-29,"1",7,2020,"ST190683",39
"1049",2020-07-29,"1",7,2020,"ST190684",33
"1050",2020-07-29,"1",7,2020,"ST190685",52
"1051",2020-07-29,"2",7,2020,"ST190686",84
"1052",2020-07-29,"2",7,2020,"ST190687",84
"1053",2020-07-29,"2",7,2020,"ST190688",64
"1054",2020-07-29,"2",7,2020,"ST190689",60
"1055",2020-07-29,"2",7,2020,"ST190690",29
"1056",2020-07-29,"3",7,2020,"ST190691",75
"1057",2020-07-29,"3",7,2020,"ST190692",77
"1058",2020-07-29,"3",7,2020,"ST190693",109
"1059",2020-07-29,"3",7,2020,"ST190694",80
"1060",2020-07-29,"3",7,2020,"ST190695",70
"1061",2020-07-29,"4",7,2020,"ST190696",0
"1062",2020-07-29,"4",7,2020,"ST190697",0
"1063",2020-07-29,"4",7,2020,"ST190698",0
"1064",2020-07-29,"4",7,2020,"ST190699",0
"1065",2020-07-29,"4",7,2020,"ST190700",0
"1066",2020-07-29,"6",7,2020,"ST190706",35
"1067",2020-07-29,"6",7,2020,"ST190707",35
"1068",2020-07-29,"6",7,2020,"ST190708",56
"1069",2020-07-29,"6",7,2020,"ST190709",36
"1070",2020-07-29,"6",7,2020,"ST190710",44
"1071",2020-07-29,"HBK",7,2020,"ST190716",63
"1072",2020-07-29,"HBK",7,2020,"ST190717",103
"1073",2020-07-29,"HBK",7,2020,"ST190718",62
"1074",2020-07-29,"HBK",7,2020,"ST190719",71
"1075",2020-07-29,"HBK",7,2020,"ST190720",43
"1076",2020-07-30,"2",7,2020,"1",0
"1077",2020-07-30,"2",7,2020,"10",0
"1078",2020-07-30,"2",7,2020,"2",0
"1079",2020-07-30,"2",7,2020,"3",0
"1080",2020-07-30,"2",7,2020,"4",0
"1081",2020-07-30,"2",7,2020,"5",0
"1082",2020-07-30,"2",7,2020,"6",0
"1083",2020-07-30,"2",7,2020,"7",0
"1084",2020-07-30,"2",7,2020,"8",0
"1085",2020-07-30,"2",7,2020,"9",0
"1086",2020-07-30,"3",7,2020,"1",24
"1087",2020-07-30,"3",7,2020,"10",16
"1088",2020-07-30,"3",7,2020,"2",33
"1089",2020-07-30,"3",7,2020,"3",25
"1090",2020-07-30,"3",7,2020,"4",19
"1091",2020-07-30,"3",7,2020,"5",19
"1092",2020-07-30,"3",7,2020,"6",17
"1093",2020-07-30,"3",7,2020,"7",27
"1094",2020-07-30,"3",7,2020,"8",30
"1095",2020-07-30,"3",7,2020,"9",17
"1096",2020-07-30,"4",7,2020,"1",24
"1097",2020-07-30,"4",7,2020,"10",16
"1098",2020-07-30,"4",7,2020,"2",33
"1099",2020-07-30,"4",7,2020,"3",25
"1100",2020-07-30,"4",7,2020,"4",19
"1101",2020-07-30,"4",7,2020,"5",19
"1102",2020-07-30,"4",7,2020,"6",17
"1103",2020-07-30,"4",7,2020,"7",27
"1104",2020-07-30,"4",7,2020,"8",30
"1105",2020-07-30,"4",7,2020,"9",17
"1106",2020-07-30,"6",7,2020,"1",28
"1107",2020-07-30,"6",7,2020,"10",38
"1108",2020-07-30,"6",7,2020,"2",40
"1109",2020-07-30,"6",7,2020,"3",38
"1110",2020-07-30,"6",7,2020,"4",18
"1111",2020-07-30,"6",7,2020,"5",22
"1112",2020-07-30,"6",7,2020,"6",42
"1113",2020-07-30,"6",7,2020,"7",34
"1114",2020-07-30,"6",7,2020,"8",38
"1115",2020-07-30,"6",7,2020,"9",36
"1116",2020-07-30,"9",7,2020,"1",79
"1117",2020-07-30,"9",7,2020,"10",48
"1118",2020-07-30,"9",7,2020,"2",38
"1119",2020-07-30,"9",7,2020,"3",44
"1120",2020-07-30,"9",7,2020,"4",16
"1121",2020-07-30,"9",7,2020,"5",37
"1122",2020-07-30,"9",7,2020,"6",62
"1123",2020-07-30,"9",7,2020,"7",15
"1124",2020-07-30,"9",7,2020,"8",12
"1125",2020-07-30,"9",7,2020,"9",17
"1126",2020-07-30,"HBK",7,2020,"1",7
"1127",2020-07-30,"HBK",7,2020,"10",7
"1128",2020-07-30,"HBK",7,2020,"2",7
"1129",2020-07-30,"HBK",7,2020,"3",20
"1130",2020-07-30,"HBK",7,2020,"4",31
"1131",2020-07-30,"HBK",7,2020,"5",4
"1132",2020-07-30,"HBK",7,2020,"6",3
"1133",2020-07-30,"HBK",7,2020,"7",10
"1134",2020-07-30,"HBK",7,2020,"8",9
"1135",2020-07-30,"HBK",7,2020,"9",9
"1136",2020-08-05,"1",8,2020,"ST190721",35
"1137",2020-08-05,"1",8,2020,"ST190722",27
"1138",2020-08-05,"1",8,2020,"ST190723",29
"1139",2020-08-05,"1",8,2020,"ST190724",32
"1140",2020-08-05,"1",8,2020,"ST190725",41
"1141",2020-08-05,"2",8,2020,"ST190726",62
"1142",2020-08-05,"2",8,2020,"ST190727",44
"1143",2020-08-05,"2",8,2020,"ST190728",80
"1144",2020-08-05,"2",8,2020,"ST190729",58
"1145",2020-08-05,"2",8,2020,"ST190730",69
"1146",2020-08-05,"3",8,2020,"ST190731",92
"1147",2020-08-05,"3",8,2020,"ST190732",54
"1148",2020-08-05,"3",8,2020,"ST190733",86
"1149",2020-08-05,"3",8,2020,"ST190734",112
"1150",2020-08-05,"3",8,2020,"ST190735",147
"1151",2020-08-05,"6",8,2020,"ST190746",35
"1152",2020-08-05,"6",8,2020,"ST190747",67
"1153",2020-08-05,"6",8,2020,"ST190748",53
"1154",2020-08-05,"6",8,2020,"ST190749",64
"1155",2020-08-05,"6",8,2020,"ST190750",51
"1156",2020-08-05,"HBK",8,2020,"ST190756",58
"1157",2020-08-05,"HBK",8,2020,"ST190757",52
"1158",2020-08-05,"HBK",8,2020,"ST190758",40
"1159",2020-08-05,"HBK",8,2020,"ST190759",61
"1160",2020-08-05,"HBK",8,2020,"ST190760",49
"1161",2020-08-06,"1",8,2020,"1",4
"1162",2020-08-06,"1",8,2020,"10",10
"1163",2020-08-06,"1",8,2020,"2",6
"1164",2020-08-06,"1",8,2020,"3",4
"1165",2020-08-06,"1",8,2020,"4",34
"1166",2020-08-06,"1",8,2020,"5",4
"1167",2020-08-06,"1",8,2020,"6",10
"1168",2020-08-06,"1",8,2020,"7",16
"1169",2020-08-06,"1",8,2020,"8",16
"1170",2020-08-06,"1",8,2020,"9",30
"1171",2020-08-06,"2",8,2020,"1",6
"1172",2020-08-06,"2",8,2020,"10",26
"1173",2020-08-06,"2",8,2020,"2",42
"1174",2020-08-06,"2",8,2020,"3",26
"1175",2020-08-06,"2",8,2020,"4",62
"1176",2020-08-06,"2",8,2020,"5",38
"1177",2020-08-06,"2",8,2020,"6",48
"1178",2020-08-06,"2",8,2020,"7",25
"1179",2020-08-06,"2",8,2020,"8",46
"1180",2020-08-06,"2",8,2020,"9",49
"1181",2020-08-06,"3",8,2020,"1",22
"1182",2020-08-06,"3",8,2020,"2",16
"1183",2020-08-06,"3",8,2020,"3",28
"1184",2020-08-06,"3",8,2020,"4",15
"1185",2020-08-06,"4",8,2020,"1",22
"1186",2020-08-06,"4",8,2020,"10",0
"1187",2020-08-06,"4",8,2020,"2",16
"1188",2020-08-06,"4",8,2020,"3",28
"1189",2020-08-06,"4",8,2020,"4",15
"1190",2020-08-06,"4",8,2020,"5",0
"1191",2020-08-06,"4",8,2020,"6",0
"1192",2020-08-06,"4",8,2020,"7",0
"1193",2020-08-06,"4",8,2020,"8",0
"1194",2020-08-06,"4",8,2020,"9",0
"1195",2020-08-06,"6",8,2020,"1",36
"1196",2020-08-06,"6",8,2020,"10",18
"1197",2020-08-06,"6",8,2020,"2",22
"1198",2020-08-06,"6",8,2020,"3",36
"1199",2020-08-06,"6",8,2020,"4",22
"1200",2020-08-06,"6",8,2020,"5",26
"1201",2020-08-06,"6",8,2020,"6",20
"1202",2020-08-06,"6",8,2020,"7",32
"1203",2020-08-06,"6",8,2020,"8",20
"1204",2020-08-06,"6",8,2020,"9",22
"1205",2020-08-06,"9",8,2020,"1",58
"1206",2020-08-06,"9",8,2020,"10",52
"1207",2020-08-06,"9",8,2020,"2",44
"1208",2020-08-06,"9",8,2020,"3",54
"1209",2020-08-06,"9",8,2020,"4",26
"1210",2020-08-06,"9",8,2020,"5",45
"1211",2020-08-06,"9",8,2020,"6",4
"1212",2020-08-06,"9",8,2020,"7",44
"1213",2020-08-06,"9",8,2020,"8",45
"1214",2020-08-06,"9",8,2020,"9",27
"1215",2020-08-06,"HBK",8,2020,"1",7
"1216",2020-08-06,"HBK",8,2020,"10",4
"1217",2020-08-06,"HBK",8,2020,"2",4
"1218",2020-08-06,"HBK",8,2020,"3",18
"1219",2020-08-06,"HBK",8,2020,"4",12
"1220",2020-08-06,"HBK",8,2020,"5",7
"1221",2020-08-06,"HBK",8,2020,"6",13
"1222",2020-08-06,"HBK",8,2020,"7",10
"1223",2020-08-06,"HBK",8,2020,"8",5
"1224",2020-08-06,"HBK",8,2020,"9",4
"1225",2020-08-12,"1",8,2020,"ST190761",50
"1226",2020-08-12,"1",8,2020,"ST190762",41
"1227",2020-08-12,"1",8,2020,"ST190763",27
"1228",2020-08-12,"1",8,2020,"ST190764",32
"1229",2020-08-12,"1",8,2020,"ST190765",42
"1230",2020-08-12,"2",8,2020,"ST190766",61
"1231",2020-08-12,"2",8,2020,"ST190767",41
"1232",2020-08-12,"2",8,2020,"ST190768",48
"1233",2020-08-12,"2",8,2020,"ST190769",65
"1234",2020-08-12,"2",8,2020,"ST190770",65
"1235",2020-08-12,"3",8,2020,"ST190771",95
"1236",2020-08-12,"3",8,2020,"ST190772",79
"1237",2020-08-12,"3",8,2020,"ST190773",120
"1238",2020-08-12,"3",8,2020,"ST190774",90
"1239",2020-08-12,"3",8,2020,"ST190775",82
"1240",2020-08-12,"6",8,2020,"ST190786",40
"1241",2020-08-12,"6",8,2020,"ST190787",51
"1242",2020-08-12,"6",8,2020,"ST190788",29
"1243",2020-08-12,"6",8,2020,"ST190789",40
"1244",2020-08-12,"6",8,2020,"ST190790",34
"1245",2020-08-12,"HBK",8,2020,"ST190796",38
"1246",2020-08-12,"HBK",8,2020,"ST190797",26
"1247",2020-08-12,"HBK",8,2020,"ST190798",65
"1248",2020-08-12,"HBK",8,2020,"ST190799",33
"1249",2020-08-12,"HBK",8,2020,"ST190800",50
"1250",2020-08-13,"1",8,2020,"1",10
"1251",2020-08-13,"1",8,2020,"10",6
"1252",2020-08-13,"1",8,2020,"2",40
"1253",2020-08-13,"1",8,2020,"3",2
"1254",2020-08-13,"1",8,2020,"4",10
"1255",2020-08-13,"1",8,2020,"5",22
"1256",2020-08-13,"1",8,2020,"6",26
"1257",2020-08-13,"1",8,2020,"7",10
"1258",2020-08-13,"1",8,2020,"8",18
"1259",2020-08-13,"1",8,2020,"9",8
"1260",2020-08-13,"2",8,2020,"1",70
"1261",2020-08-13,"2",8,2020,"10",84
"1262",2020-08-13,"2",8,2020,"2",114
"1263",2020-08-13,"2",8,2020,"3",48
"1264",2020-08-13,"2",8,2020,"4",50
"1265",2020-08-13,"2",8,2020,"5",84
"1266",2020-08-13,"2",8,2020,"6",72
"1267",2020-08-13,"2",8,2020,"7",38
"1268",2020-08-13,"2",8,2020,"8",82
"1269",2020-08-13,"2",8,2020,"9",44
"1270",2020-08-13,"4",8,2020,"1",0
"1271",2020-08-13,"4",8,2020,"10",0
"1272",2020-08-13,"4",8,2020,"2",0
"1273",2020-08-13,"4",8,2020,"3",0
"1274",2020-08-13,"4",8,2020,"4",0
"1275",2020-08-13,"4",8,2020,"5",0
"1276",2020-08-13,"4",8,2020,"6",0
"1277",2020-08-13,"4",8,2020,"7",0
"1278",2020-08-13,"4",8,2020,"8",0
"1279",2020-08-13,"4",8,2020,"9",0
"1280",2020-08-13,"6",8,2020,"1",34
"1281",2020-08-13,"6",8,2020,"10",22
"1282",2020-08-13,"6",8,2020,"2",20
"1283",2020-08-13,"6",8,2020,"3",30
"1284",2020-08-13,"6",8,2020,"4",18
"1285",2020-08-13,"6",8,2020,"5",20
"1286",2020-08-13,"6",8,2020,"6",34
"1287",2020-08-13,"6",8,2020,"7",8
"1288",2020-08-13,"6",8,2020,"8",32
"1289",2020-08-13,"6",8,2020,"9",24
"1290",2020-08-13,"9",8,2020,"1",10
"1291",2020-08-13,"9",8,2020,"10",36
"1292",2020-08-13,"9",8,2020,"2",36
"1293",2020-08-13,"9",8,2020,"3",22
"1294",2020-08-13,"9",8,2020,"4",33
"1295",2020-08-13,"9",8,2020,"5",24
"1296",2020-08-13,"9",8,2020,"6",52
"1297",2020-08-13,"9",8,2020,"7",28
"1298",2020-08-13,"9",8,2020,"8",16
"1299",2020-08-13,"9",8,2020,"9",32
"1300",2020-08-13,"HBK",8,2020,"1",2
"1301",2020-08-13,"HBK",8,2020,"10",6
"1302",2020-08-13,"HBK",8,2020,"2",7
"1303",2020-08-13,"HBK",8,2020,"3",4
"1304",2020-08-13,"HBK",8,2020,"4",0
"1305",2020-08-13,"HBK",8,2020,"5",5
"1306",2020-08-13,"HBK",8,2020,"6",7
"1307",2020-08-13,"HBK",8,2020,"7",10
"1308",2020-08-13,"HBK",8,2020,"8",7
"1309",2020-08-13,"HBK",8,2020,"9",10
"1310",2020-08-19,"1",8,2020,"ST190801",32
"1311",2020-08-19,"1",8,2020,"ST190802",24
"1312",2020-08-19,"1",8,2020,"ST190803",30
"1313",2020-08-19,"1",8,2020,"ST190804",36
"1314",2020-08-19,"1",8,2020,"ST190805",38
"1315",2020-08-19,"2",8,2020,"ST190806",58
"1316",2020-08-19,"2",8,2020,"ST190807",44
"1317",2020-08-19,"2",8,2020,"ST190808",38
"1318",2020-08-19,"2",8,2020,"ST190809",47
"1319",2020-08-19,"2",8,2020,"ST190810",52
"1320",2020-08-19,"3",8,2020,"ST190811",44
"1321",2020-08-19,"3",8,2020,"ST190812",56
"1322",2020-08-19,"3",8,2020,"ST190813",43
"1323",2020-08-19,"3",8,2020,"ST190814",52
"1324",2020-08-19,"3",8,2020,"ST190815",54
"1325",2020-08-19,"6",8,2020,"ST190826",36
"1326",2020-08-19,"6",8,2020,"ST190827",23
"1327",2020-08-19,"6",8,2020,"ST190828",22
"1328",2020-08-19,"6",8,2020,"ST190829",29
"1329",2020-08-19,"6",8,2020,"ST190830",23
"1330",2020-08-19,"HBK",8,2020,"ST190836",27
"1331",2020-08-19,"HBK",8,2020,"ST190837",26
"1332",2020-08-19,"HBK",8,2020,"ST190838",33
"1333",2020-08-19,"HBK",8,2020,"ST190839",30
"1334",2020-08-19,"HBK",8,2020,"ST190840",57
"1335",2020-08-20,"1",8,2020,"1",0
"1336",2020-08-20,"1",8,2020,"10",6
"1337",2020-08-20,"1",8,2020,"2",34
"1338",2020-08-20,"1",8,2020,"3",16
"1339",2020-08-20,"1",8,2020,"4",6
"1340",2020-08-20,"1",8,2020,"5",4
"1341",2020-08-20,"1",8,2020,"6",10
"1342",2020-08-20,"1",8,2020,"7",12
"1343",2020-08-20,"1",8,2020,"8",28
"1344",2020-08-20,"1",8,2020,"9",8
"1345",2020-08-20,"2",8,2020,"1",50
"1346",2020-08-20,"2",8,2020,"10",60
"1347",2020-08-20,"2",8,2020,"2",72
"1348",2020-08-20,"2",8,2020,"3",64
"1349",2020-08-20,"2",8,2020,"4",60
"1350",2020-08-20,"2",8,2020,"5",64
"1351",2020-08-20,"2",8,2020,"6",56
"1352",2020-08-20,"2",8,2020,"7",30
"1353",2020-08-20,"2",8,2020,"8",50
"1354",2020-08-20,"2",8,2020,"9",46
"1355",2020-08-20,"4",8,2020,"1",0
"1356",2020-08-20,"4",8,2020,"10",0
"1357",2020-08-20,"4",8,2020,"2",0
"1358",2020-08-20,"4",8,2020,"3",0
"1359",2020-08-20,"4",8,2020,"4",0
"1360",2020-08-20,"4",8,2020,"5",0
"1361",2020-08-20,"4",8,2020,"6",0
"1362",2020-08-20,"4",8,2020,"7",0
"1363",2020-08-20,"4",8,2020,"8",0
"1364",2020-08-20,"4",8,2020,"9",0
"1365",2020-08-20,"6",8,2020,"1",20
"1366",2020-08-20,"6",8,2020,"10",14
"1367",2020-08-20,"6",8,2020,"2",40
"1368",2020-08-20,"6",8,2020,"3",14
"1369",2020-08-20,"6",8,2020,"4",14
"1370",2020-08-20,"6",8,2020,"5",26
"1371",2020-08-20,"6",8,2020,"6",30
"1372",2020-08-20,"6",8,2020,"7",22
"1373",2020-08-20,"6",8,2020,"8",18
"1374",2020-08-20,"6",8,2020,"9",20
"1375",2020-08-20,"9",8,2020,"1",25
"1376",2020-08-20,"9",8,2020,"10",20
"1377",2020-08-20,"9",8,2020,"2",69
"1378",2020-08-20,"9",8,2020,"3",36
"1379",2020-08-20,"9",8,2020,"4",46
"1380",2020-08-20,"9",8,2020,"5",20
"1381",2020-08-20,"9",8,2020,"6",43
"1382",2020-08-20,"9",8,2020,"7",27
"1383",2020-08-20,"9",8,2020,"8",20
"1384",2020-08-20,"9",8,2020,"9",5
"1385",2020-08-20,"HBK",8,2020,"1",5
"1386",2020-08-20,"HBK",8,2020,"10",25
"1387",2020-08-20,"HBK",8,2020,"2",8
"1388",2020-08-20,"HBK",8,2020,"3",12
"1389",2020-08-20,"HBK",8,2020,"4",23
"1390",2020-08-20,"HBK",8,2020,"5",13
"1391",2020-08-20,"HBK",8,2020,"6",12
"1392",2020-08-20,"HBK",8,2020,"7",9
"1393",2020-08-20,"HBK",8,2020,"8",10
"1394",2020-08-20,"HBK",8,2020,"9",23
"1395",2020-08-26,"1",8,2020,"ST190841",16
"1396",2020-08-26,"1",8,2020,"ST190842",27
"1397",2020-08-26,"1",8,2020,"ST190843",26
"1398",2020-08-26,"1",8,2020,"ST190844",20
"1399",2020-08-26,"1",8,2020,"ST190845",46
"1400",2020-08-26,"2",8,2020,"ST190846",36
"1401",2020-08-26,"2",8,2020,"ST190847",54
"1402",2020-08-26,"2",8,2020,"ST190848",44
"1403",2020-08-26,"2",8,2020,"ST190849",33
"1404",2020-08-26,"2",8,2020,"ST190850",42
"1405",2020-08-26,"3",8,2020,"ST190851",86
"1406",2020-08-26,"3",8,2020,"ST190852",80
"1407",2020-08-26,"3",8,2020,"ST190853",63
"1408",2020-08-26,"3",8,2020,"ST190854",52
"1409",2020-08-26,"3",8,2020,"ST190855",54
"1410",2020-08-26,"6",8,2020,"ST190866",34
"1411",2020-08-26,"6",8,2020,"ST190867",24
"1412",2020-08-26,"6",8,2020,"ST190868",22
"1413",2020-08-26,"6",8,2020,"ST190869",21
"1414",2020-08-26,"6",8,2020,"ST190870",31
"1415",2020-08-26,"HBK",8,2020,"ST190876",70
"1416",2020-08-26,"HBK",8,2020,"ST190877",34
"1417",2020-08-26,"HBK",8,2020,"ST190878",39
"1418",2020-08-26,"HBK",8,2020,"ST190879",25
"1419",2020-08-26,"HBK",8,2020,"ST190880",41
"1420",2020-08-27,"2",8,2020,"1",0
"1421",2020-08-27,"2",8,2020,"10",0
"1422",2020-08-27,"2",8,2020,"2",0
"1423",2020-08-27,"2",8,2020,"3",0
"1424",2020-08-27,"2",8,2020,"4",0
"1425",2020-08-27,"2",8,2020,"5",0
"1426",2020-08-27,"2",8,2020,"6",0
"1427",2020-08-27,"2",8,2020,"7",0
"1428",2020-08-27,"2",8,2020,"8",0
"1429",2020-08-27,"2",8,2020,"9",0
"1430",2020-08-27,"3",8,2020,"1",18
"1431",2020-08-27,"3",8,2020,"10",23
"1432",2020-08-27,"3",8,2020,"2",16
"1433",2020-08-27,"3",8,2020,"3",31
"1434",2020-08-27,"3",8,2020,"4",25
"1435",2020-08-27,"3",8,2020,"5",18
"1436",2020-08-27,"3",8,2020,"6",25
"1437",2020-08-27,"3",8,2020,"7",22
"1438",2020-08-27,"3",8,2020,"8",17
"1439",2020-08-27,"3",8,2020,"9",21
"1440",2020-08-27,"4",8,2020,"1",18
"1441",2020-08-27,"4",8,2020,"10",23
"1442",2020-08-27,"4",8,2020,"2",16
"1443",2020-08-27,"4",8,2020,"3",31
"1444",2020-08-27,"4",8,2020,"4",25
"1445",2020-08-27,"4",8,2020,"5",18
"1446",2020-08-27,"4",8,2020,"6",25
"1447",2020-08-27,"4",8,2020,"7",22
"1448",2020-08-27,"4",8,2020,"8",17
"1449",2020-08-27,"4",8,2020,"9",21
"1450",2020-08-27,"6",8,2020,"1",10
"1451",2020-08-27,"6",8,2020,"10",16
"1452",2020-08-27,"6",8,2020,"2",16
"1453",2020-08-27,"6",8,2020,"3",16
"1454",2020-08-27,"6",8,2020,"4",20
"1455",2020-08-27,"6",8,2020,"5",8
"1456",2020-08-27,"6",8,2020,"6",16
"1457",2020-08-27,"6",8,2020,"7",24
"1458",2020-08-27,"6",8,2020,"8",22
"1459",2020-08-27,"6",8,2020,"9",8
"1460",2020-08-27,"9",8,2020,"1",19
"1461",2020-08-27,"9",8,2020,"10",22
"1462",2020-08-27,"9",8,2020,"2",11
"1463",2020-08-27,"9",8,2020,"3",35
"1464",2020-08-27,"9",8,2020,"4",20
"1465",2020-08-27,"9",8,2020,"5",24
"1466",2020-08-27,"9",8,2020,"6",27
"1467",2020-08-27,"9",8,2020,"7",31
"1468",2020-08-27,"9",8,2020,"8",48
"1469",2020-08-27,"9",8,2020,"9",20
"1470",2020-08-27,"HBK",8,2020,"1",6
"1471",2020-08-27,"HBK",8,2020,"10",19
"1472",2020-08-27,"HBK",8,2020,"2",6
"1473",2020-08-27,"HBK",8,2020,"3",7
"1474",2020-08-27,"HBK",8,2020,"4",5
"1475",2020-08-27,"HBK",8,2020,"5",8
"1476",2020-08-27,"HBK",8,2020,"6",8
"1477",2020-08-27,"HBK",8,2020,"7",8
"1478",2020-08-27,"HBK",8,2020,"8",4
"1479",2020-08-27,"HBK",8,2020,"9",9
"1480",2020-09-03,"1",9,2020,"ST190881",29
"1481",2020-09-03,"1",9,2020,"ST190882",26
"1482",2020-09-03,"1",9,2020,"ST190883",34
"1483",2020-09-03,"1",9,2020,"ST190884",28
"1484",2020-09-03,"1",9,2020,"ST190885",29
"1485",2020-09-03,"6",9,2020,"ST190906",21
"1486",2020-09-03,"6",9,2020,"ST190907",25
"1487",2020-09-03,"6",9,2020,"ST190908",12
"1488",2020-09-03,"6",9,2020,"ST190909",27
"1489",2020-09-03,"6",9,2020,"ST190910",21
"1490",2020-09-03,"HBK",9,2020,"ST190916",47
"1491",2020-09-03,"HBK",9,2020,"ST190917",27
"1492",2020-09-03,"HBK",9,2020,"ST190918",26
"1493",2020-09-03,"HBK",9,2020,"ST190919",21
"1494",2020-09-03,"HBK",9,2020,"ST190920",22
"1495",2020-09-04,"1",9,2020,"1",10
"1496",2020-09-04,"1",9,2020,"2",10
"1497",2020-09-04,"1",9,2020,"3",28
"1498",2020-09-04,"1",9,2020,"4",2
"1499",2020-09-04,"1",9,2020,"5",14
"1500",2020-09-04,"1",9,2020,"6",28
"1501",2020-09-04,"1",9,2020,"7",40
"1502",2020-09-04,"1",9,2020,"8",8
"1503",2020-09-04,"1",9,2020,"9",12
"1504",2020-09-04,"2",9,2020,"1",32
"1505",2020-09-04,"2",9,2020,"10",32
"1506",2020-09-04,"2",9,2020,"2",36
"1507",2020-09-04,"2",9,2020,"3",70
"1508",2020-09-04,"2",9,2020,"4",44
"1509",2020-09-04,"2",9,2020,"5",16
"1510",2020-09-04,"2",9,2020,"6",44
"1511",2020-09-04,"2",9,2020,"7",14
"1512",2020-09-04,"2",9,2020,"8",12
"1513",2020-09-04,"2",9,2020,"9",36
"1514",2020-09-04,"3",9,2020,"1",22
"1515",2020-09-04,"3",9,2020,"10",30
"1516",2020-09-04,"3",9,2020,"2",36
"1517",2020-09-04,"3",9,2020,"3",25
"1518",2020-09-04,"3",9,2020,"4",30
"1519",2020-09-04,"3",9,2020,"5",63
"1520",2020-09-04,"3",9,2020,"6",39
"1521",2020-09-04,"3",9,2020,"7",28
"1522",2020-09-04,"3",9,2020,"8",25
"1523",2020-09-04,"3",9,2020,"9",22
"1524",2020-09-04,"4",9,2020,"1",22
"1525",2020-09-04,"4",9,2020,"10",30
"1526",2020-09-04,"4",9,2020,"2",36
"1527",2020-09-04,"4",9,2020,"3",25
"1528",2020-09-04,"4",9,2020,"4",30
"1529",2020-09-04,"4",9,2020,"5",63
"1530",2020-09-04,"4",9,2020,"6",39
"1531",2020-09-04,"4",9,2020,"7",28
"1532",2020-09-04,"4",9,2020,"8",25
"1533",2020-09-04,"4",9,2020,"9",22
"1534",2020-09-04,"6",9,2020,"1",16
"1535",2020-09-04,"6",9,2020,"10",8
"1536",2020-09-04,"6",9,2020,"2",14
"1537",2020-09-04,"6",9,2020,"3",22
"1538",2020-09-04,"6",9,2020,"4",6
"1539",2020-09-04,"6",9,2020,"5",12
"1540",2020-09-04,"6",9,2020,"6",16
"1541",2020-09-04,"6",9,2020,"7",12
"1542",2020-09-04,"6",9,2020,"8",16
"1543",2020-09-04,"6",9,2020,"9",26
"1544",2020-09-04,"9",9,2020,"1",22
"1545",2020-09-04,"9",9,2020,"10",16
"1546",2020-09-04,"9",9,2020,"2",28
"1547",2020-09-04,"9",9,2020,"3",28
"1548",2020-09-04,"9",9,2020,"4",14
"1549",2020-09-04,"9",9,2020,"5",24
"1550",2020-09-04,"9",9,2020,"6",17
"1551",2020-09-04,"9",9,2020,"7",34
"1552",2020-09-04,"9",9,2020,"8",47
"1553",2020-09-04,"9",9,2020,"9",10
"1554",2020-09-04,"HBK",9,2020,"1",43
"1555",2020-09-04,"HBK",9,2020,"10",25
"1556",2020-09-04,"HBK",9,2020,"2",37
"1557",2020-09-04,"HBK",9,2020,"3",15
"1558",2020-09-04,"HBK",9,2020,"4",16
"1559",2020-09-04,"HBK",9,2020,"5",17
"1560",2020-09-04,"HBK",9,2020,"6",27
"1561",2020-09-04,"HBK",9,2020,"7",21
"1562",2020-09-04,"HBK",9,2020,"8",11
"1563",2020-09-04,"HBK",9,2020,"9",11
"1564",2020-09-09,"1",9,2020,"ST190921",16
"1565",2020-09-09,"1",9,2020,"ST190922",10
"1566",2020-09-09,"1",9,2020,"ST190923",21
"1567",2020-09-09,"1",9,2020,"ST190924",27
"1568",2020-09-09,"1",9,2020,"ST190925",22
"1569",2020-09-09,"6",9,2020,"ST190946",12
"1570",2020-09-09,"6",9,2020,"ST190947",10
"1571",2020-09-09,"6",9,2020,"ST190948",18
"1572",2020-09-09,"6",9,2020,"ST190949",12
"1573",2020-09-09,"6",9,2020,"ST190950",24
"1574",2020-09-09,"HBK",9,2020,"ST190956",8
"1575",2020-09-09,"HBK",9,2020,"ST190957",20
"1576",2020-09-09,"HBK",9,2020,"ST190958",15
"1577",2020-09-09,"HBK",9,2020,"ST190959",13
"1578",2020-09-09,"HBK",9,2020,"ST190960",36
"1579",2020-09-10,"1",9,2020,"1",4
"1580",2020-09-10,"1",9,2020,"10",4
"1581",2020-09-10,"1",9,2020,"2",8
"1582",2020-09-10,"1",9,2020,"3",4
"1583",2020-09-10,"1",9,2020,"4",0
"1584",2020-09-10,"1",9,2020,"5",12
"1585",2020-09-10,"1",9,2020,"6",2
"1586",2020-09-10,"1",9,2020,"7",10
"1587",2020-09-10,"1",9,2020,"8",6
"1588",2020-09-10,"1",9,2020,"9",6
"1589",2020-09-10,"2",9,2020,"1",28
"1590",2020-09-10,"2",9,2020,"10",28
"1591",2020-09-10,"2",9,2020,"2",8
"1592",2020-09-10,"2",9,2020,"3",28
"1593",2020-09-10,"2",9,2020,"4",6
"1594",2020-09-10,"2",9,2020,"5",2
"1595",2020-09-10,"2",9,2020,"6",24
"1596",2020-09-10,"2",9,2020,"7",32
"1597",2020-09-10,"2",9,2020,"8",24
"1598",2020-09-10,"2",9,2020,"9",28
"1599",2020-09-10,"3",9,2020,"1",27
"1600",2020-09-10,"3",9,2020,"10",31
"1601",2020-09-10,"3",9,2020,"2",41
"1602",2020-09-10,"3",9,2020,"3",39
"1603",2020-09-10,"3",9,2020,"4",55
"1604",2020-09-10,"3",9,2020,"5",22
"1605",2020-09-10,"3",9,2020,"6",23
"1606",2020-09-10,"3",9,2020,"7",35
"1607",2020-09-10,"3",9,2020,"8",18
"1608",2020-09-10,"3",9,2020,"9",55
"1609",2020-09-10,"4",9,2020,"1",27
"1610",2020-09-10,"4",9,2020,"10",31
"1611",2020-09-10,"4",9,2020,"2",41
"1612",2020-09-10,"4",9,2020,"3",39
"1613",2020-09-10,"4",9,2020,"4",55
"1614",2020-09-10,"4",9,2020,"5",22
"1615",2020-09-10,"4",9,2020,"6",23
"1616",2020-09-10,"4",9,2020,"7",35
"1617",2020-09-10,"4",9,2020,"8",18
"1618",2020-09-10,"4",9,2020,"9",55
"1619",2020-09-10,"6",9,2020,"1",14
"1620",2020-09-10,"6",9,2020,"10",14
"1621",2020-09-10,"6",9,2020,"2",14
"1622",2020-09-10,"6",9,2020,"3",10
"1623",2020-09-10,"6",9,2020,"4",6
"1624",2020-09-10,"6",9,2020,"5",6
"1625",2020-09-10,"6",9,2020,"6",24
"1626",2020-09-10,"6",9,2020,"7",12
"1627",2020-09-10,"6",9,2020,"8",22
"1628",2020-09-10,"6",9,2020,"9",14
"1629",2020-09-10,"9",9,2020,"1",9
"1630",2020-09-10,"9",9,2020,"10",12
"1631",2020-09-10,"9",9,2020,"2",32
"1632",2020-09-10,"9",9,2020,"3",15
"1633",2020-09-10,"9",9,2020,"4",10
"1634",2020-09-10,"9",9,2020,"5",37
"1635",2020-09-10,"9",9,2020,"6",33
"1636",2020-09-10,"9",9,2020,"7",19
"1637",2020-09-10,"9",9,2020,"8",34
"1638",2020-09-10,"9",9,2020,"9",19
"1639",2020-09-10,"HBK",9,2020,"1",32
"1640",2020-09-10,"HBK",9,2020,"10",6
"1641",2020-09-10,"HBK",9,2020,"2",32
"1642",2020-09-10,"HBK",9,2020,"3",18
"1643",2020-09-10,"HBK",9,2020,"4",12
"1644",2020-09-10,"HBK",9,2020,"5",6
"1645",2020-09-10,"HBK",9,2020,"6",11
"1646",2020-09-10,"HBK",9,2020,"7",2
"1647",2020-09-10,"HBK",9,2020,"8",10
"1648",2020-09-10,"HBK",9,2020,"9",6
"1649",2020-09-16,"1",9,2020,"ST191961",15
"1650",2020-09-16,"1",9,2020,"ST191962",23
"1651",2020-09-16,"1",9,2020,"ST191963",17
"1652",2020-09-16,"1",9,2020,"ST191964",32
"1653",2020-09-16,"1",9,2020,"ST191965",23
"1654",2020-09-16,"6",9,2020,"ST191986",14
"1655",2020-09-16,"6",9,2020,"ST191987",18
"1656",2020-09-16,"6",9,2020,"ST191988",23
"1657",2020-09-16,"6",9,2020,"ST191989",19
"1658",2020-09-16,"6",9,2020,"ST191990",14
"1659",2020-09-16,"HBK",9,2020,"ST191000",15
"1660",2020-09-16,"HBK",9,2020,"ST191986",10
"1661",2020-09-16,"HBK",9,2020,"ST191996",25
"1662",2020-09-16,"HBK",9,2020,"ST191997",21
"1663",2020-09-16,"HBK",9,2020,"ST191998",8
"1664",2020-09-16,"HBK",9,2020,"ST191999",7
"1665",2020-09-17,"1",9,2020,"1",4
"1666",2020-09-17,"1",9,2020,"10",6
"1667",2020-09-17,"1",9,2020,"2",4
"1668",2020-09-17,"1",9,2020,"3",12
"1669",2020-09-17,"1",9,2020,"4",4
"1670",2020-09-17,"1",9,2020,"5",4
"1671",2020-09-17,"1",9,2020,"6",2
"1672",2020-09-17,"1",9,2020,"7",20
"1673",2020-09-17,"1",9,2020,"8",0
"1674",2020-09-17,"1",9,2020,"9",14
"1675",2020-09-17,"2",9,2020,"1",14
"1676",2020-09-17,"2",9,2020,"10",36
"1677",2020-09-17,"2",9,2020,"2",2
"1678",2020-09-17,"2",9,2020,"3",12
"1679",2020-09-17,"2",9,2020,"4",8
"1680",2020-09-17,"2",9,2020,"5",26
"1681",2020-09-17,"2",9,2020,"6",40
"1682",2020-09-17,"2",9,2020,"7",16
"1683",2020-09-17,"2",9,2020,"8",26
"1684",2020-09-17,"2",9,2020,"9",48
"1685",2020-09-17,"3",9,2020,"1",26
"1686",2020-09-17,"3",9,2020,"10",25
"1687",2020-09-17,"3",9,2020,"2",24
"1688",2020-09-17,"3",9,2020,"3",15
"1689",2020-09-17,"3",9,2020,"4",16
"1690",2020-09-17,"3",9,2020,"5",17
"1691",2020-09-17,"3",9,2020,"6",20
"1692",2020-09-17,"3",9,2020,"7",40
"1693",2020-09-17,"3",9,2020,"8",29
"1694",2020-09-17,"3",9,2020,"9",14
"1695",2020-09-17,"4",9,2020,"1",26
"1696",2020-09-17,"4",9,2020,"10",25
"1697",2020-09-17,"4",9,2020,"2",24
"1698",2020-09-17,"4",9,2020,"3",15
"1699",2020-09-17,"4",9,2020,"4",16
"1700",2020-09-17,"4",9,2020,"5",17
"1701",2020-09-17,"4",9,2020,"6",20
"1702",2020-09-17,"4",9,2020,"7",40
"1703",2020-09-17,"4",9,2020,"8",29
"1704",2020-09-17,"4",9,2020,"9",14
"1705",2020-09-17,"6",9,2020,"1",8
"1706",2020-09-17,"6",9,2020,"10",24
"1707",2020-09-17,"6",9,2020,"2",8
"1708",2020-09-17,"6",9,2020,"3",14
"1709",2020-09-17,"6",9,2020,"4",8
"1710",2020-09-17,"6",9,2020,"5",6
"1711",2020-09-17,"6",9,2020,"6",12
"1712",2020-09-17,"6",9,2020,"7",14
"1713",2020-09-17,"6",9,2020,"8",22
"1714",2020-09-17,"6",9,2020,"9",6
"1715",2020-09-17,"9",9,2020,"1",40
"1716",2020-09-17,"9",9,2020,"10",19
"1717",2020-09-17,"9",9,2020,"2",20
"1718",2020-09-17,"9",9,2020,"3",2
"1719",2020-09-17,"9",9,2020,"4",14
"1720",2020-09-17,"9",9,2020,"5",7
"1721",2020-09-17,"9",9,2020,"6",15
"1722",2020-09-17,"9",9,2020,"7",11
"1723",2020-09-17,"9",9,2020,"8",11
"1724",2020-09-17,"9",9,2020,"9",8
"1725",2020-09-17,"HBK",9,2020,"1",9
"1726",2020-09-17,"HBK",9,2020,"10",8
"1727",2020-09-17,"HBK",9,2020,"2",2
"1728",2020-09-17,"HBK",9,2020,"3",10
"1729",2020-09-17,"HBK",9,2020,"4",6
"1730",2020-09-17,"HBK",9,2020,"5",17
"1731",2020-09-17,"HBK",9,2020,"6",10
"1732",2020-09-17,"HBK",9,2020,"7",8
"1733",2020-09-17,"HBK",9,2020,"8",6
"1734",2020-09-17,"HBK",9,2020,"9",6
"1735",2020-09-23,"1",9,2020,"ST191001",20
"1736",2020-09-23,"1",9,2020,"ST191002",19
"1737",2020-09-23,"1",9,2020,"ST191003",20
"1738",2020-09-23,"1",9,2020,"ST191004",27
"1739",2020-09-23,"1",9,2020,"ST191005",10
"1740",2020-09-23,"3",9,2020,"ST191015",9
"1741",2020-09-23,"6",9,2020,"ST191026",24
"1742",2020-09-23,"6",9,2020,"ST191027",13
"1743",2020-09-23,"6",9,2020,"ST191028",32
"1744",2020-09-23,"6",9,2020,"ST191029",19
"1745",2020-09-23,"6",9,2020,"ST191030",25
"1746",2020-09-23,"HBK",9,2020,"ST191036",22
"1747",2020-09-23,"HBK",9,2020,"ST191037",14
"1748",2020-09-23,"HBK",9,2020,"ST191038",37
"1749",2020-09-23,"HBK",9,2020,"ST191039",13
"1750",2020-09-23,"HBK",9,2020,"ST191040",21
"1751",2020-09-24,"1",9,2020,"1",4
"1752",2020-09-24,"1",9,2020,"10",0
"1753",2020-09-24,"1",9,2020,"2",4
"1754",2020-09-24,"1",9,2020,"3",26
"1755",2020-09-24,"1",9,2020,"4",0
"1756",2020-09-24,"1",9,2020,"5",16
"1757",2020-09-24,"1",9,2020,"6",4
"1758",2020-09-24,"1",9,2020,"7",18
"1759",2020-09-24,"1",9,2020,"8",10
"1760",2020-09-24,"1",9,2020,"9",0
"1761",2020-09-24,"2",9,2020,"1",6
"1762",2020-09-24,"2",9,2020,"10",36
"1763",2020-09-24,"2",9,2020,"2",42
"1764",2020-09-24,"2",9,2020,"3",78
"1765",2020-09-24,"2",9,2020,"4",44
"1766",2020-09-24,"2",9,2020,"5",36
"1767",2020-09-24,"2",9,2020,"6",18
"1768",2020-09-24,"2",9,2020,"7",26
"1769",2020-09-24,"2",9,2020,"8",18
"1770",2020-09-24,"2",9,2020,"9",40
"1771",2020-09-24,"3",9,2020,"1",38
"1772",2020-09-24,"3",9,2020,"10",36
"1773",2020-09-24,"3",9,2020,"2",46
"1774",2020-09-24,"3",9,2020,"3",34
"1775",2020-09-24,"3",9,2020,"4",25
"1776",2020-09-24,"3",9,2020,"5",43
"1777",2020-09-24,"3",9,2020,"6",28
"1778",2020-09-24,"3",9,2020,"7",62
"1779",2020-09-24,"3",9,2020,"8",53
"1780",2020-09-24,"3",9,2020,"9",25
"1781",2020-09-24,"4",9,2020,"1",38
"1782",2020-09-24,"4",9,2020,"10",36
"1783",2020-09-24,"4",9,2020,"2",46
"1784",2020-09-24,"4",9,2020,"3",34
"1785",2020-09-24,"4",9,2020,"4",25
"1786",2020-09-24,"4",9,2020,"5",43
"1787",2020-09-24,"4",9,2020,"6",28
"1788",2020-09-24,"4",9,2020,"7",62
"1789",2020-09-24,"4",9,2020,"8",53
"1790",2020-09-24,"4",9,2020,"9",25
"1791",2020-09-24,"6",9,2020,"1",26
"1792",2020-09-24,"6",9,2020,"10",10
"1793",2020-09-24,"6",9,2020,"2",18
"1794",2020-09-24,"6",9,2020,"3",4
"1795",2020-09-24,"6",9,2020,"4",12
"1796",2020-09-24,"6",9,2020,"5",38
"1797",2020-09-24,"6",9,2020,"6",32
"1798",2020-09-24,"6",9,2020,"7",24
"1799",2020-09-24,"6",9,2020,"8",8
"1800",2020-09-24,"6",9,2020,"9",8
"1801",2020-09-24,"9",9,2020,"1",26
"1802",2020-09-24,"9",9,2020,"10",12
"1803",2020-09-24,"9",9,2020,"2",16
"1804",2020-09-24,"9",9,2020,"3",24
"1805",2020-09-24,"9",9,2020,"4",22
"1806",2020-09-24,"9",9,2020,"5",11
"1807",2020-09-24,"9",9,2020,"6",12
"1808",2020-09-24,"9",9,2020,"7",8
"1809",2020-09-24,"9",9,2020,"8",5
"1810",2020-09-24,"9",9,2020,"9",11
"1811",2020-09-24,"HBK",9,2020,"1",5
"1812",2020-09-24,"HBK",9,2020,"10",1
"1813",2020-09-24,"HBK",9,2020,"2",4
"1814",2020-09-24,"HBK",9,2020,"3",8
"1815",2020-09-24,"HBK",9,2020,"4",6
"1816",2020-09-24,"HBK",9,2020,"5",13
"1817",2020-09-24,"HBK",9,2020,"6",7
"1818",2020-09-24,"HBK",9,2020,"7",17
"1819",2020-09-24,"HBK",9,2020,"8",17
"1820",2020-09-24,"HBK",9,2020,"9",5
"1821",2020-09-30,"1",9,2020,"ST191041",16
"1822",2020-09-30,"1",9,2020,"ST191042",7
"1823",2020-09-30,"1",9,2020,"ST191043",17
"1824",2020-09-30,"1",9,2020,"ST191044",11
"1825",2020-09-30,"1",9,2020,"ST191045",26
"1826",2020-09-30,"6",9,2020,"ST191066",16
"1827",2020-09-30,"6",9,2020,"ST191067",14
"1828",2020-09-30,"6",9,2020,"ST191068",14
"1829",2020-09-30,"6",9,2020,"ST191069",20
"1830",2020-09-30,"6",9,2020,"ST191070",13
"1831",2020-09-30,"HBK",9,2020,"ST191076",23
"1832",2020-09-30,"HBK",9,2020,"ST191077",22
"1833",2020-09-30,"HBK",9,2020,"ST191078",27
"1834",2020-09-30,"HBK",9,2020,"ST191079",32
"1835",2020-09-30,"HBK",9,2020,"ST191080",19
"1836",2020-10-01,"1",10,2020,"1",18
"1837",2020-10-01,"1",10,2020,"10",12
"1838",2020-10-01,"1",10,2020,"2",10
"1839",2020-10-01,"1",10,2020,"3",22
"1840",2020-10-01,"1",10,2020,"4",10
"1841",2020-10-01,"1",10,2020,"5",26
"1842",2020-10-01,"1",10,2020,"6",8
"1843",2020-10-01,"1",10,2020,"7",14
"1844",2020-10-01,"1",10,2020,"8",12
"1845",2020-10-01,"1",10,2020,"9",32
"1846",2020-10-01,"2",10,2020,"1",26
"1847",2020-10-01,"2",10,2020,"10",44
"1848",2020-10-01,"2",10,2020,"2",46
"1849",2020-10-01,"2",10,2020,"3",42
"1850",2020-10-01,"2",10,2020,"4",38
"1851",2020-10-01,"2",10,2020,"5",24
"1852",2020-10-01,"2",10,2020,"6",24
"1853",2020-10-01,"2",10,2020,"7",30
"1854",2020-10-01,"2",10,2020,"8",28
"1855",2020-10-01,"2",10,2020,"9",42
"1856",2020-10-01,"3",10,2020,"1",44
"1857",2020-10-01,"3",10,2020,"10",51
"1858",2020-10-01,"3",10,2020,"2",46
"1859",2020-10-01,"3",10,2020,"3",22
"1860",2020-10-01,"3",10,2020,"4",25
"1861",2020-10-01,"3",10,2020,"5",37
"1862",2020-10-01,"3",10,2020,"6",38
"1863",2020-10-01,"3",10,2020,"7",35
"1864",2020-10-01,"3",10,2020,"8",38
"1865",2020-10-01,"3",10,2020,"9",45
"1866",2020-10-01,"4",10,2020,"1",44
"1867",2020-10-01,"4",10,2020,"10",51
"1868",2020-10-01,"4",10,2020,"2",46
"1869",2020-10-01,"4",10,2020,"3",22
"1870",2020-10-01,"4",10,2020,"4",25
"1871",2020-10-01,"4",10,2020,"5",37
"1872",2020-10-01,"4",10,2020,"6",38
"1873",2020-10-01,"4",10,2020,"7",35
"1874",2020-10-01,"4",10,2020,"8",38
"1875",2020-10-01,"4",10,2020,"9",45
"1876",2020-10-01,"6",10,2020,"1",16
"1877",2020-10-01,"6",10,2020,"10",16
"1878",2020-10-01,"6",10,2020,"2",26
"1879",2020-10-01,"6",10,2020,"3",12
"1880",2020-10-01,"6",10,2020,"4",18
"1881",2020-10-01,"6",10,2020,"5",12
"1882",2020-10-01,"6",10,2020,"6",28
"1883",2020-10-01,"6",10,2020,"7",20
"1884",2020-10-01,"6",10,2020,"8",28
"1885",2020-10-01,"6",10,2020,"9",6
"1886",2020-10-01,"9",10,2020,"1",25
"1887",2020-10-01,"9",10,2020,"10",13
"1888",2020-10-01,"9",10,2020,"2",31
"1889",2020-10-01,"9",10,2020,"3",8
"1890",2020-10-01,"9",10,2020,"4",12
"1891",2020-10-01,"9",10,2020,"5",38
"1892",2020-10-01,"9",10,2020,"6",42
"1893",2020-10-01,"9",10,2020,"7",20
"1894",2020-10-01,"9",10,2020,"8",16
"1895",2020-10-01,"9",10,2020,"9",4
"1896",2020-10-01,"HBK",10,2020,"1",8
"1897",2020-10-01,"HBK",10,2020,"10",15
"1898",2020-10-01,"HBK",10,2020,"2",8
"1899",2020-10-01,"HBK",10,2020,"3",5
"1900",2020-10-01,"HBK",10,2020,"4",4
"1901",2020-10-01,"HBK",10,2020,"5",12
"1902",2020-10-01,"HBK",10,2020,"6",5
"1903",2020-10-01,"HBK",10,2020,"7",9
"1904",2020-10-01,"HBK",10,2020,"8",10
"1905",2020-10-01,"HBK",10,2020,"9",10
"1906",2020-10-07,"1",10,2020,"ST191081",23
"1907",2020-10-07,"1",10,2020,"ST191082",30
"1908",2020-10-07,"1",10,2020,"ST191083",17
"1909",2020-10-07,"1",10,2020,"ST191084",32
"1910",2020-10-07,"1",10,2020,"ST191085",29
"1911",2020-10-07,"6",10,2020,"ST191106",9
"1912",2020-10-07,"6",10,2020,"ST191107",18
"1913",2020-10-07,"6",10,2020,"ST191108",26
"1914",2020-10-07,"6",10,2020,"ST191109",22
"1915",2020-10-07,"6",10,2020,"ST191110",12
"1916",2020-10-07,"HBK",10,2020,"ST191116",17
"1917",2020-10-07,"HBK",10,2020,"ST191117",11
"1918",2020-10-07,"HBK",10,2020,"ST191118",11
"1919",2020-10-07,"HBK",10,2020,"ST191119",13
"1920",2020-10-07,"HBK",10,2020,"ST191120",20
"1921",2020-10-08,"1",10,2020,"1",2
"1922",2020-10-08,"1",10,2020,"10",12
"1923",2020-10-08,"1",10,2020,"2",2
"1924",2020-10-08,"1",10,2020,"3",6
"1925",2020-10-08,"1",10,2020,"4",20
"1926",2020-10-08,"1",10,2020,"5",14
"1927",2020-10-08,"1",10,2020,"6",16
"1928",2020-10-08,"1",10,2020,"7",20
"1929",2020-10-08,"1",10,2020,"8",48
"1930",2020-10-08,"1",10,2020,"9",18
"1931",2020-10-08,"2",10,2020,"1",16
"1932",2020-10-08,"2",10,2020,"10",44
"1933",2020-10-08,"2",10,2020,"2",24
"1934",2020-10-08,"2",10,2020,"3",20
"1935",2020-10-08,"2",10,2020,"4",22
"1936",2020-10-08,"2",10,2020,"5",48
"1937",2020-10-08,"2",10,2020,"6",70
"1938",2020-10-08,"2",10,2020,"7",54
"1939",2020-10-08,"2",10,2020,"8",38
"1940",2020-10-08,"2",10,2020,"9",32
"1941",2020-10-08,"3",10,2020,"1",15
"1942",2020-10-08,"3",10,2020,"10",32
"1943",2020-10-08,"3",10,2020,"2",17
"1944",2020-10-08,"3",10,2020,"3",25
"1945",2020-10-08,"3",10,2020,"4",26
"1946",2020-10-08,"3",10,2020,"5",24
"1947",2020-10-08,"3",10,2020,"6",24
"1948",2020-10-08,"3",10,2020,"7",26
"1949",2020-10-08,"3",10,2020,"8",29
"1950",2020-10-08,"3",10,2020,"9",26
"1951",2020-10-08,"4",10,2020,"1",15
"1952",2020-10-08,"4",10,2020,"10",32
"1953",2020-10-08,"4",10,2020,"2",17
"1954",2020-10-08,"4",10,2020,"3",25
"1955",2020-10-08,"4",10,2020,"4",26
"1956",2020-10-08,"4",10,2020,"5",24
"1957",2020-10-08,"4",10,2020,"6",24
"1958",2020-10-08,"4",10,2020,"7",26
"1959",2020-10-08,"4",10,2020,"8",29
"1960",2020-10-08,"4",10,2020,"9",26
"1961",2020-10-08,"6",10,2020,"1",6
"1962",2020-10-08,"6",10,2020,"10",66
"1963",2020-10-08,"6",10,2020,"2",4
"1964",2020-10-08,"6",10,2020,"3",8
"1965",2020-10-08,"6",10,2020,"4",8
"1966",2020-10-08,"6",10,2020,"5",26
"1967",2020-10-08,"6",10,2020,"6",10
"1968",2020-10-08,"6",10,2020,"7",16
"1969",2020-10-08,"6",10,2020,"8",24
"1970",2020-10-08,"6",10,2020,"9",34
"1971",2020-10-08,"9",10,2020,"1",24
"1972",2020-10-08,"9",10,2020,"10",4
"1973",2020-10-08,"9",10,2020,"2",4
"1974",2020-10-08,"9",10,2020,"3",14
"1975",2020-10-08,"9",10,2020,"4",23
"1976",2020-10-08,"9",10,2020,"5",20
"1977",2020-10-08,"9",10,2020,"6",19
"1978",2020-10-08,"9",10,2020,"7",14
"1979",2020-10-08,"9",10,2020,"8",32
"1980",2020-10-08,"9",10,2020,"9",60
"1981",2020-10-08,"HBK",10,2020,"1",6
"1982",2020-10-08,"HBK",10,2020,"10",15
"1983",2020-10-08,"HBK",10,2020,"2",5
"1984",2020-10-08,"HBK",10,2020,"3",17
"1985",2020-10-08,"HBK",10,2020,"4",18
"1986",2020-10-08,"HBK",10,2020,"5",9
"1987",2020-10-08,"HBK",10,2020,"6",9
"1988",2020-10-08,"HBK",10,2020,"7",13
"1989",2020-10-08,"HBK",10,2020,"8",10
"1990",2020-10-08,"HBK",10,2020,"9",7
"1991",2020-10-15,"1",10,2020,"1",14
"1992",2020-10-15,"1",10,2020,"10",4
"1993",2020-10-15,"1",10,2020,"2",4
"1994",2020-10-15,"1",10,2020,"3",30
"1995",2020-10-15,"1",10,2020,"4",14
"1996",2020-10-15,"1",10,2020,"5",34
"1997",2020-10-15,"1",10,2020,"6",14
"1998",2020-10-15,"1",10,2020,"7",4
"1999",2020-10-15,"1",10,2020,"8",24
"2000",2020-10-15,"1",10,2020,"9",28
"2001",2020-10-15,"1",10,2020,"ST191121",27
"2002",2020-10-15,"1",10,2020,"ST191122",45
"2003",2020-10-15,"1",10,2020,"ST191123",39
"2004",2020-10-15,"1",10,2020,"ST191124",40
"2005",2020-10-15,"1",10,2020,"ST191125",31
"2006",2020-10-15,"2",10,2020,"1",70
"2007",2020-10-15,"2",10,2020,"10",30
"2008",2020-10-15,"2",10,2020,"2",44
"2009",2020-10-15,"2",10,2020,"3",54
"2010",2020-10-15,"2",10,2020,"4",66
"2011",2020-10-15,"2",10,2020,"5",46
"2012",2020-10-15,"2",10,2020,"6",58
"2013",2020-10-15,"2",10,2020,"7",56
"2014",2020-10-15,"2",10,2020,"8",58
"2015",2020-10-15,"2",10,2020,"9",72
"2016",2020-10-15,"3",10,2020,"1",27
"2017",2020-10-15,"3",10,2020,"10",22
"2018",2020-10-15,"3",10,2020,"2",14
"2019",2020-10-15,"3",10,2020,"3",45
"2020",2020-10-15,"3",10,2020,"4",19
"2021",2020-10-15,"3",10,2020,"5",34
"2022",2020-10-15,"3",10,2020,"6",42
"2023",2020-10-15,"3",10,2020,"7",11
"2024",2020-10-15,"3",10,2020,"8",21
"2025",2020-10-15,"3",10,2020,"9",28
"2026",2020-10-15,"4",10,2020,"1",27
"2027",2020-10-15,"4",10,2020,"10",22
"2028",2020-10-15,"4",10,2020,"2",14
"2029",2020-10-15,"4",10,2020,"3",45
"2030",2020-10-15,"4",10,2020,"4",19
"2031",2020-10-15,"4",10,2020,"5",34
"2032",2020-10-15,"4",10,2020,"6",42
"2033",2020-10-15,"4",10,2020,"7",11
"2034",2020-10-15,"4",10,2020,"8",21
"2035",2020-10-15,"4",10,2020,"9",28
"2036",2020-10-15,"6",10,2020,"1",20
"2037",2020-10-15,"6",10,2020,"10",0
"2038",2020-10-15,"6",10,2020,"2",24
"2039",2020-10-15,"6",10,2020,"3",14
"2040",2020-10-15,"6",10,2020,"4",16
"2041",2020-10-15,"6",10,2020,"5",12
"2042",2020-10-15,"6",10,2020,"6",16
"2043",2020-10-15,"6",10,2020,"7",8
"2044",2020-10-15,"6",10,2020,"8",16
"2045",2020-10-15,"6",10,2020,"9",0
"2046",2020-10-15,"6",10,2020,"ST191146",39
"2047",2020-10-15,"6",10,2020,"ST191147",33
"2048",2020-10-15,"6",10,2020,"ST191148",24
"2049",2020-10-15,"6",10,2020,"ST191149",21
"2050",2020-10-15,"6",10,2020,"ST191150",20
"2051",2020-10-15,"9",10,2020,"1",32
"2052",2020-10-15,"9",10,2020,"10",12
"2053",2020-10-15,"9",10,2020,"2",18
"2054",2020-10-15,"9",10,2020,"3",14
"2055",2020-10-15,"9",10,2020,"4",58
"2056",2020-10-15,"9",10,2020,"5",24
"2057",2020-10-15,"9",10,2020,"6",26
"2058",2020-10-15,"9",10,2020,"7",42
"2059",2020-10-15,"9",10,2020,"8",22
"2060",2020-10-15,"9",10,2020,"9",8
"2061",2020-10-15,"HBK",10,2020,"1",12
"2062",2020-10-15,"HBK",10,2020,"10",13
"2063",2020-10-15,"HBK",10,2020,"2",8
"2064",2020-10-15,"HBK",10,2020,"3",10
"2065",2020-10-15,"HBK",10,2020,"4",8
"2066",2020-10-15,"HBK",10,2020,"5",18
"2067",2020-10-15,"HBK",10,2020,"6",10
"2068",2020-10-15,"HBK",10,2020,"7",15
"2069",2020-10-15,"HBK",10,2020,"8",10
"2070",2020-10-15,"HBK",10,2020,"9",10
"2071",2020-10-15,"HBK",10,2020,"ST191156",28
"2072",2020-10-15,"HBK",10,2020,"ST191157",23
"2073",2020-10-15,"HBK",10,2020,"ST191158",24
"2074",2020-10-15,"HBK",10,2020,"ST191159",41
"2075",2020-10-15,"HBK",10,2020,"ST191160",36
"2076",2020-10-21,"1",10,2020,"ST191161",67
"2077",2020-10-21,"1",10,2020,"ST191162",24
"2078",2020-10-21,"1",10,2020,"ST191163",62
"2079",2020-10-21,"1",10,2020,"ST191164",46
"2080",2020-10-21,"1",10,2020,"ST191165",52
"2081",2020-10-21,"6",10,2020,"ST191186",28
"2082",2020-10-21,"6",10,2020,"ST191187",24
"2083",2020-10-21,"6",10,2020,"ST191188",73
"2084",2020-10-21,"6",10,2020,"ST191189",38
"2085",2020-10-21,"6",10,2020,"ST191190",44
"2086",2020-10-21,"HBK",10,2020,"ST191196",22
"2087",2020-10-21,"HBK",10,2020,"ST191197",18
"2088",2020-10-21,"HBK",10,2020,"ST191198",11
"2089",2020-10-21,"HBK",10,2020,"ST191199",31
"2090",2020-10-21,"HBK",10,2020,"ST191200",48
"2091",2020-10-22,"1",10,2020,"1",4
"2092",2020-10-22,"1",10,2020,"10",26
"2093",2020-10-22,"1",10,2020,"2",30
"2094",2020-10-22,"1",10,2020,"3",20
"2095",2020-10-22,"1",10,2020,"4",28
"2096",2020-10-22,"1",10,2020,"5",6
"2097",2020-10-22,"1",10,2020,"6",30
"2098",2020-10-22,"1",10,2020,"7",26
"2099",2020-10-22,"1",10,2020,"8",32
"2100",2020-10-22,"1",10,2020,"9",16
"2101",2020-10-22,"2",10,2020,"1",16
"2102",2020-10-22,"2",10,2020,"10",18
"2103",2020-10-22,"2",10,2020,"2",18
"2104",2020-10-22,"2",10,2020,"3",48
"2105",2020-10-22,"2",10,2020,"4",45
"2106",2020-10-22,"2",10,2020,"5",28
"2107",2020-10-22,"2",10,2020,"6",14
"2108",2020-10-22,"2",10,2020,"7",26
"2109",2020-10-22,"2",10,2020,"8",22
"2110",2020-10-22,"2",10,2020,"9",16
"2111",2020-10-22,"3",10,2020,"1",6
"2112",2020-10-22,"3",10,2020,"10",11
"2113",2020-10-22,"3",10,2020,"2",6
"2114",2020-10-22,"3",10,2020,"3",9
"2115",2020-10-22,"3",10,2020,"4",15
"2116",2020-10-22,"3",10,2020,"5",29
"2117",2020-10-22,"3",10,2020,"6",27
"2118",2020-10-22,"3",10,2020,"7",10
"2119",2020-10-22,"3",10,2020,"8",5
"2120",2020-10-22,"3",10,2020,"9",5
"2121",2020-10-22,"4",10,2020,"1",6
"2122",2020-10-22,"4",10,2020,"10",11
"2123",2020-10-22,"4",10,2020,"2",6
"2124",2020-10-22,"4",10,2020,"3",9
"2125",2020-10-22,"4",10,2020,"4",15
"2126",2020-10-22,"4",10,2020,"5",29
"2127",2020-10-22,"4",10,2020,"6",27
"2128",2020-10-22,"4",10,2020,"7",10
"2129",2020-10-22,"4",10,2020,"8",5
"2130",2020-10-22,"4",10,2020,"9",5
"2131",2020-10-22,"6",10,2020,"1",2
"2132",2020-10-22,"6",10,2020,"10",10
"2133",2020-10-22,"6",10,2020,"2",16
"2134",2020-10-22,"6",10,2020,"3",2
"2135",2020-10-22,"6",10,2020,"4",8
"2136",2020-10-22,"6",10,2020,"5",6
"2137",2020-10-22,"6",10,2020,"6",12
"2138",2020-10-22,"6",10,2020,"7",18
"2139",2020-10-22,"6",10,2020,"8",10
"2140",2020-10-22,"6",10,2020,"9",14
"2141",2020-10-22,"9",10,2020,"1",18
"2142",2020-10-22,"9",10,2020,"10",8
"2143",2020-10-22,"9",10,2020,"2",12
"2144",2020-10-22,"9",10,2020,"3",2
"2145",2020-10-22,"9",10,2020,"4",6
"2146",2020-10-22,"9",10,2020,"5",6
"2147",2020-10-22,"9",10,2020,"6",10
"2148",2020-10-22,"9",10,2020,"7",16
"2149",2020-10-22,"9",10,2020,"8",4
"2150",2020-10-22,"9",10,2020,"9",8
"2151",2020-10-22,"HBK",10,2020,"1",4
"2152",2020-10-22,"HBK",10,2020,"10",2
"2153",2020-10-22,"HBK",10,2020,"2",5
"2154",2020-10-22,"HBK",10,2020,"3",4
"2155",2020-10-22,"HBK",10,2020,"4",5
"2156",2020-10-22,"HBK",10,2020,"5",5
"2157",2020-10-22,"HBK",10,2020,"6",4
"2158",2020-10-22,"HBK",10,2020,"7",9
"2159",2020-10-22,"HBK",10,2020,"8",4
"2160",2020-10-22,"HBK",10,2020,"9",2
"2161",2020-10-28,"1",10,2020,"ST191201",58
"2162",2020-10-28,"1",10,2020,"ST191202",82
"2163",2020-10-28,"1",10,2020,"ST191203",137
"2164",2020-10-28,"1",10,2020,"ST191204",87
"2165",2020-10-28,"1",10,2020,"ST191205",75
"2166",2020-10-28,"6",10,2020,"ST191226",107
"2167",2020-10-28,"6",10,2020,"ST191227",216
"2168",2020-10-28,"6",10,2020,"ST191228",108
"2169",2020-10-28,"6",10,2020,"ST191229",73
"2170",2020-10-28,"6",10,2020,"ST191230",82
"2171",2020-10-28,"HBK",10,2020,"ST191236",11
"2172",2020-10-28,"HBK",10,2020,"ST191237",36
"2173",2020-10-28,"HBK",10,2020,"ST191238",16
"2174",2020-10-28,"HBK",10,2020,"ST191239",37
"2175",2020-10-28,"HBK",10,2020,"ST191240",22
"2176",2020-10-29,"2",10,2020,"1",8
"2177",2020-10-29,"2",10,2020,"10",0
"2178",2020-10-29,"2",10,2020,"2",8
"2179",2020-10-29,"2",10,2020,"3",6
"2180",2020-10-29,"2",10,2020,"4",24
"2181",2020-10-29,"2",10,2020,"5",8
"2182",2020-10-29,"2",10,2020,"6",2
"2183",2020-10-29,"2",10,2020,"7",0
"2184",2020-10-29,"2",10,2020,"8",0
"2185",2020-10-29,"2",10,2020,"9",0
"2186",2020-10-29,"3",10,2020,"1",1
"2187",2020-10-29,"3",10,2020,"10",4
"2188",2020-10-29,"3",10,2020,"2",1
"2189",2020-10-29,"3",10,2020,"3",4
"2190",2020-10-29,"3",10,2020,"4",5
"2191",2020-10-29,"3",10,2020,"5",2
"2192",2020-10-29,"3",10,2020,"6",2
"2193",2020-10-29,"3",10,2020,"7",0
"2194",2020-10-29,"3",10,2020,"8",1
"2195",2020-10-29,"3",10,2020,"9",3
"2196",2020-10-29,"4",10,2020,"1",1
"2197",2020-10-29,"4",10,2020,"10",4
"2198",2020-10-29,"4",10,2020,"2",1
"2199",2020-10-29,"4",10,2020,"3",4
"2200",2020-10-29,"4",10,2020,"4",5
"2201",2020-10-29,"4",10,2020,"5",2
"2202",2020-10-29,"4",10,2020,"6",2
"2203",2020-10-29,"4",10,2020,"7",0
"2204",2020-10-29,"4",10,2020,"8",1
"2205",2020-10-29,"4",10,2020,"9",3
"2206",2020-10-29,"6",10,2020,"1",10
"2207",2020-10-29,"6",10,2020,"10",2
"2208",2020-10-29,"6",10,2020,"2",4
"2209",2020-10-29,"6",10,2020,"3",4
"2210",2020-10-29,"6",10,2020,"4",4
"2211",2020-10-29,"6",10,2020,"5",2
"2212",2020-10-29,"6",10,2020,"6",0
"2213",2020-10-29,"6",10,2020,"7",6
"2214",2020-10-29,"6",10,2020,"8",0
"2215",2020-10-29,"6",10,2020,"9",2
"2216",2020-10-29,"9",10,2020,"1",3
"2217",2020-10-29,"9",10,2020,"10",4
"2218",2020-10-29,"9",10,2020,"2",2
"2219",2020-10-29,"9",10,2020,"3",4
"2220",2020-10-29,"9",10,2020,"4",4
"2221",2020-10-29,"9",10,2020,"5",2
"2222",2020-10-29,"9",10,2020,"6",2
"2223",2020-10-29,"9",10,2020,"7",14
"2224",2020-10-29,"9",10,2020,"8",2
"2225",2020-10-29,"9",10,2020,"9",3
"2226",2020-10-29,"HBK",10,2020,"1",5
"2227",2020-10-29,"HBK",10,2020,"10",2
"2228",2020-10-29,"HBK",10,2020,"2",0
"2229",2020-10-29,"HBK",10,2020,"3",2
"2230",2020-10-29,"HBK",10,2020,"4",3
"2231",2020-10-29,"HBK",10,2020,"5",1
"2232",2020-10-29,"HBK",10,2020,"6",2
"2233",2020-10-29,"HBK",10,2020,"7",2
"2234",2020-10-29,"HBK",10,2020,"8",0
"2235",2020-10-29,"HBK",10,2020,"9",1
"2236",2020-11-04,"1",11,2020,"ST191241",69
"2237",2020-11-04,"1",11,2020,"ST191242",45
"2238",2020-11-04,"1",11,2020,"ST191243",47
"2239",2020-11-04,"1",11,2020,"ST191244",56
"2240",2020-11-04,"1",11,2020,"ST191245",22
"2241",2020-11-04,"6",11,2020,"ST191266",61
"2242",2020-11-04,"6",11,2020,"ST191267",33
"2243",2020-11-04,"6",11,2020,"ST191268",49
"2244",2020-11-04,"6",11,2020,"ST191269",93
"2245",2020-11-04,"6",11,2020,"ST191270",60
"2246",2020-11-04,"HBK",11,2020,"ST191276",16
"2247",2020-11-04,"HBK",11,2020,"ST191277",20
"2248",2020-11-04,"HBK",11,2020,"ST191278",19
"2249",2020-11-04,"HBK",11,2020,"ST191279",11
"2250",2020-11-04,"HBK",11,2020,"ST191280",18
"2251",2020-11-05,"2",11,2020,"1",34
"2252",2020-11-05,"2",11,2020,"10",16
"2253",2020-11-05,"2",11,2020,"2",22
"2254",2020-11-05,"2",11,2020,"3",12
"2255",2020-11-05,"2",11,2020,"4",20
"2256",2020-11-05,"2",11,2020,"5",20
"2257",2020-11-05,"2",11,2020,"6",46
"2258",2020-11-05,"2",11,2020,"7",28
"2259",2020-11-05,"2",11,2020,"8",38
"2260",2020-11-05,"2",11,2020,"9",24
"2261",2020-11-05,"3",11,2020,"1",11
"2262",2020-11-05,"3",11,2020,"10",2
"2263",2020-11-05,"3",11,2020,"2",3
"2264",2020-11-05,"3",11,2020,"3",3
"2265",2020-11-05,"3",11,2020,"4",6
"2266",2020-11-05,"3",11,2020,"5",8
"2267",2020-11-05,"3",11,2020,"6",10
"2268",2020-11-05,"3",11,2020,"7",6
"2269",2020-11-05,"3",11,2020,"8",9
"2270",2020-11-05,"3",11,2020,"9",10
"2271",2020-11-05,"4",11,2020,"1",11
"2272",2020-11-05,"4",11,2020,"10",2
"2273",2020-11-05,"4",11,2020,"2",3
"2274",2020-11-05,"4",11,2020,"3",3
"2275",2020-11-05,"4",11,2020,"4",6
"2276",2020-11-05,"4",11,2020,"5",8
"2277",2020-11-05,"4",11,2020,"6",10
"2278",2020-11-05,"4",11,2020,"7",6
"2279",2020-11-05,"4",11,2020,"8",9
"2280",2020-11-05,"4",11,2020,"9",10
"2281",2020-11-05,"6",11,2020,"1",14
"2282",2020-11-05,"6",11,2020,"10",6
"2283",2020-11-05,"6",11,2020,"2",6
"2284",2020-11-05,"6",11,2020,"3",0
"2285",2020-11-05,"6",11,2020,"4",16
"2286",2020-11-05,"6",11,2020,"5",18
"2287",2020-11-05,"6",11,2020,"6",8
"2288",2020-11-05,"6",11,2020,"7",12
"2289",2020-11-05,"6",11,2020,"8",14
"2290",2020-11-05,"6",11,2020,"9",8
"2291",2020-11-05,"9",11,2020,"1",6
"2292",2020-11-05,"9",11,2020,"10",4
"2293",2020-11-05,"9",11,2020,"2",8
"2294",2020-11-05,"9",11,2020,"3",2
"2295",2020-11-05,"9",11,2020,"4",12
"2296",2020-11-05,"9",11,2020,"5",10
"2297",2020-11-05,"9",11,2020,"6",3
"2298",2020-11-05,"9",11,2020,"7",4
"2299",2020-11-05,"9",11,2020,"8",8
"2300",2020-11-05,"9",11,2020,"9",2
"2301",2020-11-05,"HBK",11,2020,"1",2
"2302",2020-11-05,"HBK",11,2020,"10",1
"2303",2020-11-05,"HBK",11,2020,"2",5
"2304",2020-11-05,"HBK",11,2020,"3",4
"2305",2020-11-05,"HBK",11,2020,"4",2
"2306",2020-11-05,"HBK",11,2020,"5",1
"2307",2020-11-05,"HBK",11,2020,"6",3
"2308",2020-11-05,"HBK",11,2020,"7",3
"2309",2020-11-05,"HBK",11,2020,"8",3
"2310",2020-11-05,"HBK",11,2020,"9",3
"2311",2020-11-11,"1",11,2020,"ST191281",11
"2312",2020-11-11,"1",11,2020,"ST191282",14
"2313",2020-11-11,"1",11,2020,"ST191283",17
"2314",2020-11-11,"1",11,2020,"ST191284",7
"2315",2020-11-11,"1",11,2020,"ST191285",12
"2316",2020-11-11,"6",11,2020,"ST191306",8
"2317",2020-11-11,"6",11,2020,"ST191307",12
"2318",2020-11-11,"6",11,2020,"ST191308",9
"2319",2020-11-11,"6",11,2020,"ST191309",16
"2320",2020-11-11,"6",11,2020,"ST191310",15
"2321",2020-11-11,"HBK",11,2020,"ST191316",2
"2322",2020-11-11,"HBK",11,2020,"ST191317",3
"2323",2020-11-11,"HBK",11,2020,"ST191318",4
"2324",2020-11-11,"HBK",11,2020,"ST191319",5
"2325",2020-11-11,"HBK",11,2020,"ST191320",3
"2326",2020-11-12,"2",11,2020,"1",62
"2327",2020-11-12,"2",11,2020,"10",14
"2328",2020-11-12,"2",11,2020,"2",104
"2329",2020-11-12,"2",11,2020,"3",34
"2330",2020-11-12,"2",11,2020,"4",18
"2331",2020-11-12,"2",11,2020,"5",30
"2332",2020-11-12,"2",11,2020,"6",28
"2333",2020-11-12,"2",11,2020,"7",26
"2334",2020-11-12,"2",11,2020,"8",14
"2335",2020-11-12,"2",11,2020,"9",10
"2336",2020-11-12,"3",11,2020,"1",8
"2337",2020-11-12,"3",11,2020,"10",3
"2338",2020-11-12,"3",11,2020,"2",8
"2339",2020-11-12,"3",11,2020,"3",16
"2340",2020-11-12,"3",11,2020,"4",19
"2341",2020-11-12,"3",11,2020,"5",4
"2342",2020-11-12,"3",11,2020,"6",6
"2343",2020-11-12,"3",11,2020,"7",31
"2344",2020-11-12,"3",11,2020,"8",8
"2345",2020-11-12,"3",11,2020,"9",3
"2346",2020-11-12,"4",11,2020,"1",8
"2347",2020-11-12,"4",11,2020,"10",3
"2348",2020-11-12,"4",11,2020,"2",8
"2349",2020-11-12,"4",11,2020,"3",16
"2350",2020-11-12,"4",11,2020,"4",19
"2351",2020-11-12,"4",11,2020,"5",4
"2352",2020-11-12,"4",11,2020,"6",6
"2353",2020-11-12,"4",11,2020,"7",31
"2354",2020-11-12,"4",11,2020,"8",8
"2355",2020-11-12,"4",11,2020,"9",3
"2356",2020-11-12,"6",11,2020,"1",10
"2357",2020-11-12,"6",11,2020,"10",28
"2358",2020-11-12,"6",11,2020,"2",12
"2359",2020-11-12,"6",11,2020,"3",18
"2360",2020-11-12,"6",11,2020,"4",18
"2361",2020-11-12,"6",11,2020,"5",14
"2362",2020-11-12,"6",11,2020,"6",18
"2363",2020-11-12,"6",11,2020,"7",10
"2364",2020-11-12,"6",11,2020,"8",20
"2365",2020-11-12,"6",11,2020,"9",22
"2366",2020-11-12,"9",11,2020,"1",10
"2367",2020-11-12,"9",11,2020,"10",13
"2368",2020-11-12,"9",11,2020,"2",32
"2369",2020-11-12,"9",11,2020,"3",5
"2370",2020-11-12,"9",11,2020,"4",2
"2371",2020-11-12,"9",11,2020,"5",20
"2372",2020-11-12,"9",11,2020,"6",0
"2373",2020-11-12,"9",11,2020,"7",20
"2374",2020-11-12,"9",11,2020,"8",8
"2375",2020-11-12,"9",11,2020,"9",22
"2376",2020-11-12,"HBK",11,2020,"1",2
"2377",2020-11-12,"HBK",11,2020,"10",3
"2378",2020-11-12,"HBK",11,2020,"2",3
"2379",2020-11-12,"HBK",11,2020,"3",3
"2380",2020-11-12,"HBK",11,2020,"4",4
"2381",2020-11-12,"HBK",11,2020,"5",6
"2382",2020-11-12,"HBK",11,2020,"6",6
"2383",2020-11-12,"HBK",11,2020,"7",5
"2384",2020-11-12,"HBK",11,2020,"8",4
"2385",2020-11-12,"HBK",11,2020,"9",3
"2386",2020-11-18,"1",11,2020,"ST191321",2
"2387",2020-11-25,"1",11,2020,"ST191361",6
"2388",2020-11-25,"1",11,2020,"ST191401",2
